reviews,ratings
‡πÄ‡∏õ‡πá‡∏ô‡πÇ‡∏£‡∏á‡∏û‡∏¢‡∏≤‡∏ö‡∏≤‡∏•‡∏ó‡∏µ‡πà‡∏î‡∏µ‡∏°‡∏≤‡∏Å‡∏°‡∏≤‡∏£‡∏¢‡∏≤‡∏ó‡∏Å‡∏≤‡∏£‡∏î‡∏µ ‡∏°‡∏µ‡∏Ñ‡∏ß‡∏≤‡∏°‡πÄ‡∏≠‡∏≤‡πÉ‡∏à‡πÉ‡∏™‡πà‡∏Ñ‡∏ô‡πÑ‡∏Ç‡πâ ‡∏´‡∏°‡∏≠‡πÄ‡∏Å‡πà‡∏á‡∏°‡∏≤‡∏Å. ‡∏û‡∏¢‡∏≤‡∏ö‡∏≤‡∏•‡πÑ‡∏°‡πà‡∏ó‡∏≥‡∏™‡∏µ‡∏´‡∏ô‡πâ‡∏≤‡∏£‡∏≥‡∏Ñ‡∏≤‡∏ç‡∏Ñ‡πà‡∏∞ ‡πÇ‡∏£‡∏á‡∏≠‡∏≤‡∏´‡∏≤‡∏£ ‡∏™‡∏∞‡∏≠‡∏≤‡∏î ‡∏î‡∏µ‡∏°‡∏≤‡∏Å‡∏Ñ‡πà‡∏∞‡πÉ‡∏ô‡∏™‡πà‡∏ß‡∏ô‡∏Ç‡∏≠‡∏á‡πÅ‡∏ú‡∏ô‡∏Å‡∏™‡∏π‡∏ô‡∏ï‡∏¥‡∏ô‡∏≤‡∏£‡∏µ ‡πÉ‡∏ô‡πÄ‡∏£‡∏∑‡πà‡∏≠‡∏á‡∏ö‡∏≠‡∏á‡∏ß‡∏±‡∏Ñ‡∏ã‡∏µ‡∏ô‡πÅ‡∏•‡πÄ‡∏£‡∏∑‡πà‡∏≠‡∏á‡∏†‡∏π‡∏°‡∏¥‡πÅ‡∏û‡πâ‡πÉ‡∏ô‡πÄ‡∏î‡πá‡∏Å‡∏ï‡∏£‡∏ß‡∏à‡∏•‡∏∞‡πÄ‡∏≠‡∏µ‡∏¢‡∏î ‡∏£‡∏±‡∏Å‡∏©‡∏≤‡∏ó‡∏µ‡πà‡∏ô‡∏µ‡πà‡∏´‡∏≤‡∏¢‡∏ó‡∏µ‡πà‡∏ô‡∏µ‡πà ‡∏°‡∏µ‡∏Å‡∏≤‡∏£‡πÄ‡∏≠‡∏Å‡∏ã‡πÄ‡∏£‡∏¢‡πå‡∏ú‡πà‡∏≤‡∏ô‡πÄ‡∏Ñ‡∏£‡∏∑‡πà‡∏≠‡∏á‡∏°‡∏∑‡∏≠‡∏ó‡∏±‡∏ô‡∏™‡∏°‡∏±‡∏¢ ‡∏ú‡∏π‡πâ‡πÄ‡∏ä‡∏µ‡πà‡∏¢‡∏ß‡∏ä‡∏≤‡∏ç‡∏û‡∏π‡∏î‡πÄ‡∏û‡∏£‡∏≤‡∏∞‡πÄ‡∏õ‡πá‡∏ô‡∏Å‡∏±‡∏ô‡πÄ‡∏≠‡∏á‡∏•‡∏π‡∏Å‡∏ä‡∏≤‡∏¢‡πÑ‡∏î‡πâ‡∏ô‡∏≠‡∏ô‡πÇ‡∏£‡∏á‡∏û‡∏¢‡∏≤‡∏ö‡∏≤‡∏•‡∏£‡∏±‡∏Å‡∏©‡∏≤‡∏ï‡∏±‡∏ß‡∏ó‡∏µ‡πà‡∏ô‡∏µ‡πà‡∏°‡∏µ‡∏™‡πà‡∏ß‡∏ô‡∏•‡∏î‡∏≠‡∏≤‡∏´‡∏≤‡∏£‡∏≠‡∏£‡πà‡∏≠‡∏¢‡∏°‡∏≤‡∏Å‡∏Ñ‡πà‡∏∞ ‡∏û‡∏¢‡∏≤‡∏ö‡∏≤‡∏•‡∏™‡∏î‡πÉ‡∏™‡∏°‡∏µ‡∏Ç‡∏≠‡∏á‡πÄ‡∏•‡πà‡∏ô‡πÄ‡∏≠‡∏≤‡πÉ‡∏à‡πÄ‡∏î‡πá‡∏Å,1
‡∏£‡∏π‡πâ‡∏™‡∏∂‡∏Å‡πÑ‡∏î‡πâ‡∏£‡∏±‡∏ö‡∏Ñ‡∏ß‡∏≤‡∏°‡∏£‡∏π‡πâ‡∏à‡∏≤‡∏Å‡∏ö‡∏ó‡∏Ñ‡∏ß‡∏≤‡∏°‡∏ô‡∏µ‡πâ‡∏°‡∏≤‡∏Å‡πÜ‡∏Ñ‡∏£‡∏±‡∏ö ‡πÅ‡∏•‡∏∞‡∏™‡∏≤‡∏°‡∏≤‡∏£‡∏ñ‡∏ô‡∏≥‡πÑ‡∏õ‡πÉ‡∏ä‡πâ‡πÄ‡∏õ‡πá‡∏ô‡∏õ‡∏£‡∏∞‡πÇ‡∏¢‡∏ä‡∏ô‡πå‡πÉ‡∏ô‡∏ä‡∏µ‡∏ß‡∏¥‡∏ï‡∏õ‡∏£‡∏∞‡∏à‡∏≥‡∏ß‡∏±‡∏ô‡πÑ‡∏î‡πâ ‡πÄ‡∏´‡∏°‡∏≤‡∏∞‡∏™‡∏°‡∏Å‡∏±‡∏ö‡∏ú‡∏π‡πâ‡∏≠‡∏≤‡∏à‡∏ó‡∏∏‡∏Å‡πÄ‡∏û‡∏®‡∏ó‡∏∏‡∏Å‡∏ß‡∏±‡∏¢ ‡∏ú‡∏π‡πâ‡∏≠‡πà‡∏≤‡∏ô‡∏™‡∏≤‡∏°‡∏≤‡∏£‡∏ñ‡πÄ‡∏Ç‡πâ‡∏≤‡πÉ‡∏à‡πÉ‡∏ô‡∏ö‡∏ó‡∏Ñ‡∏ß‡∏≤‡∏°‡πÑ‡∏î‡πâ‡∏á‡πà‡∏≤‡∏¢ ‡πÄ‡∏û‡∏£‡∏≤‡∏∞‡∏ö‡∏ó‡∏Ñ‡∏ß‡∏≤‡∏°‡∏î‡πâ‡∏≤‡∏ô‡∏Å‡∏≤‡∏£‡πÅ‡∏û‡∏ó‡∏¢‡πå‡∏à‡∏≤‡∏Å‡πÇ‡∏£‡∏á‡∏û‡∏¢‡∏≤‡∏ö‡∏≤‡∏•‡πÄ‡∏õ‡πá‡∏ô‡∏®‡∏±‡∏û‡∏ó‡πå‡∏ó‡∏µ‡πà‡πÄ‡∏Ç‡πâ‡∏≤‡πÉ‡∏à‡∏á‡πà‡∏≤‡∏¢ ‡πÑ‡∏°‡πà‡∏ã‡∏±‡∏ö‡∏ã‡πâ‡∏≠‡∏ô‡∏Ñ‡∏£‡∏±‡∏ö ‡∏ú‡∏°‡∏à‡∏∞‡∏ä‡πà‡∏ß‡∏¢‡∏ä‡∏µ‡πâ‡πÅ‡∏ô‡∏∞‡πÅ‡∏•‡∏∞‡∏ö‡∏≠‡∏Å‡∏Å‡∏•‡πà‡∏≤‡∏ß‡∏Ñ‡∏ß‡∏≤‡∏°‡∏£‡∏π‡πâ‡∏ô‡∏µ‡πâ‡∏ï‡πà‡∏≠‡∏Ñ‡∏£‡∏±‡∏ö ‡πÅ‡∏•‡∏∞‡∏Å‡πá‡∏™‡πà‡∏ß‡∏ô‡∏ï‡∏±‡∏ß‡πÉ‡∏ä‡πâ‡∏ö‡∏£‡∏¥‡∏Å‡∏≤‡∏£‡∏ó‡∏µ‡πà‡∏ô‡∏µ‡πà‡∏°‡∏≤‡∏´‡∏•‡∏≤‡∏¢‡∏Ñ‡∏£‡∏±‡πâ‡∏á‡∏Ñ‡∏£‡∏±‡∏ö ‡∏ó‡∏≥‡πÉ‡∏´‡πâ‡πÑ‡∏ß‡πâ‡∏ß‡∏≤‡∏á‡πÉ‡∏à‡πÉ‡∏ô‡∏Å‡∏≤‡∏£‡πÉ‡∏ä‡πâ‡∏ö‡∏£‡∏¥‡∏Å‡∏≤‡∏£‡∏Ñ‡∏£‡∏±‡∏ö,1
‡∏£‡∏π‡πâ‡∏™‡∏∂‡∏Å‡πÑ‡∏î‡πâ‡∏£‡∏±‡∏ö‡∏Ñ‡∏ß‡∏≤‡∏°‡∏£‡∏π‡πâ‡∏à‡∏≤‡∏Å‡∏ö‡∏ó‡∏Ñ‡∏ß‡∏≤‡∏°‡∏ô‡∏µ‡πâ‡∏°‡∏≤‡∏Å‡πÜ‡∏Ñ‡∏£‡∏±‡∏ö ‡πÅ‡∏•‡∏∞‡∏™‡∏≤‡∏°‡∏≤‡∏£‡∏ñ‡∏ô‡∏≥‡πÑ‡∏õ‡πÉ‡∏ä‡πâ‡πÄ‡∏õ‡πá‡∏ô‡∏õ‡∏£‡∏∞‡πÇ‡∏¢‡∏ä‡∏ô‡πå‡πÉ‡∏ô‡∏ä‡∏µ‡∏ß‡∏¥‡∏ï‡∏õ‡∏£‡∏∞‡∏à‡∏≥‡∏ß‡∏±‡∏ô‡πÑ‡∏î‡πâ ‡πÄ‡∏´‡∏°‡∏≤‡∏∞‡∏™‡∏°‡∏Å‡∏±‡∏ö‡∏ú‡∏π‡πâ‡∏≠‡∏≤‡∏à‡∏ó‡∏∏‡∏Å‡πÄ‡∏û‡∏®‡∏ó‡∏∏‡∏Å‡∏ß‡∏±‡∏¢ ‡∏ú‡∏π‡πâ‡∏≠‡πà‡∏≤‡∏ô‡∏™‡∏≤‡∏°‡∏≤‡∏£‡∏ñ‡πÄ‡∏Ç‡πâ‡∏≤‡πÉ‡∏à‡πÉ‡∏ô‡∏ö‡∏ó‡∏Ñ‡∏ß‡∏≤‡∏°‡πÑ‡∏î‡πâ‡∏á‡πà‡∏≤‡∏¢ ‡πÄ‡∏û‡∏£‡∏≤‡∏∞‡∏ö‡∏ó‡∏Ñ‡∏ß‡∏≤‡∏°‡∏î‡πâ‡∏≤‡∏ô‡∏Å‡∏≤‡∏£‡πÅ‡∏û‡∏ó‡∏¢‡πå‡∏à‡∏≤‡∏Å‡πÇ‡∏£‡∏á‡∏û‡∏¢‡∏≤‡∏ö‡∏≤‡∏•‡πÄ‡∏õ‡πá‡∏ô‡∏®‡∏±‡∏û‡∏ó‡πå‡∏ó‡∏µ‡πà‡πÄ‡∏Ç‡πâ‡∏≤‡πÉ‡∏à‡∏á‡πà‡∏≤‡∏¢ ‡πÑ‡∏°‡πà‡∏ã‡∏±‡∏ö‡∏ã‡πâ‡∏≠‡∏ô‡∏Ñ‡∏£‡∏±‡∏ö ‡∏ú‡∏°‡∏à‡∏∞‡∏ä‡πà‡∏ß‡∏¢‡∏ä‡∏µ‡πâ‡πÅ‡∏ô‡∏∞‡πÅ‡∏•‡∏∞‡∏ö‡∏≠‡∏Å‡∏Å‡∏•‡πà‡∏≤‡∏ß‡∏Ñ‡∏ß‡∏≤‡∏°‡∏£‡∏π‡πâ‡∏ô‡∏µ‡πâ‡∏ï‡πà‡∏≠‡∏Ñ‡∏£‡∏±‡∏ö ‡πÅ‡∏•‡∏∞‡∏Å‡πá‡∏™‡πà‡∏ß‡∏ô‡∏ï‡∏±‡∏ß‡πÉ‡∏ä‡πâ‡∏ö‡∏£‡∏¥‡∏Å‡∏≤‡∏£‡∏ó‡∏µ‡πà‡∏ô‡∏µ‡πà‡∏°‡∏≤‡∏´‡∏•‡∏≤‡∏¢‡∏Ñ‡∏£‡∏±‡πâ‡∏á‡∏Ñ‡∏£‡∏±‡∏ö ‡∏ó‡∏≥‡πÉ‡∏´‡πâ‡πÑ‡∏ß‡πâ‡∏ß‡∏≤‡∏á‡πÉ‡∏à‡πÉ‡∏ô‡∏Å‡∏≤‡∏£‡πÉ‡∏ä‡πâ‡∏ö‡∏£‡∏¥‡∏Å‡∏≤‡∏£‡∏Ñ‡∏£‡∏±‡∏ö,1
‡πÇ‡∏£‡∏á‡∏û‡∏¢‡∏≤‡∏ö‡∏≤‡∏•‡∏ö‡∏≥‡∏£‡∏∏‡∏á‡∏£‡∏≤‡∏©‡∏é‡∏£‡πå ‡πÉ‡∏´‡πâ‡∏ö‡∏£‡∏¥‡∏Å‡∏≤‡∏£‡∏î‡∏µ‡πÄ‡∏¢‡∏µ‡πà‡∏¢‡∏° ‡∏û‡∏¢‡∏≤‡∏ö‡∏≤‡∏• ‡πÉ‡∏´‡πâ‡∏Ñ‡∏ß‡∏≤‡∏°‡∏ï‡πâ‡∏≠‡∏ô‡∏£‡∏±‡∏ö‡πÄ‡∏õ‡πá‡∏ô‡∏≠‡∏¢‡πà‡∏≤‡∏á‡∏î‡∏µ ‡∏≠‡∏∏‡∏õ‡∏Å‡∏£‡∏ì‡πå‡∏Ñ‡∏£‡∏ö‡∏Ñ‡∏£‡∏±‡∏ô‡∏ó‡∏±‡∏ô‡∏™‡∏°‡∏±‡∏¢ ‡∏£‡∏≤‡∏Ñ‡∏≤‡∏¢‡πà‡∏≠‡∏°‡πÄ‡∏¢‡∏≤ ‡∏£‡∏±‡∏Å‡∏©‡∏≤‡∏ó‡∏∏‡∏Å‡πÇ‡∏£‡∏Ñ‡∏ñ‡∏π‡∏Å‡∏ó‡∏≤‡∏á ‡∏ï‡∏±‡∏ß‡∏¢‡∏≤ ‡∏Å‡∏¥‡∏ô‡∏î‡∏µ‡∏°‡∏≤‡∏Å ‡∏´‡∏≤‡∏¢‡πÑ‡∏ß‡πÜ ‡∏ö‡∏£‡∏¥‡∏Å‡∏≤‡∏£‡∏™‡∏∞‡∏î‡∏ß‡∏Å‡πÅ‡∏•‡∏∞‡∏£‡∏ß‡∏î‡πÄ‡∏£‡πá‡∏ß ‡πÑ‡∏°‡πà‡∏ï‡πâ‡∏≠‡∏á‡∏£‡∏≠‡∏ô‡∏≤‡∏ô ‡∏≠‡∏¢‡∏≤‡∏Å‡πÉ‡∏´‡πâ‡∏Ñ‡∏ô‡∏ó‡∏µ‡πà‡πÑ‡∏°‡πà‡πÄ‡∏Ñ‡∏¢‡∏°‡∏≤‡πÉ‡∏ä‡πâ‡∏ö‡∏£‡∏¥‡∏Å‡∏≤‡∏£ ‡∏°‡∏≤‡∏•‡∏≠‡∏á‡πÉ‡∏ä‡πâ‡∏î‡∏π‡∏ô‡∏∞‡∏Ñ‡∏∞ ‡πÉ‡∏Ñ‡∏£ ‡∏ó‡∏µ‡πà ‡∏≠‡∏¢‡∏π‡πà‡πÉ‡∏Å‡∏•‡πâ‡πÜ ‡∏•‡∏≠‡∏á‡πÑ‡∏õ‡πÉ‡∏ä‡πâ‡∏ö‡∏£‡∏¥‡∏Å‡∏≤‡∏£‡∏î‡∏π‡πÑ‡∏î‡πâ‡∏ô‡∏∞‡∏Ñ‡∏∞‡∏Ñ‡∏∏‡∏ì‡∏´‡∏°‡∏≠‡πÄ‡∏õ‡πá‡∏ô‡∏Å‡∏±‡∏ô‡πÄ‡∏≠‡∏á‡∏Ñ‡πà‡∏∞‡∏ñ‡∏≤‡∏°‡∏≠‡∏∞‡πÑ‡∏£‡∏ï‡∏≠‡∏ö‡πÑ‡∏î‡πâ‡∏Ñ‡πà‡∏∞ ‡πÉ‡∏´‡πâ‡∏Ñ‡∏ß‡∏≤‡∏°‡∏°‡∏±‡πà‡∏ô‡πÉ‡∏à‡∏Å‡∏±‡∏ö‡∏Ñ‡∏ô ‡πÑ‡∏Ç‡πâ‡πÑ‡∏î‡πâ‡∏≠‡∏¢‡πà‡∏≤‡∏á‡∏î‡∏µ‡πÄ‡∏¢‡∏µ‡πà‡∏¢‡∏°,1
‡∏£‡∏π‡πâ‡∏™‡∏∂‡∏Å‡πÑ‡∏î‡πâ‡∏£‡∏±‡∏ö‡∏Ñ‡∏ß‡∏≤‡∏°‡∏£‡∏π‡πâ‡∏à‡∏≤‡∏Å‡∏ö‡∏ó‡∏Ñ‡∏ß‡∏≤‡∏°‡∏ô‡∏µ‡πâ‡∏°‡∏≤‡∏Å‡πÜ‡∏Ñ‡∏£‡∏±‡∏ö ‡πÅ‡∏•‡∏∞‡∏™‡∏≤‡∏°‡∏≤‡∏£‡∏ñ‡∏ô‡∏≥‡πÑ‡∏õ‡πÉ‡∏ä‡πâ‡πÄ‡∏õ‡πá‡∏ô‡∏õ‡∏£‡∏∞‡πÇ‡∏¢‡∏ä‡∏ô‡πå‡πÉ‡∏ô‡∏ä‡∏µ‡∏ß‡∏¥‡∏ï‡∏õ‡∏£‡∏∞‡∏à‡∏≥‡∏ß‡∏±‡∏ô‡πÑ‡∏î‡πâ ‡πÄ‡∏´‡∏°‡∏≤‡∏∞‡∏™‡∏°‡∏Å‡∏±‡∏ö‡∏ú‡∏π‡πâ‡∏≠‡∏≤‡∏à‡∏ó‡∏∏‡∏Å‡πÄ‡∏û‡∏®‡∏ó‡∏∏‡∏Å‡∏ß‡∏±‡∏¢ ‡∏ú‡∏π‡πâ‡∏≠‡πà‡∏≤‡∏ô‡∏™‡∏≤‡∏°‡∏≤‡∏£‡∏ñ‡πÄ‡∏Ç‡πâ‡∏≤‡πÉ‡∏à‡πÉ‡∏ô‡∏ö‡∏ó‡∏Ñ‡∏ß‡∏≤‡∏°‡πÑ‡∏î‡πâ‡∏á‡πà‡∏≤‡∏¢ ‡πÄ‡∏û‡∏£‡∏≤‡∏∞‡∏ö‡∏ó‡∏Ñ‡∏ß‡∏≤‡∏°‡∏î‡πâ‡∏≤‡∏ô‡∏Å‡∏≤‡∏£‡πÅ‡∏û‡∏ó‡∏¢‡πå‡∏à‡∏≤‡∏Å‡πÇ‡∏£‡∏á‡∏û‡∏¢‡∏≤‡∏ö‡∏≤‡∏•‡πÄ‡∏õ‡πá‡∏ô‡∏®‡∏±‡∏û‡∏ó‡πå‡∏ó‡∏µ‡πà‡πÄ‡∏Ç‡πâ‡∏≤‡πÉ‡∏à‡∏á‡πà‡∏≤‡∏¢ ‡πÑ‡∏°‡πà‡∏ã‡∏±‡∏ö‡∏ã‡πâ‡∏≠‡∏ô‡∏Ñ‡∏£‡∏±‡∏ö ‡∏ú‡∏°‡∏à‡∏∞‡∏ä‡πà‡∏ß‡∏¢‡∏ä‡∏µ‡πâ‡πÅ‡∏ô‡∏∞‡πÅ‡∏•‡∏∞‡∏ö‡∏≠‡∏Å‡∏Å‡∏•‡πà‡∏≤‡∏ß‡∏Ñ‡∏ß‡∏≤‡∏°‡∏£‡∏π‡πâ‡∏ô‡∏µ‡πâ‡∏ï‡πà‡∏≠‡∏Ñ‡∏£‡∏±‡∏ö ‡πÅ‡∏•‡∏∞‡∏Å‡πá‡∏™‡πà‡∏ß‡∏ô‡∏ï‡∏±‡∏ß‡πÉ‡∏ä‡πâ‡∏ö‡∏£‡∏¥‡∏Å‡∏≤‡∏£‡∏ó‡∏µ‡πà‡∏ô‡∏µ‡πà‡∏°‡∏≤‡∏´‡∏•‡∏≤‡∏¢‡∏Ñ‡∏£‡∏±‡πâ‡∏á‡∏Ñ‡∏£‡∏±‡∏ö ‡∏ó‡∏≥‡πÉ‡∏´‡πâ‡πÑ‡∏ß‡πâ‡∏ß‡∏≤‡∏á‡πÉ‡∏à‡πÉ‡∏ô‡∏Å‡∏≤‡∏£‡πÉ‡∏ä‡πâ‡∏ö‡∏£‡∏¥‡∏Å‡∏≤‡∏£‡∏Ñ‡∏£‡∏±‡∏ö,1
‡∏£‡∏±‡∏Å‡∏©‡∏≤‡πÅ‡∏•‡∏∞‡∏Å‡∏≤‡∏≤‡∏ö‡∏£‡∏¥‡∏Å‡∏≤‡∏£‡∏î‡∏µ‡∏°‡∏≤‡∏Å‡πÄ‡∏•‡∏¢‡∏Ñ‡∏£‡∏±‡∏ö ‡∏Ñ‡∏∏‡∏ì‡∏´‡∏°‡∏≠ ‡πÅ‡∏•‡∏∞ ‡∏û‡∏¢‡∏≤‡∏ö‡∏≤‡∏•‡πÉ‡∏à‡∏î‡∏µ‡∏Ñ‡∏≠‡∏¢‡πÉ‡∏´‡πâ‡∏Ñ‡∏≥‡πÅ‡∏ô‡∏∞‡∏ô‡∏≥‡∏ä‡πà‡∏ß‡∏¢‡πÄ‡∏´‡∏•‡∏∑‡∏≠‡πÉ‡∏ô‡∏ó‡∏∏‡∏Å‡πÜ‡∏≠‡∏¢‡πà‡∏≤‡∏á‡∏Ñ‡∏£‡∏±‡∏ö ‡∏ó‡∏µ‡πà‡∏ô‡∏µ‡πà ‡πÄ‡∏õ‡πá‡∏ô‡πÇ‡∏£‡∏á‡∏ö‡∏≤‡∏•‡∏ó‡∏µ‡πà‡∏ï‡∏≠‡∏ö‡πÇ‡∏ï‡∏ó‡∏¢‡πå‡∏Ç‡∏≠‡∏á‡πÉ‡∏Ñ‡∏£‡πÜ‡∏´‡∏≤‡∏¢‡∏Ñ‡∏ô ‡πÄ‡∏Ñ‡∏¢‡∏°‡∏≤ ‡∏£‡∏±‡∏Å‡∏©‡∏≤‡πÅ‡∏•‡πâ‡∏ß ‡∏Ñ‡∏£‡∏±‡πâ‡∏á‡∏ô‡∏∂‡∏á‡∏£‡∏π‡πâ‡∏™‡∏∂‡∏Å ‡∏õ‡∏£‡∏∞‡∏ó‡∏±‡∏ö‡πÉ‡∏à‡∏≠‡∏∏‡∏õ‡∏Å‡∏£‡∏ì‡πå‡πÄ‡∏Ñ‡∏£‡∏∑‡πà‡∏≠‡∏á‡∏°‡∏∑‡∏≠‡∏Å‡∏≤‡∏£‡∏£‡∏±‡∏Å‡∏©‡∏≤‡∏ï‡πà‡∏≤‡∏á‡πÜ‡∏≠‡∏•‡∏∞‡∏Ñ‡∏∏‡∏ì‡∏´‡∏°‡∏≠‡∏ó‡∏µ‡πà ‡∏°‡∏≤‡∏Å‡∏î‡πâ‡∏ß‡∏¢‡∏õ‡∏£‡∏∞‡∏™‡∏ö‡∏Å‡∏≤‡∏£‡∏ì‡πå‡πÅ‡∏•‡∏∞‡∏Ñ‡∏≠‡∏¢ ‡πÅ‡∏ô‡∏∞‡∏ô‡∏≥‡∏™‡∏¥‡πà‡∏á ‡∏ï‡πà‡∏≤‡∏≤‡∏á‡πÜ‡∏≠‡∏¢‡∏π‡πà‡πÄ‡∏™‡∏°‡∏≠‡πÜ ‡∏Ç‡∏≠‡πÅ‡∏ô‡∏∞‡∏ô‡∏≥‡πÉ‡∏´‡πâ ‡∏ó‡∏∏‡∏Å‡∏ó‡πà‡∏≤‡∏ô ‡∏•‡∏≠‡∏á‡∏°‡∏≤‡πÑ‡∏î‡πâ‡∏™‡∏±‡∏°‡∏ú‡∏±‡∏™‡∏Å‡∏±‡∏ö‡∏Å‡∏≤‡∏£‡∏£‡∏±‡∏Å‡∏©‡∏≤‡∏ó‡∏µ‡πà‡∏Ñ‡∏£‡∏ö‡πÄ‡∏Ñ‡∏£‡∏∑‡πà‡∏≠‡∏á ‡πÉ‡∏ô‡∏ó‡∏∏‡∏Å‡πÜ‡∏î‡πâ‡∏≤‡∏ô‡πÜ‡πÅ‡∏•‡∏∞ ‡∏Ç‡∏≠‡∏ö‡∏≠‡∏Å‡πÄ‡∏•‡∏¢‡∏Ñ‡∏£‡∏±‡∏ö ‡∏û‡∏¢‡∏≤‡∏ö‡∏≤‡∏• ‡∏ó‡∏µ‡πà ‡∏ô‡∏µ‡πâ‡πÉ‡∏™‡πà‡πÉ‡∏à‡∏î‡∏π‡πÅ‡∏• ‡πÄ‡∏õ‡πá‡∏ô‡∏Å‡∏±‡∏ô‡πÄ‡∏≠‡∏á‡∏°‡∏≤‡∏Å‡∏Ñ‡∏£‡∏±‡∏ö,1
‡πÄ‡∏û‡∏¥‡πà‡∏á‡πÑ‡∏õ‡∏â‡∏µ‡∏î‡∏ß‡∏±‡∏Ñ‡∏ã‡∏±‡∏ô‡∏°‡∏≤‡∏Ñ‡πà‡∏∞‡∏û‡∏¢‡∏≤‡∏ö‡∏≤‡∏•‡∏°‡∏∑‡∏≠‡πÄ‡∏ö‡∏≤‡∏°‡∏≤‡∏Å‡∏Å‡∏Å‡∏Å‡∏Å‡∏Å‡∏Å ‡πÑ‡∏°‡πà‡πÄ‡∏à‡πá‡∏ö‡πÄ‡∏•‡∏¢‡πÑ‡∏õ‡∏â‡∏µ‡∏î‡∏°‡∏≤4‡πÄ‡∏Ç‡πá‡∏°‡∏Ñ‡πà‡∏∞5555555 ‡∏Ñ‡∏∏‡∏ì‡∏´‡∏°‡∏≠‡πÉ‡∏à‡∏î‡∏µ‡∏°‡∏≤‡∏Å ‡∏û‡∏¢‡∏≤‡∏ö‡∏≤‡∏•‡∏Å‡πá‡∏î‡∏π‡πÄ‡πÄ‡∏•‡∏î‡∏µ‡∏°‡∏≤‡∏Å‡πÄ‡∏ä‡πà‡∏ô‡∏Å‡∏±‡∏ô‡∏Ñ‡πà‡∏∞ ‡πÑ‡∏î‡πâ‡∏Ñ‡∏ß‡∏≤‡∏°‡∏£‡∏π‡πâ‡∏à‡∏≤‡∏Å‡∏ö‡∏ó‡∏Ñ‡∏ß‡∏≤‡∏°‡∏Ç‡∏≠‡∏á‡πÇ‡∏£‡∏á‡∏û‡∏¢‡∏≤‡∏ö‡∏≤‡∏•‡∏ô‡∏µ‡πâ‡∏°‡∏≤‡∏Å‡πÄ‡∏ä‡πà‡∏ô‡∏Å‡∏±‡∏ô ‡∏ö‡∏∏‡∏Ñ‡∏•‡∏≤‡∏Å‡∏£‡∏ó‡∏≤‡∏á‡∏Å‡∏≤‡∏£‡πÅ‡∏û‡∏ó‡∏¢‡πå‡∏Ç‡∏≠‡∏á‡∏ó‡∏µ‡πà‡∏ô‡∏µ‡πà‡∏°‡∏µ‡∏Ñ‡∏ß‡∏≤‡∏°‡πÄ‡∏õ‡πá‡∏ô‡∏°‡∏∑‡∏≠‡∏≠‡∏≤‡∏ä‡∏µ‡∏û ‡πÄ‡∏≠‡∏≤‡πÉ‡∏à‡πÉ‡∏™‡πà‡πÄ‡πÄ‡∏•‡∏∞‡∏î‡∏π‡πÄ‡πÄ‡∏•‡∏ú‡∏π‡πâ‡∏õ‡πà‡∏ß‡∏¢‡∏î‡∏µ‡∏°‡∏≤‡∏Å‡∏Ñ‡πà‡∏∞ ‡πÑ‡∏°‡πà‡πÄ‡∏™‡∏µ‡∏¢‡πÄ‡∏ß‡∏•‡∏≤‡∏£‡∏≠‡∏ô‡∏≤‡∏ô‡∏î‡πâ‡∏ß‡∏¢ ‡πÇ‡∏£‡∏á‡∏û‡∏¢‡∏≤‡∏ö‡∏≤‡∏•‡∏ó‡∏±‡∏ô‡∏™‡∏°‡∏±‡∏¢‡πÄ‡πÄ‡∏•‡∏∞‡∏™‡∏∞‡∏≠‡∏≤‡∏î‡∏°‡∏≤‡∏Å‡πÄ‡∏ä‡πà‡∏ô‡∏Å‡∏±‡∏ô‡∏Ñ‡πà‡∏∞ ‡∏£‡∏π‡πâ‡∏™‡∏∂‡∏Å‡∏î‡∏µ‡∏ó‡∏µ‡πà‡πÑ‡∏î‡πâ‡πÉ‡∏ä‡πà‡∏ö‡∏£‡∏¥‡∏Å‡∏≤‡∏£‡∏Ç‡∏≠‡∏á‡∏ó‡∏µ‡πà‡∏ô‡∏µ‡πà‡∏Ñ‡πà‡∏∞,1
‡∏£‡∏π‡πâ‡∏™‡∏∂‡∏Å‡πÑ‡∏î‡πâ‡∏£‡∏±‡∏ö‡∏Ñ‡∏ß‡∏≤‡∏°‡∏£‡∏π‡πâ‡∏à‡∏≤‡∏Å‡∏ö‡∏ó‡∏Ñ‡∏ß‡∏≤‡∏°‡∏ô‡∏µ‡πâ‡∏°‡∏≤‡∏Å‡πÜ‡∏Ñ‡πà‡∏∞ ‡πÅ‡∏•‡∏∞‡∏™‡∏≤‡∏°‡∏≤‡∏£‡∏ñ‡∏ô‡∏≥‡πÑ‡∏õ‡πÉ‡∏ä‡πâ‡πÄ‡∏õ‡πá‡∏ô‡∏õ‡∏£‡∏∞‡πÇ‡∏¢‡∏ä‡∏ô‡πå‡πÉ‡∏ô‡∏ä‡∏µ‡∏ß‡∏¥‡∏ï‡∏õ‡∏£‡∏∞‡∏à‡∏≥‡∏ß‡∏±‡∏ô‡πÑ‡∏î‡πâ ‡πÄ‡∏´‡∏°‡∏≤‡∏∞‡∏™‡∏°‡∏Å‡∏±‡∏ö‡∏ú‡∏π‡πâ‡∏≠‡∏≤‡∏à‡∏ó‡∏∏‡∏Å‡πÄ‡∏û‡∏®‡∏ó‡∏∏‡∏Å‡∏ß‡∏±‡∏¢ ‡∏ú‡∏π‡πâ‡∏≠‡πà‡∏≤‡∏ô‡∏™‡∏≤‡∏°‡∏≤‡∏£‡∏ñ‡πÄ‡∏Ç‡πâ‡∏≤‡πÉ‡∏à‡πÉ‡∏ô‡∏ö‡∏ó‡∏Ñ‡∏ß‡∏≤‡∏°‡πÑ‡∏î‡πâ‡∏á‡πà‡∏≤‡∏¢ ‡πÄ‡∏û‡∏£‡∏≤‡∏∞‡∏ö‡∏ó‡∏Ñ‡∏ß‡∏≤‡∏°‡∏î‡πâ‡∏≤‡∏ô‡∏Å‡∏≤‡∏£‡πÅ‡∏û‡∏ó‡∏¢‡πå‡∏à‡∏≤‡∏Å‡πÇ‡∏£‡∏á‡∏û‡∏¢‡∏≤‡∏ö‡∏≤‡∏•‡πÄ‡∏õ‡πá‡∏ô‡∏®‡∏±‡∏û‡∏ó‡πå‡∏ó‡∏µ‡πà‡πÄ‡∏Ç‡πâ‡∏≤‡πÉ‡∏à‡∏á‡πà‡∏≤‡∏¢ ‡πÑ‡∏°‡πà‡∏ã‡∏±‡∏ö‡∏ã‡πâ‡∏≠‡∏ô‡∏Ñ‡πà‡∏∞ ‡∏î‡∏¥‡∏â‡∏±‡∏ô‡∏à‡∏∞‡∏ä‡πà‡∏ß‡∏¢‡∏ä‡∏µ‡πâ‡πÅ‡∏ô‡∏∞‡πÅ‡∏•‡∏∞‡∏ö‡∏≠‡∏Å‡∏Å‡∏•‡πà‡∏≤‡∏ß‡∏Ñ‡∏ß‡∏≤‡∏°‡∏£‡∏π‡πâ‡∏ô‡∏µ‡πâ‡∏ï‡πà‡∏≠‡∏Ñ‡πà‡∏∞  ‡πÅ‡∏•‡∏∞‡∏Å‡πâ‡∏™‡πà‡∏ß‡∏ô‡∏ï‡∏±‡∏ß‡πÉ‡∏ä‡πâ‡∏ö‡∏£‡∏¥‡∏Å‡∏≤‡∏£‡∏ó‡∏µ‡πà‡∏ô‡∏µ‡πà‡∏°‡∏≤‡∏´‡∏•‡∏≤‡∏¢‡∏Ñ‡∏£‡∏±‡πâ‡∏á‡∏Ñ‡πà‡∏∞ ‡∏ó‡∏≥‡πÉ‡∏´‡πâ‡πÑ‡∏ß‡πâ‡∏ß‡∏≤‡∏á‡πÉ‡∏à‡πÉ‡∏ô‡∏Å‡∏≤‡∏£‡πÉ‡∏ä‡πâ‡∏ö‡∏£‡∏¥‡∏Å‡∏≤‡∏£‡∏Ñ‡πà‡∏∞,1
‡∏™‡πà‡∏ß‡∏ô‡∏ï‡∏±‡∏ß‡πÅ‡∏•‡πâ‡∏ß‡πÉ‡∏ä‡πâ‡∏ö‡∏£‡∏¥‡∏Å‡∏≤‡∏£‡∏ó‡∏µ‡πà‡∏ô‡∏µ‡πà‡∏ï‡∏±‡πâ‡∏á‡πÅ‡∏ï‡πà‡πÄ‡∏î‡πá‡∏Å‡∏à‡∏≥‡∏Ñ‡∏ß‡∏≤‡∏°‡πÑ‡∏î‡πâ‡πÄ‡∏•‡∏¢‡∏Ñ‡πà‡∏∞ ‡∏°‡∏≤‡∏â‡∏µ‡∏î‡∏ß‡∏±‡∏Ñ‡∏ã‡∏µ‡∏ô‡∏ó‡∏µ‡πà‡∏ô‡∏µ‡πà‡∏ó‡∏∏‡∏Å‡∏õ‡∏µ ‡∏õ‡∏£‡∏∞‡∏ó‡∏±‡∏ö‡πÉ‡∏à‡∏ó‡∏∏‡∏Å‡∏Ñ‡∏£‡∏±‡πâ‡∏á‡∏ó‡∏µ‡πà‡∏°‡∏≤‡πÄ‡∏•‡∏¢‡∏Ñ‡πà‡∏∞ ‡∏Ñ‡∏∏‡∏ì‡∏´‡∏°‡∏≠‡∏ô‡πà‡∏≤‡∏£‡∏±‡∏Å‡∏°‡∏≤‡∏Å‡πÜ ‡∏°‡∏µ‡∏Ñ‡∏ß‡∏≤‡∏°‡πÄ‡∏õ‡πá‡∏ô‡∏Å‡∏±‡∏ô‡πÄ‡∏≠‡∏á ‡∏™‡∏≤‡∏°‡∏≤‡∏£‡∏ñ‡∏≠‡∏ò‡∏¥‡∏ö‡∏≤‡∏¢‡∏™‡∏¥‡πà‡∏á‡∏ï‡πà‡∏≤‡∏á‡πÜ‡πÉ‡∏´‡πâ‡πÄ‡∏£‡∏≤‡πÄ‡∏Ç‡πâ‡∏≤‡πÉ‡∏à‡∏á‡πà‡∏≤‡∏¢‡∏°‡∏≤‡∏Å‡∏Ñ‡πà‡∏∞ ‡∏û‡∏µ‡πà‡∏û‡∏¢‡∏≤‡∏ö‡∏≤‡∏•‡∏î‡∏π‡πÅ‡∏•‡∏î‡∏µ ‡πÄ‡∏≠‡∏≤‡πÉ‡∏à‡πÉ‡∏™‡πà‡∏ó‡∏∏‡∏Å‡∏£‡∏≤‡∏¢‡∏•‡∏∞‡πÄ‡∏≠‡∏µ‡∏¢‡∏î‡∏Ñ‡πà‡∏∞ ‡∏ñ‡∏∂‡∏á‡πÅ‡∏°‡πâ‡∏ö‡∏≤‡∏á‡∏Ñ‡∏£‡∏±‡πâ‡∏á‡∏à‡∏∞‡∏ï‡πâ‡∏≠‡∏á‡∏£‡∏≠‡∏ô‡∏≤‡∏ô‡∏ô‡∏¥‡∏î‡∏´‡∏ô‡πà‡∏≠‡∏¢ ‡πÅ‡∏ï‡πà‡πÄ‡∏õ‡πá‡∏ô‡πÇ‡∏£‡∏á‡∏û‡∏¢‡∏≤‡∏ö‡∏≤‡∏•‡∏ó‡∏µ‡πà‡∏î‡∏µ‡∏°‡∏≤‡∏Å‡πÄ‡∏•‡∏¢‡∏Ñ‡πà‡∏∞ ‡∏°‡∏µ‡∏™‡∏¥‡πà‡∏á‡∏≠‡∏≥‡∏ô‡∏ß‡∏¢‡∏Ñ‡∏ß‡∏≤‡∏°‡∏™‡∏∞‡∏î‡∏ß‡∏Å‡∏Ñ‡∏£‡∏ö ‡∏™‡∏∞‡∏≠‡∏≤‡∏î ‡∏£‡∏π‡πâ‡∏™‡∏∂‡∏Å‡∏õ‡∏£‡∏∞‡∏ó‡∏±‡∏ö‡πÉ‡∏à‡∏ó‡∏∏‡∏Å‡∏Ñ‡∏£‡∏±‡πâ‡∏á,1
‡∏ö‡∏£‡∏¥‡∏Å‡∏≤‡∏≤‡∏£‡∏î‡∏µ‡∏°‡∏≤‡∏Å‡∏Ñ‡πà‡∏∞ ‡∏û‡∏π‡∏î‡πÄ‡∏û‡∏£‡∏≤‡∏∞ ‡∏î‡∏π‡πÅ‡∏•‡∏î‡∏µ ‡πÑ‡∏õ‡∏´‡∏≤‡∏´‡∏°‡∏≠‡∏Ñ‡∏£‡∏±‡πâ‡∏á‡πÅ‡∏£‡∏Å‡∏Ñ‡πà‡∏∞ ‡πÄ‡∏û‡∏£‡∏≤‡∏∞‡πÑ‡∏õ‡πÄ‡∏¢‡∏µ‡πà‡∏¢‡∏°‡∏ç‡∏≤‡∏ï ‡∏™‡πà‡∏á‡∏ô‡∏ï‡∏±‡∏ß‡πÅ‡∏•‡πâ‡∏ß‡∏≠‡∏¢‡∏π‡πà‡∏à‡∏±‡∏á‡∏´‡∏ß‡∏±‡∏î‡πÄ‡∏•‡∏¢ ‡∏ö‡∏£‡∏¥‡∏Å‡∏≤‡∏£‡∏î‡∏µ‡∏°‡∏≤‡∏Å‡πÜ‡∏Ñ‡πà‡∏∞ ‡πÄ‡∏õ‡πá‡∏ô‡∏Å‡∏±‡∏ô‡πÄ‡∏≠‡∏á ‡∏û‡∏π‡∏î‡πÄ‡∏û‡∏£‡∏≤‡∏∞ ‡∏î‡∏π‡πÅ‡∏•‡πÄ‡∏£‡∏≤‡∏î‡∏µ‡∏°‡∏≤‡∏Å‡πÜ‡∏Ñ‡πà‡∏∞ ‡∏ô‡πà‡∏≤‡∏£‡∏±‡∏Å‡∏°‡∏≤‡∏Å‡πÜ ‡∏ó‡∏±‡πâ‡∏á‡∏´‡∏°‡∏≠ ‡∏ó‡∏±‡πâ‡∏á‡∏û‡∏¢‡∏≤‡∏ö‡∏≤‡∏• ‡∏ñ‡∏≤‡∏°‡∏û‡∏π‡∏î‡∏Ñ‡∏∏‡∏¢‡πÄ‡∏õ‡πá‡∏ô‡∏Å‡∏±‡∏ô‡πÄ‡∏≠‡∏á‡∏°‡∏≤‡∏Å‡∏Ñ‡πà‡∏∞ ‡πÄ‡∏£‡∏≤‡∏Å‡πá‡∏ô‡∏±‡∏Å‡∏ß‡πà‡∏≤ ‡πÄ‡∏≠‡∏≠‡∏ô‡∏±‡πà‡∏á‡∏Ñ‡∏∏‡∏¢‡∏≠‡∏¢‡∏π‡πà‡∏Å‡∏±‡∏ö‡πÅ‡∏°‡πà‡∏£‡∏∂‡∏õ‡πà‡∏≤‡∏ß 5555555556 ‡πÑ‡∏°‡πà‡∏Ñ‡∏∑‡∏î‡πÄ‡∏•‡∏¢‡∏ß‡πà‡∏≤‡∏ô‡∏±‡πà‡∏á‡∏Ñ‡∏∏‡∏¢‡∏≠‡∏¢‡∏π‡πà‡∏Å‡∏∞‡∏´‡∏°‡∏≠ ‡πÉ‡∏à‡∏î‡∏µ‡∏°‡∏≤‡∏Å‡∏Ñ‡πà‡∏∞ ‡∏≠‡∏≤‡∏£‡∏°‡∏ì‡πå‡∏î‡∏µ ‡∏ä‡∏ß‡∏ô‡∏û‡∏π‡∏î‡∏ä‡∏ß‡∏ô‡∏´‡∏±‡∏ß‡πÄ‡∏£‡∏≤‡∏∞‡∏ï‡∏•‡∏≠‡∏î‡πÄ‡∏ß‡∏•‡∏≤ ‡πÑ‡∏°‡πà‡∏ó‡∏≥‡πÉ‡∏´‡πâ‡πÄ‡∏Ñ‡∏£‡∏µ‡∏¢‡∏î‡πÄ‡∏•‡∏¢‡∏Ñ‡πà‡∏∞ ‡∏Ñ‡∏∏‡∏ì‡πÅ‡∏°‡πà‡∏°‡∏µ‡∏≤‡∏≤‡∏°‡∏ó‡∏∑‡∏£‡∏Å‡∏¢‡∏ó‡∏µ‡πà‡πÑ‡∏õ‡∏î‡πâ‡∏ß‡∏¢‡πÅ‡∏Å‡∏Å‡πá‡∏´‡∏±‡∏ß‡πÄ‡∏£‡∏≤‡∏∞‡∏°‡∏µ‡∏Ñ‡∏ß‡∏≤‡∏°‡∏™‡∏∏‡∏Ç‡πÑ‡∏õ‡∏î‡πâ‡∏ß‡∏¢,1
"‡∏Ñ‡∏∏‡∏ì‡∏´‡∏°‡∏≠‡∏î‡∏π‡πÅ‡∏•‡∏î‡∏µ‡∏°‡∏≤‡∏Å‡πÄ‡∏õ‡πá‡∏ô‡∏Å‡∏±‡∏ô‡πÄ‡∏≠‡∏á‡πÑ‡∏°‡πà‡∏ï‡∏∂‡∏á‡πÄ‡∏Ñ‡∏£‡∏µ‡∏¢‡∏î
‡∏™‡∏ö‡∏≤‡∏¢‡πÜ ‡∏û‡∏¢‡∏≤‡∏ö‡∏≤‡∏•‡∏Å‡πá‡πÄ‡∏ü‡∏£‡∏•‡∏µ‡πà ‡πÄ‡∏õ‡πá‡∏ô‡∏Å‡∏±‡∏ô‡πÄ‡∏≠‡∏á ‡∏î‡∏π‡πÅ‡∏•‡πÅ‡∏ö‡∏ö‡∏™‡∏ö‡∏≤‡∏¢‡πÜ ‡∏Ñ‡∏∏‡∏ì‡∏´‡∏°‡∏≠‡πÅ‡∏•‡∏∞‡∏û‡∏¢‡∏≤‡∏ö‡∏≤‡∏•‡∏î‡∏π‡πÄ‡∏ä‡∏µ‡πà‡∏¢‡∏ß‡∏ä‡∏≤‡∏ç‡∏°‡∏≤‡∏Å‡∏≠‡∏∞ ‡πÑ‡∏°‡πà‡πÄ‡∏î‡πã‡∏≠‡πÜ‡∏î‡πã‡∏≤‡πÜ ‡∏´‡∏°‡∏≠‡∏ô‡∏µ‡πà‡∏Ñ‡∏∑‡∏≠‡∏î‡∏ú‡∏∏‡∏≠‡∏≤‡∏Å‡∏≤‡∏£‡∏Å‡πá‡∏£‡∏π‡πâ‡πÄ‡∏•‡∏¢‡∏≠‡∏∞‡∏ß‡πà‡∏≤‡πÄ‡∏õ‡πá‡∏ô‡∏≠‡∏∞‡πÑ‡∏£ ‡∏Ñ‡∏∑‡∏≠‡πÅ‡∏ö‡∏ö‡∏°‡∏±‡∏ô‡∏î‡∏µ‡∏°‡∏≤‡∏Å ‡πÇ‡∏£‡∏á‡∏û‡∏¢‡∏≤‡∏ö‡∏≤‡∏•‡∏ô‡∏µ‡πâ ‡∏ö‡∏£‡∏¥‡∏Å‡∏≤‡∏£‡∏î‡∏µ ‡∏≠‡∏∞‡πÑ‡∏£‡∏î‡∏µ‡∏´‡∏°‡∏î‡πÄ‡∏•‡∏¢ ‡∏´‡πâ‡∏≠‡∏á‡∏ô‡πâ‡∏≥‡∏Å‡πá‡∏™‡∏∞‡∏≠‡∏≤‡∏î‡πÑ‡∏°‡πà‡∏ß‡∏∏‡πà‡∏ô‡∏ß‡∏≤‡∏¢‡πÄ‡∏´‡∏°‡∏∑‡∏≠‡∏ô ‡πÇ‡∏£‡∏á‡∏û‡∏¢‡∏≤‡∏ö‡∏≤‡∏•‡∏≠‡∏∑‡πà‡∏ô‡πÜ ‡∏ó‡∏∏‡∏Å‡∏Ñ‡∏ô‡∏ô‡πà‡∏≤‡∏£‡∏±‡∏Å‡∏°‡∏≤‡∏Å‡πÜ‡πÜ ‡πÄ‡∏£‡∏≤‡∏ä‡∏≠‡∏ö‡∏°‡∏≤‡∏Å‡πÜ‡πÄ‡∏•‡∏¢ ‡∏Ç‡∏≠‡∏ö‡∏Ñ‡∏∏‡∏ì‡∏ó‡∏µ‡πà‡∏£‡∏±‡∏ö‡∏ü‡∏±‡∏á‡∏Ñ‡∏ß‡∏≤‡∏°‡πÄ‡∏´‡πá‡∏ô‡πÄ‡∏£‡∏≤",1
‡∏Ñ‡∏∏‡∏ì‡∏´‡∏°‡∏≠‡∏°‡∏µ‡∏Ñ‡∏ß‡∏≤‡∏°‡∏£‡∏π‡πâ‡∏î‡∏µ‡∏°‡∏≤‡∏Å‡∏Ñ‡πà‡∏∞‡πÄ‡∏°‡∏∑‡πà‡∏≠‡πÄ‡∏ó‡∏µ‡∏¢‡∏ö‡∏Å‡∏±‡∏ö‡∏£‡∏û.‡∏ä‡∏±‡πâ‡∏ô‡∏ô‡∏≥‡∏≠‡∏∑‡πà‡∏ô‡πÜ‡∏ó‡∏µ‡πà‡πÑ‡∏õ ‡πÉ‡∏´‡πâ‡∏Ñ‡∏ß‡∏≤‡∏°‡∏£‡∏π‡πâ‡πÄ‡∏£‡∏∑‡πà‡∏≠‡∏á‡πÇ‡∏£‡∏Ñ‡πÇ‡∏î‡∏¢‡∏•‡∏∞‡πÄ‡∏≠‡∏µ‡∏¢‡∏î‡∏°‡∏≤‡∏Å‡πÜ ‡∏°‡∏µ‡∏Å‡∏≤‡∏£‡∏ï‡∏¥‡∏î‡∏ï‡∏≤‡∏°‡∏≠‡∏≤‡∏Å‡∏≤‡∏£‡∏î‡∏µ‡∏°‡∏≤‡∏Å‡πÜ ‡∏Ç‡πâ‡∏≠‡πÄ‡∏™‡∏µ‡∏¢‡∏Ñ‡∏∑‡∏≠‡∏£‡∏≠‡∏ô‡∏≤‡∏ô‡∏°‡∏≤‡∏Å‡πÑ‡∏õ,1
‡∏™‡∏ß‡∏±‡∏™‡∏î‡∏µ‡∏Ñ‡πà‡∏∞ ‡∏Å‡πà‡∏≠‡∏ô‡∏≠‡∏∑‡πà‡∏ô‡∏Ç‡∏≠‡πÅ‡∏ô‡∏∞‡∏ô‡∏≥‡∏ï‡∏±‡∏ß‡∏Å‡πà‡∏≠‡∏ô‡∏ô‡∏∞‡∏Ñ‡∏∞ ‡πÄ‡∏£‡∏≤‡∏≠‡∏≤‡∏¢‡∏∏ 24 ‡πÄ‡∏õ‡πá‡∏ô‡∏û‡∏ô‡∏±‡∏Å‡∏á‡∏≤‡∏ô‡∏ö‡∏£‡∏¥‡∏©‡∏±‡∏ó‡πÄ‡∏≠‡∏Å‡∏ä‡∏ô‡πÅ‡∏´‡πà‡∏á‡∏´‡∏ô‡∏∂‡πà‡∏á‡πÉ‡∏ô‡∏Å‡∏£‡∏∏‡∏á‡πÄ‡∏ó‡∏û ‡∏ó‡∏≥‡∏á‡∏≤‡∏ô‡πÄ‡∏õ‡πá‡∏ô ‡∏≠‡∏≠‡∏î‡∏¥‡∏ó ‡∏Ñ‡πà‡∏∞ ‡∏Ñ‡∏∑‡∏≠‡∏á‡∏≤‡∏ô‡∏ó‡∏µ‡πà‡∏ó‡∏≥ ‡∏Ñ‡πà‡∏≠‡∏ô‡∏Ç‡πâ‡∏≤‡∏á‡∏´‡∏ô‡∏±‡∏Å ‡πÅ‡∏•‡πâ‡∏ß‡∏ï‡∏±‡∏ß‡πÄ‡∏≠‡∏á‡πÄ‡∏õ‡πá‡∏ô‡∏†‡∏π‡∏°‡∏¥‡πÅ‡∏û‡πâ ‡∏£‡πà‡∏≤‡∏á‡∏Å‡∏≤‡∏¢‡∏≠‡πà‡∏≠‡∏ô‡πÅ‡∏≠ ‡πÄ‡∏à‡∏≠‡∏≠‡∏∞‡πÑ‡∏£‡∏ô‡∏¥‡∏î‡∏´‡∏ô‡πà‡∏≠‡∏¢‡∏Å‡πá‡πÑ‡∏°‡πà‡∏™‡∏ö‡∏≤‡∏¢‡πÅ‡∏£‡πâ‡∏ß ‡πÅ‡∏•‡∏∞‡∏Ñ‡∏£‡∏±‡πâ‡∏á‡∏•‡πà‡∏≤‡∏™‡∏∏‡∏î‡∏õ‡πà‡∏ß‡∏¢‡πÄ‡∏õ‡πá‡∏ô‡πÑ‡∏Ç‡πâ ‡∏à‡∏ô‡∏ï‡πâ‡∏≠‡∏á‡∏ô‡∏±‡πà‡∏á‡πÅ‡∏ó‡∏Å‡∏ã‡∏µ‡πà‡πÑ‡∏õ‡πÇ‡∏£‡∏á‡∏û‡∏¢‡∏≤‡∏ö‡∏≤‡∏•‡∏ï‡∏±‡πâ‡∏á‡πÅ‡∏ï‡πà‡πÄ‡∏ä‡πâ‡∏≤ ‡∏ã‡∏∂‡πà‡∏á‡πÅ‡∏ö‡∏ö ‡∏ì ‡∏à‡∏∏‡∏î‡πÜ‡∏ô‡∏±‡πâ‡∏ô ‡πÄ‡∏£‡∏≤‡πÑ‡∏≠‡πÄ‡∏¢‡∏≠‡∏∞‡∏°‡∏≤‡∏Å ‡∏ï‡∏±‡∏ß‡∏£‡πâ‡∏≠‡∏ô ‡πÅ‡∏•‡∏∞‡∏Å‡πâ‡∏ô‡πâ‡∏≥‡∏°‡∏π‡∏Å‡πÑ‡∏´‡∏• ‡πÅ‡∏•‡πâ‡∏ß‡∏û‡∏µ‡πà‡∏û‡∏¢‡∏≤‡∏ö‡∏≤‡∏•‡∏Å‡πâ‡∏°‡∏≤‡πÄ‡∏≠‡∏≤‡∏ô‡πâ‡∏≥‡∏ä‡∏≤‡∏≠‡∏∏‡πà‡∏ô‡πÜ ‡πÉ‡∏´‡πâ‡∏î‡∏∑‡πà‡∏° ‡∏ß‡∏±‡∏î‡πÑ‡∏Ç‡πâ ‡∏≠‡∏∞‡πÑ‡∏£‡∏õ‡∏£‡∏∞‡∏°‡∏≤‡∏ì‡∏ô‡∏µ‡πâ ‡∏û‡∏≠‡∏û‡∏ö‡∏Ñ‡∏∏‡∏ì‡∏´‡∏°‡∏≠ ‡πÅ‡∏•‡πâ‡∏ß‡∏™‡∏£‡∏∏‡∏õ‡πÑ‡∏î‡πâ‡πÅ‡∏≠‡∏î‡∏°‡∏¥‡∏ó ‡∏ô‡∏≠‡∏ô‡∏ó‡∏µ‡πà‡πÇ‡∏£‡∏á‡∏û‡∏¢‡∏≤‡∏ö‡∏≤‡∏• ‡πÅ‡∏•‡∏∞ ‡∏Ñ‡∏ß‡∏≤‡∏°‡∏£‡∏π‡πâ‡∏™‡∏∂‡∏Å‡∏ï‡∏≠‡∏ô‡∏ô‡∏±‡πâ‡∏ô ‡∏ï‡πâ‡∏≠‡∏á‡∏ô‡∏≠‡∏ô‡πÇ‡∏£‡∏á‡∏û‡∏¢‡∏≤‡∏ö‡∏≤‡∏•‡∏Ñ‡∏ô‡πÄ‡∏î‡∏µ‡∏¢‡∏ß ‡πÄ‡∏û‡∏∑‡πà‡∏≠‡∏ô‡πÑ‡∏°‡πà‡∏°‡∏µ‡πÉ‡∏Ñ‡∏£‡∏°‡∏≤‡πÄ‡∏¢‡∏µ‡πà‡∏¢‡∏°‡πÄ‡∏•‡∏¢‡∏™‡∏±‡∏Å‡∏Ñ‡∏ô ‡πÄ‡∏û‡∏£‡∏≤‡∏∞‡∏ï‡∏¥‡∏î‡∏ò‡∏∏‡∏£‡∏∞‡∏ö‡πâ‡∏≤‡∏á ‡∏´‡∏£‡∏∑‡∏≠ ‡∏≠‡∏≤‡∏à‡∏à‡∏∞‡πÑ‡∏°‡πà‡∏£‡∏π‡πâ‡∏ö‡πâ‡∏≤‡∏á ‡∏£‡∏ß‡∏°‡∏ñ‡∏∂‡∏á‡∏õ‡πä‡∏≤‡∏Å‡∏±‡∏ö‡πÅ‡∏°‡πà‡∏≠‡∏¢‡∏π‡πà‡∏ï‡πà‡∏≤‡∏á‡∏à‡∏±‡∏á‡∏´‡∏ß‡∏±‡∏î‡πÑ‡∏°‡πà‡∏≠‡∏¢‡∏≤‡∏Å‡πÉ‡∏´‡πâ‡∏ó‡πà‡∏≤‡∏ô‡∏Ç‡∏±‡∏ö‡∏£‡∏ñ‡∏°‡∏≤‡∏´‡∏≤‡πÄ‡∏£‡∏≤ ‡∏ã‡∏∂‡πà‡∏á‡∏•‡∏≥‡∏ö‡∏≤‡∏Å ‡∏Å‡∏•‡∏±‡∏ß‡∏≠‡∏∏‡∏ö‡∏±‡∏ï‡∏¥‡πÄ‡∏´‡∏ï‡∏∏‡∏°‡∏≤‡∏Å ‡∏™‡∏∏‡∏î‡∏ó‡πâ‡∏≤‡∏¢ ‡πÄ‡∏£‡∏≤‡πÄ‡∏•‡∏¢‡πÄ‡∏•‡∏∑‡∏≠‡∏Å‡∏ó‡∏µ‡πà‡∏à‡∏∞‡∏ô‡∏≠‡∏ô‡∏Ñ‡∏ô‡πÄ‡∏î‡∏µ‡∏¢‡∏ß‡πÉ‡∏ô‡∏´‡πâ‡∏≠‡∏á‡∏û‡∏¥‡πÄ‡∏®‡∏© ‡πÅ‡∏´‡∏∞‡πÜ ‡∏≠‡∏≤‡∏à‡∏à‡∏∞‡∏á‡∏á ‡πÄ‡∏Å‡∏£‡∏¥‡πà‡∏ô‡∏°‡∏≤‡∏ó‡∏±‡πâ‡∏á‡∏´‡∏°‡∏î ‡∏Ñ‡∏∑‡∏≠‡∏≠‡∏∞‡πÑ‡∏£ ‡πÅ‡∏ï‡πà‡∏ó‡∏µ‡πà‡πÄ‡∏£‡∏≤‡∏≠‡∏¢‡∏≤‡∏Å‡∏à‡∏∞‡∏ö‡∏≠‡∏Å ‡∏Ñ‡∏∑‡∏≠ ‡∏Ñ‡∏∏‡∏ì‡πÄ‡∏Ç‡πâ‡∏≤‡πÉ‡∏à‡∏Ñ‡∏ß‡∏≤‡∏°‡∏£‡∏π‡πâ‡∏™‡∏∂‡∏Å‡∏Ç‡∏≠‡∏á‡∏Ñ‡∏ô‡∏õ‡πà‡∏ß‡∏¢ ‡∏¢‡∏±‡∏á‡πÄ‡∏î‡πá‡∏Å‡∏≠‡∏¢‡∏π‡πà ‡∏à‡∏¥‡∏ï‡πÉ‡∏à‡∏≠‡πà‡∏≠‡∏ô‡πÅ‡∏≠ ‡∏ô‡πâ‡∏≠‡∏¢‡πÉ‡∏à ‡πÑ‡∏°‡πà‡∏°‡∏µ‡πÄ‡∏û‡∏∑‡πà‡∏≠‡∏ô‡∏°‡∏≤‡πÄ‡∏¢‡∏µ‡πà‡∏¢‡∏°‡∏´‡∏£‡∏∑‡∏≠‡∏ô‡∏≠‡∏ô‡πÄ‡∏ù‡πâ‡∏≤ ‡∏°‡∏≤‡∏ï‡∏±‡∏ß‡πÄ‡∏õ‡∏•‡πà‡∏≤ ‡πÅ‡∏Ñ‡πà‡∏Å‡∏£‡∏∞‡πÄ‡∏õ‡πã‡∏≤‡πÄ‡∏á‡∏¥‡∏ô‡πÉ‡∏ö‡πÄ‡∏•‡πá‡∏Å‡πÜ‡∏Å‡∏±‡∏ö‡πÇ‡∏ó‡∏£‡∏™‡∏±‡∏ö ‡∏ì ‡∏à‡∏∏‡∏î‡πÜ‡∏ô‡∏±‡πâ‡∏ô ‡∏Ñ‡∏∑‡∏≠‡∏£‡πâ‡∏≠‡∏á‡πÑ‡∏´‡πâ ‡∏ô‡πâ‡∏≥‡∏ï‡∏≤‡∏ã‡∏∂‡∏° ‡∏û‡∏≠‡∏ô‡∏≠‡∏ô‡∏ö‡∏ô‡πÄ‡∏ï‡∏µ‡∏¢‡∏á‡∏õ‡∏±‡πä‡∏õ ‡∏î‡πâ‡∏ß‡∏¢‡∏Ñ‡∏ß‡∏≤‡∏°‡∏ó‡∏µ‡πà‡πÄ‡∏õ‡∏ô‡∏Ñ‡∏ô‡∏ï‡∏¥‡∏î‡∏ñ‡∏∏‡∏á‡πÄ‡∏ó‡πâ‡∏≤‡∏°‡∏≤‡∏Å‡∏Å‡∏Å‡∏Å‡∏Å ‡∏ñ‡πâ‡∏≤‡πÑ‡∏°‡πà‡πÉ‡∏™‡πà‡∏à‡∏∞‡∏ô‡∏≠‡∏ô‡πÑ‡∏°‡πà‡∏´‡∏•‡∏±‡∏ö ‡∏û‡∏µ‡πà‡∏û‡∏¢‡∏≤‡∏ö‡∏≤‡∏•‡∏Å‡πâ‡∏´‡∏≤‡∏°‡∏≤‡πÉ‡∏´‡πâ ‡πÄ‡∏£‡∏≤‡πÑ‡∏°‡πà‡∏°‡∏µ‡∏™‡∏≤‡∏¢‡∏ä‡∏≤‡∏£‡πå‡∏à‡πÇ‡∏ó‡∏™‡∏±‡∏ö ‡∏û‡∏µ‡πà‡∏Å‡πâ‡πÑ‡∏õ‡∏¢‡∏∑‡∏°‡∏°‡∏≤‡πÉ‡∏´‡πâ ‡∏û‡∏µ‡πà‡∏û‡∏¢‡∏≤‡∏ö‡∏≤‡∏•‡∏ó‡∏µ‡πà‡∏Ñ‡∏≠‡∏¢‡∏°‡∏≤‡∏â‡∏µ‡∏î‡∏¢‡∏≤ ‡πÄ‡∏≠‡∏≤‡∏¢‡∏≤‡∏°‡∏≤‡πÉ‡∏´‡πâ‡∏Å‡∏¥‡∏ô ‡∏ß‡∏±‡∏î‡πÑ‡∏Ç‡πâ ‡∏Ñ‡∏á‡∏á‡∏á‡∏ó‡∏µ‡πà‡πÅ‡∏ö‡∏ö ‡∏≠‡∏¢‡∏π‡πà‡∏Ñ‡∏ô‡πÄ‡∏î‡∏µ‡∏¢‡∏ß‡∏ï‡∏•‡∏≠‡∏î ‡πÄ‡∏´‡∏á‡∏≤‡∏°‡∏±‡πä‡∏¢ ?? ‡∏à‡∏ô‡∏™‡∏∏‡∏î‡∏ó‡πâ‡∏≤‡∏¢ ‡∏û‡∏µ‡πà‡πÄ‡∏Ñ‡πâ‡∏≤‡∏Å‡πâ‡πÄ‡∏Ç‡πâ‡∏≤‡∏°‡∏≤‡πÅ‡∏•‡∏∞‡∏Å‡πâ‡∏ä‡∏ß‡∏ô‡∏Ñ‡∏∏‡∏¢ ‡∏ô‡∏π‡πà‡∏ô‡∏ô‡∏±‡πà‡∏ô‡∏ô‡∏µ‡πà‡πÉ‡∏´‡πâ‡πÄ‡∏£‡∏≤‡∏£‡∏π‡πâ‡∏™‡∏∂‡∏Å‡∏î‡∏µ ‡πÑ‡∏°‡πà‡∏Ñ‡∏∑‡∏î‡πÄ‡∏£‡∏∑‡πà‡∏≠‡∏á‡∏ô‡πâ‡∏≠‡∏¢‡πÉ‡∏à ‡∏ö‡∏•‡∏≤‡πÜ ‡∏ã‡∏∂‡πà‡∏á‡πÅ‡∏ö‡∏ö ‡πÄ‡∏õ‡πá‡∏ô‡∏™‡∏¥‡πà‡∏á‡∏ó‡∏µ‡πà‡πÄ‡∏£‡∏≤‡∏£‡∏π‡πâ‡∏™‡∏∂‡∏Å‡∏õ‡∏£‡∏∞‡∏ó‡∏±‡∏ö‡πÉ‡∏à‡∏Å‡∏±‡∏ö‡∏ö‡∏∏‡∏Ñ‡∏•‡∏≤‡∏Å‡∏£‡∏Ç‡∏≠‡∏á‡∏ó‡∏µ‡πà‡∏ô‡∏µ‡πà‡∏°‡∏≤‡∏Å‡∏Å‡∏Å ‡πÄ‡∏´‡∏°‡∏∑‡∏≠‡∏ô‡πÄ‡∏î‡πá‡∏Å‡∏ô‡πâ‡∏≠‡∏¢‡∏ó‡∏µ‡πà‡∏ô‡∏±‡πà‡∏á‡∏ã‡∏∂‡∏°‡πÄ‡∏´‡∏á‡∏≤‡πÜ ‡πÅ‡∏•‡πâ‡∏ß‡πÅ‡∏ö‡∏ö‡∏°‡∏µ‡∏Ñ‡∏ô‡πÄ‡∏î‡∏¥‡∏ô‡πÄ‡∏Ç‡πâ‡∏≤‡∏°‡∏≤‡∏â‡∏∏‡∏î‡πÉ‡∏´‡πâ‡πÄ‡∏£‡∏≤‡∏•‡∏∏‡∏Å‡πÑ‡∏õ‡∏ß‡∏¥‡πà‡∏á‡πÄ‡∏•‡πà‡∏ô ‡∏Ñ‡∏ß‡∏≤‡∏°‡∏£‡∏π‡πâ‡∏™‡∏∂‡∏Å‡∏õ‡∏£‡∏∞‡∏°‡∏≤‡∏ì‡∏ô‡∏µ‡πâ‡πÄ‡∏•‡∏¢‡∏Ñ‡πà‡∏∞ ‡πÅ‡∏ö‡∏ö ‡πÄ‡∏´‡πâ‡∏¢‡∏¢‡∏¢ ‡∏Ñ‡∏∑‡∏≠‡πÄ‡∏Ñ‡πâ‡∏≤‡πÉ‡∏™‡πà‡πÉ‡∏à‡πÄ‡∏£‡∏≤‡∏ô‡∏∞ ‡∏™‡∏±‡∏á‡πÄ‡∏Å‡∏ï‡πÄ‡∏£‡∏≤ ‡∏ß‡πà‡∏≤‡πÄ‡∏£‡∏≤‡πÄ‡∏õ‡∏ô‡∏¢‡∏±‡∏á‡πÑ‡∏á ‡∏ó‡∏±‡πâ‡∏á‡∏≠‡∏≤‡∏Å‡∏≤‡∏£ ‡πÅ‡∏•‡∏∞ ‡∏≠‡∏≤‡∏£‡∏°‡∏ì‡πå‡∏Ç‡∏≠‡∏á‡πÄ‡∏£‡∏≤ ‡∏û‡∏≠‡πÄ‡∏´‡πá‡∏ô‡∏ß‡πà‡∏≤‡πÄ‡∏£‡∏≤‡πÑ‡∏°‡πà‡∏°‡∏µ‡πÉ‡∏Ñ‡∏£ ‡∏Å‡πâ‡∏à‡∏∞‡πÄ‡∏Ç‡πâ‡∏≤‡∏°‡∏≤‡∏ä‡∏ß‡∏ô‡∏Ñ‡∏∏‡∏¢ ‡πÑ‡∏°‡πà‡πÉ‡∏ä‡πà‡πÅ‡∏Ñ‡πà‡∏û‡∏¢‡∏≤‡∏ö‡∏≤‡∏•‡∏ó‡∏µ‡πà‡∏ó‡∏≥‡∏´‡∏ô‡πâ‡∏≤‡∏ó‡∏µ‡πà‡πÅ‡∏Ñ‡πà‡πÄ‡∏î‡∏¥‡∏ô‡πÄ‡∏Ç‡πâ‡∏≤‡∏°‡∏≤ ‡∏â‡∏µ‡∏î‡∏¢‡∏≤ ‡πÉ‡∏´‡πâ‡∏¢‡∏≤ ‡πÅ‡∏•‡∏∞‡∏Å‡πâ‡πÄ‡∏î‡∏¥‡∏ô‡∏à‡∏≤‡∏Å‡πÑ‡∏õ‡∏õ‡∏õ ‡πÄ‡∏£‡∏≤‡∏£‡∏π‡πâ‡∏™‡∏∂‡∏Å‡∏ß‡πà‡∏≤ ‡πÄ‡∏£‡∏∑‡πà‡∏≠‡∏á‡∏Ñ‡∏ß‡∏≤‡∏°‡∏£‡∏π‡πâ‡∏™‡∏∂‡∏Å‡πÄ‡∏õ‡πá‡∏ô‡πÄ‡∏£‡∏∑‡πà‡∏≠‡∏á‡∏ó‡∏µ‡πà‡∏•‡∏∞‡πÄ‡∏≠‡∏µ‡∏¢‡∏î‡∏≠‡πà‡∏≠‡∏ô ‡πÅ‡∏•‡∏∞ ‡∏™‡∏≥‡∏Ñ‡∏±‡∏ç‡∏°‡∏≤‡∏Å‡∏Å‡∏Å‡∏Å ‡∏™‡∏≥‡∏´‡∏£‡∏±‡∏ö‡πÄ‡∏£‡∏≤ ‡∏î‡∏±‡∏á‡∏ô‡∏±‡πâ‡∏ô ‡πÄ‡∏£‡∏≤‡πÄ‡∏•‡∏¢‡∏£‡∏π‡πâ‡∏™‡∏∂‡∏Å‡∏£‡∏∞‡∏ó‡∏±‡∏ö‡πÉ‡∏à‡∏Å‡∏±‡∏ö‡πÇ‡∏£‡∏á‡∏û‡∏¢‡∏≤‡∏ö‡∏≤‡∏•‡∏ô‡∏µ‡πâ‡∏°‡∏≤‡∏Å‡∏à‡∏£‡∏¥‡∏á‡πÜ ‡πÑ‡∏°‡πà‡πÉ‡∏ä‡πà‡πÄ‡∏û‡∏£‡∏≤‡∏∞‡∏™‡∏ñ‡∏≤‡∏ô‡∏ó‡∏µ‡πà‡∏ó‡∏µ‡πà‡πÑ‡∏Æ‡πÇ‡∏ã ‡πÉ‡∏´‡∏ç‡πà‡πÇ‡∏ï ‡πÄ‡∏´‡∏°‡∏∑‡∏≠‡∏ô‡πÇ‡∏£‡∏á‡πÅ‡∏£‡∏° ‡πÅ‡∏ï‡πà‡πÄ‡∏õ‡πá‡∏ô‡πÄ‡∏û‡∏£‡∏≤‡∏∞‡∏Ñ‡∏ß‡∏≤‡∏°‡πÉ‡∏™‡πà‡πÉ‡∏à‡∏ó‡∏µ‡πà‡πÄ‡∏Ñ‡πâ‡∏≤‡∏î‡∏π‡πÅ‡∏•‡πÄ‡∏£‡∏≤‡∏ï‡πà‡∏≤‡∏á‡∏´‡∏≤‡∏Å‡∏Å‡∏Å :) ‡∏≠‡∏≤‡∏à‡∏à‡∏∞‡∏¢‡∏≤‡∏ß‡πÑ‡∏õ‡∏™‡∏±‡∏Å‡∏ô‡∏∑‡∏î ‡πÅ‡∏ï‡πà‡πÅ‡∏Ñ‡πà‡∏≠‡∏¢‡∏≤‡∏Å‡∏ö‡∏≠‡∏Å‡πÄ‡∏•‡πà‡∏≤‡πÄ‡∏£‡∏∑‡πà‡∏≠‡∏á‡∏î‡∏µ‡∏î‡∏µ‡πÉ‡∏´‡πâ‡∏Ñ‡∏ô‡πÑ‡∏î‡πâ‡∏£‡∏±‡∏ö‡∏£‡∏π‡πâ‡∏Å‡∏±‡∏ô‡∏Ñ‡πà‡∏∞ // ‡∏Ñ‡∏£‡∏±‡πâ‡∏á‡∏Å‡πà‡∏≠‡∏ô‡∏´‡∏ô‡πâ‡∏≤‡∏ô‡∏µ‡πâ ‡∏°‡∏≤‡∏´‡∏≤‡∏´‡∏°‡∏≠‡∏ó‡∏µ‡πà‡πÅ‡∏ú‡∏ô‡∏Å‡∏™‡∏π‡∏ï‡∏¥ ‡∏£‡∏∞‡∏´‡∏ß‡πà‡∏≤‡∏á‡∏ô‡∏±‡πà‡∏á‡∏£‡∏≠‡∏Ñ‡∏∏‡∏ì‡∏´‡∏°‡∏≠ ‡∏û‡∏µ‡πà‡∏û‡∏¢‡∏≤‡∏ö‡∏≤‡∏•‡πÄ‡∏´‡∏ô‡∏Ç‡∏≤‡πÄ‡∏£‡∏≤‡πÄ‡∏õ‡πá‡∏ô‡πÅ‡∏ú‡∏•‡∏´‡∏Å‡∏•‡πâ‡∏° ‡πÅ‡∏î‡∏á‡πÜ ‡∏°‡∏µ‡∏´‡∏ô‡∏≠‡∏á‡∏ó‡∏µ‡πà‡∏´‡∏±‡∏ß‡πÄ‡∏Ç‡πà‡∏≤ ‡∏Å‡πâ‡∏°‡∏≤‡∏ô‡∏±‡πà‡∏á‡∏ó‡∏≥‡πÅ‡∏ú‡∏•‡πÉ‡∏´‡πâ‡∏Å‡πà‡∏≠‡∏ô‡∏ô ‡πÄ‡∏£‡∏≤‡∏£‡∏π‡πâ‡∏™‡∏∂‡∏Å‡∏ß‡πà‡∏≤ ‡∏Ñ‡∏ß‡∏≤‡∏°‡πÉ‡∏™‡πà‡πÉ‡∏à‡∏ó‡∏µ‡πà‡πÄ‡∏Ñ‡πâ‡∏≤‡∏°‡∏≠‡∏ö‡πÉ‡∏´‡πâ‡∏Ñ‡∏ô‡πÑ‡∏Ç‡πâ‡πÄ‡∏õ‡πá‡∏ô‡∏™‡∏¥‡πà‡∏á‡∏ó‡∏µ‡πà‡∏ó‡∏≥‡πÉ‡∏´‡πâ‡πÄ‡∏£‡∏≤‡∏õ‡∏£‡∏∞‡∏ó‡∏±‡∏ö‡πÉ‡∏à‡∏°‡∏≤‡∏Å‡πÜ‡∏Ñ‡πà‡∏∞,1
‡∏£‡∏û.‡∏ó‡∏µ‡πà‡∏î‡∏µ‡∏™‡∏∞‡∏≠‡∏≤‡∏î ‡∏°‡∏µ‡∏°‡∏≤‡∏ï‡∏£‡∏ê‡∏≤‡∏ô ‡∏ö‡∏£‡∏¥‡∏Å‡∏≤‡∏£‡∏î‡∏µ ‡∏ö‡∏£‡∏£‡∏¢‡∏≤‡∏Å‡∏≤‡∏®‡∏î‡∏µ‡πÄ‡∏¢‡∏µ‡πà‡∏¢‡∏° ‡πÉ‡∏ä‡πâ‡∏ö‡∏£‡∏¥‡∏Å‡∏≤‡∏£‡πÄ‡πÄ‡∏•‡πâ‡∏ß‡∏£‡∏∏‡πâ‡∏™‡∏∂‡∏Å‡∏ñ‡∏∂‡∏á‡∏Ñ‡∏ß‡∏≤‡∏°‡πÄ‡∏õ‡πá‡∏ô‡∏°‡∏∑‡∏≠‡∏≠‡∏≤‡∏ä‡∏µ‡∏û,1
‡πÑ‡∏î‡πâ‡πÄ‡∏•‡∏∑‡∏≠‡∏Å‡πÉ‡∏´‡πâ‡∏Ñ‡∏∏‡∏ì‡∏´‡∏°‡∏≠‡∏ó‡∏µ‡πà‡πÇ‡∏£‡∏á‡∏û‡∏¢‡∏≤‡∏ö‡∏≤‡∏•‡∏ö‡∏≥‡∏£‡∏∏‡∏á‡∏£‡∏≤‡∏©‡∏é‡∏£‡πå‡∏î‡∏π‡πÅ‡∏•‡∏™‡∏∏‡∏Ç‡∏†‡∏≤‡∏û‡∏Ç‡∏≠‡∏á‡∏•‡∏π‡∏Å‡πÜ ‡∏ó‡∏±‡πâ‡∏á 3 ‡∏Ñ‡∏ô ‡∏ï‡∏±‡πâ‡∏á‡πÅ‡∏ï‡πà‡πÅ‡∏£‡∏Å‡πÄ‡∏Å‡∏¥‡∏î ‡πÉ‡∏ô‡∏Å‡∏≤‡∏£‡∏£‡∏±‡∏ö‡∏ß‡∏±‡∏Ñ‡∏ã‡∏µ‡∏ô ‡∏£‡∏±‡∏Å‡∏©‡∏≤‡∏≠‡∏≤‡∏Å‡∏≤‡∏£‡πÄ‡∏à‡πá‡∏ö‡∏õ‡πà‡∏ß‡∏¢‡∏£‡∏ß‡∏°‡∏ñ‡∏∂‡∏á‡∏Å‡∏≤‡∏£‡∏î‡∏π‡πÅ‡∏•‡∏î‡πâ‡∏≤‡∏ô‡∏û‡∏±‡∏í‡∏ô‡∏≤‡∏Å‡∏≤‡∏£‡∏ï‡πà‡∏≤‡∏á‡πÜ ‡πÉ‡∏´‡πâ‡πÄ‡∏´‡∏°‡∏≤‡∏∞‡∏™‡∏°‡∏ï‡∏≤‡∏°‡∏ß‡∏±‡∏¢‡∏Ç‡∏≠‡∏á‡∏•‡∏π‡∏Å ‡∏£‡∏π‡πâ‡∏™‡∏∂‡∏Å‡∏õ‡∏£‡∏∞‡∏ó‡∏±‡∏ö‡πÉ‡∏à‡πÉ‡∏ô‡∏ï‡∏±‡∏ß‡∏≠‡∏≤‡∏à‡∏≤‡∏£‡∏¢‡πå‡∏´‡∏°‡∏≠‡∏ó‡∏µ‡πà‡∏î‡∏π‡πÅ‡∏•‡∏•‡∏π‡∏Å‡πÜ ‡πÄ‡∏û‡∏£‡∏≤‡∏∞‡∏ó‡πà‡∏≤‡∏ô‡∏ô‡πà‡∏≤‡∏£‡∏±‡∏Å‡∏°‡∏≤‡∏Å‡πÄ‡∏≠‡∏≤‡πÉ‡∏à‡πÉ‡∏™‡πà‡πÉ‡∏ô‡∏Å‡∏≤‡∏£‡∏ï‡∏£‡∏ß‡∏à‡πÅ‡∏•‡∏∞‡∏î‡∏π‡πÅ‡∏•‡∏™‡∏∏‡∏Ç‡∏†‡∏≤‡∏û‡∏Ç‡∏≠‡∏á‡πÄ‡∏î‡πá‡∏Å‡πÜ ‡πÄ‡∏õ‡πá‡∏ô‡∏≠‡∏¢‡πà‡∏≤‡∏á‡∏°‡∏≤‡∏Å‡∏Ñ‡πà‡∏∞,1
‡∏Ñ‡∏∏‡∏ì‡∏´‡∏°‡∏≠‡πÄ‡∏≠‡∏≤‡πÉ‡∏à‡πÉ‡∏™‡πà‡∏•‡∏∞‡πÄ‡∏≠‡∏µ‡∏¢‡∏î‡πÄ‡∏õ‡πá‡∏ô‡∏≠‡∏¢‡πà‡∏≤‡∏á‡∏°‡∏≤‡∏Å ‡πÅ‡∏•‡πâ‡∏á‡∏≠‡∏ò‡∏¥‡∏ö‡∏≤‡∏¢‡∏ú‡∏•‡∏≠‡∏¢‡πà‡∏≤‡∏á‡∏•‡∏∞‡πÄ‡∏≠‡∏µ‡∏¢‡∏î‡∏£‡∏π‡πâ‡∏™‡∏∂‡∏Å‡∏õ‡∏£‡∏∞‡∏ó‡∏±‡∏ö‡πÉ‡∏à‡∏°‡∏≤‡∏Å ‡πÅ‡∏•‡∏∞‡∏ó‡∏µ‡πà‡∏™‡∏≥‡∏Ñ‡∏±‡∏ç‡∏Ñ‡∏∏‡∏ì‡∏´‡∏°‡∏≠‡πÄ‡∏Å‡πà‡∏á‡∏°‡∏≤‡∏Å‡∏Ñ‡πà‡∏∞,1
‡πÑ‡∏õ‡∏ù‡∏≤‡∏Å‡∏ó‡πâ‡∏≠‡∏á ‡πÅ‡∏•‡∏∞‡∏Ñ‡∏•‡∏≠‡∏î‡∏•‡∏π‡∏Å‡∏ó‡∏µ‡πà‡πÇ‡∏£‡∏á‡∏û‡∏¢‡∏≤‡∏ö‡∏≤‡∏•‡∏ö‡πç‡∏≤‡∏£‡∏∏‡∏á‡∏£‡∏≤‡∏©‡∏é‡∏£‡πå ‡∏°‡∏≤‡∏Ñ‡∏∞ ‡∏õ‡∏£‡∏∞‡∏ó‡∏±‡∏ö‡πÉ‡∏à‡∏ó‡∏∏‡∏Å‡∏≠‡∏¢‡πà‡∏≤‡∏á ‡∏ï‡∏±‡πâ‡∏á‡πÅ‡∏ï‡πà‡∏™‡∏ñ‡∏≤‡∏ô‡∏ó‡∏µ‡πà ‡∏´‡πâ‡∏≠‡∏á‡∏Ñ‡∏•‡∏≠‡∏î‡πÅ‡∏•‡∏∞‡∏´‡πâ‡∏≠‡∏á‡∏û‡∏±‡∏Å ‡∏´‡∏°‡∏≠‡πÅ‡∏•‡∏∞‡∏û‡∏¢‡∏≤‡∏ö‡∏≤‡∏• ‡πÄ‡∏£‡∏≤‡∏°‡∏µ‡∏≠‡∏≤‡∏Å‡∏≤‡∏£‡πÅ‡∏ó‡∏£‡∏Å‡∏ã‡πâ‡∏≠‡∏ô‡∏´‡∏•‡∏±‡∏á‡∏Ñ‡∏•‡∏≠‡∏î‡πÑ‡∏î‡πâ‡∏£‡∏±‡∏ö‡∏Å‡∏≤‡∏£‡∏î‡∏π‡πÅ‡∏•‡∏≠‡∏¢‡πà‡∏≤‡∏á‡∏î‡∏µ ‡∏£‡∏≤‡∏Ñ‡∏≤‡πÅ‡∏û‡∏Ñ‡πÄ‡∏Å‡∏ï‡∏Ñ‡∏•‡∏≠‡∏î‡∏ó‡∏µ‡πà‡∏ô‡∏µ‡πà‡∏Ñ‡πà‡∏≠‡∏ô‡∏Ç‡πâ‡∏≤‡∏á‡πÅ‡∏û‡∏á ‡πÅ‡∏ï‡πà‡∏ñ‡πâ‡∏≤‡πÄ‡∏ó‡∏µ‡∏¢‡∏ö‡∏Å‡∏±‡∏ö‡∏Ñ‡∏∏‡∏ì‡∏†‡∏≤‡∏û‡πÅ‡∏•‡∏∞‡∏ö‡∏£‡∏¥‡∏Å‡∏≤‡∏£‡πÅ‡∏•‡πâ‡∏ß ‡∏™‡∏≥‡∏´‡∏£‡∏±‡∏ö‡πÄ‡∏£‡∏≤‡∏Ñ‡∏∏‡πâ‡∏°‡∏°‡∏≤‡∏Å ‡πÅ‡∏û‡∏Ñ‡πÄ‡∏Å‡∏ï‡πÄ‡∏´‡∏°‡∏≤‡∏à‡πà‡∏≤‡∏¢‡πÑ‡∏°‡πà‡∏°‡∏µ‡∏ö‡∏ß‡∏Å‡πÄ‡∏û‡∏¥‡πà‡∏°,1
‡πÄ‡∏à‡πâ‡∏≤‡∏´‡∏ô‡πâ‡∏≤‡∏ó‡∏µ‡πà‡∏°‡∏µ‡∏Å‡∏≤‡∏£‡∏™‡∏≠‡∏ö‡∏ñ‡∏≤‡∏°‡∏≠‡∏≤‡∏Å‡∏≤‡∏£‡πÇ‡∏î‡∏¢‡∏•‡∏∞‡πÄ‡∏≠‡∏µ‡∏¢‡∏î‡∏î‡πâ‡∏ß‡∏¢‡∏≠‡∏ò‡∏±‡∏¢‡∏®‡∏£‡∏±‡∏¢ ‡πÄ‡∏õ‡πá‡∏ô‡∏Å‡∏±‡∏ô‡πÄ‡∏≠‡∏á ‡∏°‡∏µ‡∏Ñ‡∏ß‡∏≤‡∏°‡πÄ‡∏õ‡πá‡∏ô‡∏´‡πà‡∏ß‡∏á‡πÉ‡∏à‡πÇ‡∏î‡∏¢‡∏à‡∏£‡∏¥‡∏á‡πÉ‡∏à  ‡πÑ‡∏°‡πà‡πÄ‡∏™‡πÅ‡∏™‡∏£‡πâ‡∏á,1
‡∏•‡∏π‡∏Å‡∏ú‡∏°‡∏≠‡∏≤‡∏¢‡∏∏2‡∏Ç‡∏ß‡∏ö3‡πÄ‡∏î‡∏∑‡∏≠‡∏ô ‡∏≠‡∏≤‡∏ó‡∏¥‡∏ï‡∏¢‡πå‡∏ó‡∏µ‡πà 8‡∏°‡∏Ñ ‡πÄ‡∏ä‡πâ‡∏≤ ‡πÅ‡∏•‡∏∞‡∏ö‡πà‡∏≤‡∏¢‡πÇ‡∏°‡∏á ‡∏ñ‡πà‡∏≤‡∏¢‡πÄ‡∏õ‡πá‡∏ô‡πÄ‡∏•‡∏∑‡∏≠‡∏î2‡∏Ñ‡∏£‡∏±‡πâ‡∏á ‡∏õ‡∏£‡∏¥‡∏°‡∏≤‡∏ì‡∏°‡∏≤‡∏Å ‡πÄ‡∏´‡∏°‡∏∑‡∏≠‡∏ô‡∏ú‡∏π‡πâ‡∏´‡∏ç‡∏¥‡∏á‡∏°‡∏µ‡∏õ‡∏£‡∏∞‡∏à‡∏≥‡πÄ‡∏î‡∏∑‡∏≠‡∏ô ‡πÅ‡∏û‡∏ó‡∏¢‡πå‡πÉ‡∏™‡πà‡πÉ‡∏à‡∏°‡∏≤‡∏Å‡∏≠‡∏¢‡∏π‡πà‡∏à‡∏ô‡πÄ‡∏•‡∏¢‡πÄ‡∏ß‡∏•‡∏≤ ‡∏ï‡∏£‡∏ß‡∏à‡πÄ‡∏ä‡πá‡∏Ñ‡∏™‡∏≤‡πÄ‡∏´‡∏ï‡∏∏ ‡∏û‡∏£‡πâ‡∏≠‡∏°‡∏Å‡∏±‡∏ö‡πÉ‡∏´‡πâ‡∏´‡∏°‡∏≠‡∏®‡∏±‡∏•‡∏¢‡∏Å‡∏£‡∏£‡∏° ‡∏´‡∏°‡∏≠‡∏™‡πà‡∏≠‡∏á‡∏Å‡∏•‡πâ‡∏≠‡∏á ‡∏°‡∏≤Stand by ‡∏ã‡∏∂‡πà‡∏á ‡∏ú‡∏°‡πÑ‡∏õ‡∏´‡∏≤‡∏ï‡∏≠‡∏ô 15:30‡∏ô. ‡∏Å‡∏ß‡πà‡∏≤‡∏à‡∏∞‡∏£‡∏≠‡∏ú‡∏•‡∏£‡∏≠‡∏ß‡∏¥‡∏ô‡∏¥‡∏à‡∏â‡∏±‡∏¢ 22:00 ‡∏Ñ‡∏¥‡∏î‡∏ß‡πà‡∏≤‡∏ï‡πâ‡∏≠‡∏á‡∏ú‡πà‡∏≤‡∏Ñ‡∏∑‡∏ô‡∏ô‡∏±‡πâ‡∏ô‡πÅ‡∏•‡πâ‡∏ß ‡∏™‡∏£‡∏∏‡∏õ‡πÉ‡∏´‡πâ‡πÄ‡∏•‡∏∑‡∏≠‡∏î‡∏°‡∏≤‡∏Å‡πà‡∏≠‡∏ô ‡∏Ñ‡∏£‡∏∂‡πà‡∏á‡∏ñ‡∏∏‡∏á ‡πÄ‡∏û‡∏£‡∏≤‡∏∞‡∏•‡∏π‡∏Å‡∏ä‡∏≤‡∏¢‡∏Ñ‡∏ß‡∏≤‡∏°‡πÄ‡∏Ç‡πâ‡∏°‡∏Ç‡πâ‡∏ô‡πÄ‡∏•‡∏∑‡∏≠‡∏î‡∏ï‡πà‡∏≥‡∏Å‡∏ß‡πà‡∏≤‡∏Ñ‡πà‡∏≤‡∏°‡∏≤‡∏ï‡∏£‡∏ê‡∏≤‡∏ô ‡∏ô‡∏≠‡∏ô‡πÇ‡∏£‡∏á‡∏û‡∏¢‡∏≤‡∏ö‡∏≤‡∏•5‡∏ß‡∏±‡∏ô ‡∏Ñ‡∏∏‡∏ì‡∏´‡∏°‡∏≠‡∏´‡∏•‡∏≤‡∏¢‡∏ó‡πà‡∏≤‡∏ô‡∏ä‡πà‡∏ß‡∏¢‡∏Å‡∏±‡∏ô‡∏ï‡∏£‡∏ß‡∏à‡∏ß‡∏¥‡πÄ‡∏Ñ‡∏£‡∏≤‡∏∞‡∏´‡πå‡∏£‡∏±‡∏Å‡∏©‡∏≤‡∏î‡∏π‡πÅ‡∏• ‡∏à‡∏ô‡πÄ‡∏£‡∏≤‡∏£‡∏π‡πâ‡∏™‡∏∂‡∏Å‡∏≠‡∏∏‡πà‡∏ô‡πÉ‡∏à‡∏ß‡πà‡∏≤‡∏ñ‡πâ‡∏≤‡πÄ‡∏Å‡∏¥‡∏î‡πÄ‡∏´‡∏ï‡∏∏‡∏≠‡∏∞‡πÑ‡∏£‡∏ï‡πâ‡∏≠‡∏á‡∏ä‡πà‡∏ß‡∏¢‡πÑ‡∏î‡πâ‡∏ó‡∏±‡∏ô‡∏ó‡πà‡∏ß‡∏á‡∏ó‡∏µ‡πÅ‡∏ô‡πà‡∏ô‡∏≠‡∏ô,1
‡∏û‡∏ô‡∏±‡∏Å‡∏á‡∏≤‡∏ô‡∏ö‡∏≥‡∏£‡∏∏‡∏á‡∏£‡∏≤‡∏©‡∏é‡∏£‡πå‡∏°‡∏µ‡∏Å‡∏≤‡∏£‡∏ö‡∏£‡∏¥‡∏Å‡∏≤‡∏£‡∏ó‡∏µ‡πà‡πÄ‡∏™‡∏°‡∏≠‡∏†‡∏≤‡∏Ñ‡∏ó‡∏±‡πâ‡∏á‡∏ú‡∏π‡πâ‡∏°‡∏≤‡πÉ‡∏ä‡πâ‡∏ö‡∏£‡∏¥‡∏Å‡∏≤‡∏£‡∏´‡∏£‡∏∑‡∏≠‡∏û‡∏ô‡∏±‡∏Å‡∏á‡∏≤‡∏ô‡∏î‡πâ‡∏ß‡∏¢‡∏Å‡∏±‡∏ô‡πÄ‡∏≠‡∏á‡∏õ‡∏£‡∏∞‡∏ó‡∏±‡∏ö‡πÉ‡∏à‡∏°‡∏≤‡∏Å‡πÜ,1
‡∏Å‡∏≤‡∏£‡∏ö‡∏£‡∏¥‡∏Å‡∏≤‡∏£‡πÄ‡∏õ‡πá‡∏ô‡πÄ‡∏•‡∏¥‡∏® ‡∏ó‡∏µ‡∏°‡πÅ‡∏û‡∏ó‡∏¢‡πå-‡∏û‡∏¢‡∏≤‡∏ö‡∏≤‡∏•-‡∏à‡∏ô‡∏ó.‡πÄ‡∏Å‡πà‡∏á‡∏°‡∏≤‡∏Å ‡∏£‡∏ß‡∏î‡πÄ‡∏£‡πá‡∏î‡∏Å‡∏±‡∏ö‡∏Å‡∏≤‡∏£‡∏ï‡∏≠‡∏ô‡∏£‡∏±‡∏ö‡∏ö‡∏£‡∏¥‡∏Å‡∏≤‡∏£ ‡πÅ‡∏•‡∏∞‡∏°‡∏µ‡∏°‡∏≤‡∏ï‡∏£‡∏ê‡∏≤‡∏ô‡∏Ñ‡∏ß‡∏≤‡∏°‡∏õ‡∏•‡∏≠‡∏î‡∏†‡∏±‡∏¢‡∏™‡∏π‡∏á,1
‡∏ï‡∏≠‡∏ô‡∏ô‡∏µ‡πâ‡∏õ‡πà‡∏ß‡∏¢‡πÑ‡∏°‡πà‡∏™‡∏ö‡∏≤‡∏¢ ‡∏Ñ‡∏∏‡∏ì‡∏´‡∏°‡∏≠‡∏ö‡∏£‡∏¥‡∏Å‡∏≤‡∏£‡∏î‡∏µ‡∏°‡∏≤‡∏Å‡πÜ‡∏Ñ‡πà‡∏∞ ‡πÄ‡∏à‡πâ‡∏≤‡∏´‡∏ô‡πâ‡∏≤‡∏ó‡∏µ‡πà‡∏Å‡πá‡∏ó‡∏≥‡∏´‡∏ô‡πâ‡∏≤‡∏ó‡∏µ‡πà‡πÑ‡∏î‡πâ‡∏£‡∏ß‡∏î‡πÄ‡∏£‡πá‡∏ß‡πÄ‡∏õ‡πá‡∏ô‡∏≠‡∏µ‡∏Å‡∏´‡∏ô‡∏∂‡πà‡∏á‡∏Ñ‡∏ß‡∏≤‡∏°‡∏õ‡∏£‡∏∞‡∏ó‡∏±‡∏ö‡πÉ‡∏à‡∏ó‡∏µ‡πà‡πÉ‡∏ä‡πâ‡∏ö‡∏£‡∏¥‡∏Å‡∏≤‡∏£‡∏ó‡∏µ‡πà‡∏ô‡∏µ‡πà‡∏Ñ‡πà‡∏∞ ‡πÅ‡∏•‡∏∞‡∏™‡∏∞‡∏î‡∏ß‡∏Å‡∏Å‡∏±‡∏ö‡∏Å‡∏≤‡∏£‡∏°‡∏µ‡∏£‡∏ñ‡∏£‡∏±‡∏ö‡∏™‡πà‡∏á‡∏à‡∏≤‡∏Å ‡∏£‡∏û.‡∏à‡∏ô‡∏ñ‡∏∂‡∏á‡∏™‡∏ñ‡∏≤‡∏ô‡∏µ‡∏£‡∏ñ‡πÑ‡∏ü‡∏ü‡πâ‡∏≤ ‡∏ö‡∏µ‡∏ó‡∏µ‡πÄ‡∏≠‡∏™‡∏î‡πâ‡∏ß‡∏¢‡∏ô‡∏∞‡∏Ñ‡∏∞,1
‡∏™‡∏¥‡πà‡∏á‡∏≠‡∏≥‡∏ô‡∏ß‡∏¢‡∏Ñ‡∏ß‡∏≤‡∏°‡∏™‡∏∞‡∏î‡∏ß‡∏Å‡πÄ‡∏¢‡∏≠‡∏∞‡∏°‡∏≤‡∏Å‡πÜ ‡∏°‡∏µ‡∏Ñ‡∏£‡∏ö‡∏ó‡∏∏‡∏Å‡∏≠‡∏¢‡πà‡∏≤‡∏á‡∏£‡πâ‡∏≤‡∏ô‡∏≠‡∏≤‡∏´‡∏≤‡∏£‡πÄ‡∏¢‡∏≠‡∏∞ ‡πÑ‡∏°‡πà‡∏ï‡πâ‡∏≠‡∏á‡∏≠‡∏≠‡∏Å‡πÑ‡∏õ‡∏´‡∏≤‡∏Å‡∏¥‡∏ô‡∏î‡πâ‡∏≤‡∏ô‡∏ô‡∏≠‡∏Å‡∏£‡∏û. ‡πÅ‡∏û‡∏ó‡∏¢‡πå‡∏°‡∏µ‡∏Ñ‡∏ß‡∏≤‡∏°‡πÄ‡∏ä‡∏µ‡∏¢‡∏ß‡∏ä‡∏≤‡∏ç‡πÄ‡∏â‡∏û‡∏≤‡∏∞‡∏ó‡∏≤‡∏á‡πÄ‡∏¢‡∏≠‡∏∞ ‡∏™‡πà‡∏ß‡∏ô‡∏ï‡∏±‡∏ß‡πÄ‡∏£‡∏≤‡∏£‡∏±‡∏Å‡∏©‡∏≤‡∏õ‡∏£‡∏∞‡∏à‡∏≥‡∏Å‡∏±‡∏ö‡∏´‡∏°‡∏≠‡∏≠‡∏∏‡πâ‡∏¢ ‡πÄ‡∏õ‡πá‡∏ô‡πÅ‡∏û‡∏ó‡∏¢‡πå‡∏ó‡∏µ‡πà‡πÄ‡∏ä‡∏µ‡∏¢‡∏ß‡∏ä‡∏≤‡∏ç‡∏î‡πâ‡∏≤‡∏ô‡∏ú‡∏¥‡∏ß‡∏´‡∏ô‡∏±‡∏á ‡∏ï‡∏≠‡∏ô‡πÅ‡∏£‡∏Å‡πÜ‡∏ó‡∏µ‡πà‡πÄ‡∏£‡∏¥‡πà‡∏°‡∏£‡∏±‡∏Å‡∏©‡∏≤‡πÄ‡∏£‡∏≤‡∏°‡∏µ‡∏≠‡∏≤‡∏Å‡∏≤‡∏£‡∏•‡∏≠‡∏Å‡πÄ‡∏õ‡πá‡∏ô‡∏Ç‡∏∏‡∏¢‡∏ö‡πà‡∏≠‡∏¢‡∏°‡∏≤‡∏Å ‡πÉ‡∏ä‡πâ‡∏Ñ‡∏£‡∏µ‡∏°‡πÅ‡∏û‡∏á‡πÜ‡∏î‡∏µ‡πÜ‡∏ó‡∏µ‡πà‡∏ö‡∏≠‡∏Å‡∏°‡∏≤‡πÑ‡∏°‡πà‡πÑ‡∏î‡πâ‡∏ú‡∏• ‡∏à‡∏ô‡∏°‡∏µ‡πÇ‡∏≠‡∏Å‡∏≤‡∏™‡∏£‡∏±‡∏Å‡∏©‡∏≤‡∏ó‡∏µ‡πà‡∏ö‡∏≥‡∏£‡∏∏‡∏á‡∏£‡∏≤‡∏©‡∏é‡∏£‡πå ‡∏™‡∏±‡∏á‡πÄ‡∏Å‡∏ï‡∏∏‡∏¢‡∏≤‡∏ó‡∏µ‡πà‡πÉ‡∏ä‡πâ‡∏à‡∏∞‡πÄ‡∏õ‡πá‡∏ô‡∏¢‡∏≤‡πÄ‡∏Å‡∏£‡∏îA ‡∏ï‡πà‡∏≤‡∏á‡∏à‡∏≤‡∏Å‡∏ó‡∏µ‡πà‡∏≠‡∏∑‡πà‡∏ô‡πÜ‡∏ó‡∏µ‡πà‡πÄ‡∏Ñ‡∏¢‡πÉ‡∏ä‡πâ‡∏°‡∏≤ ‡∏£‡∏±‡∏Å‡∏©‡∏≤‡∏ï‡∏¥‡∏î‡∏ï‡πà‡∏≠‡∏Å‡∏±‡∏ô‡πÄ‡∏õ‡πá‡∏ô‡∏£‡∏∞‡∏¢‡∏∞‡πÄ‡∏ß‡∏•‡∏≤‡πÄ‡∏Å‡∏∑‡∏≠‡∏ö‡πÜ2‡πÄ‡∏î‡∏∑‡∏≠‡∏ô ‡∏≠‡∏≤‡∏Å‡∏≤‡∏£‡∏î‡∏µ‡∏Ç‡∏∂‡πâ‡∏ô‡∏°‡∏≤‡∏Å ‡πÅ‡∏ï‡πà‡∏ï‡∏¥‡∏î‡∏≠‡∏¢‡πà‡∏≤‡∏á‡∏ô‡∏∂‡∏á‡∏ó‡∏µ‡πà‡∏£‡∏π‡πâ‡∏™‡∏∂‡∏Å‡πÑ‡∏°‡πà‡∏õ‡∏£‡∏∞‡∏ó‡∏±‡∏ö‡πÉ‡∏à‡∏Ñ‡∏∑‡∏≠‡∏ú‡∏π‡πâ‡∏õ‡πà‡∏ß‡∏¢‡πÅ‡∏ó‡∏ö‡∏ï‡∏∞‡∏ß‡∏±‡∏ô‡∏≠‡∏≠‡∏Å‡∏Å‡∏•‡∏≤‡∏á‡πÄ‡∏¢‡∏≠‡∏∞‡πÑ‡∏õ‡∏´‡∏ô‡πà‡∏≠‡∏¢ ‡∏ó‡∏≥‡πÉ‡∏´‡πâ‡∏Å‡∏≤‡∏£‡πÄ‡∏î‡∏¥‡∏ô‡πÄ‡∏£‡∏∑‡πà‡∏≠‡∏á‡∏´‡∏£‡∏∑‡∏≠‡∏ö‡∏≤‡∏á‡∏™‡∏¥‡πâ‡∏á‡∏•‡πà‡∏≤‡∏ä‡πâ‡∏≤ ‡∏û‡∏¢‡∏≤‡∏¢‡∏≤‡∏•‡∏°‡∏±‡∏ß‡∏ö‡∏£‡∏¥‡∏Å‡∏≤‡∏£‡πÅ‡∏ï‡πà‡∏ä‡∏≤‡∏ß‡∏ï‡∏∞‡∏ß‡∏±‡∏ô‡∏≠‡∏≠‡∏Å‡∏Å‡∏•‡∏≤‡∏á ‡∏ó‡∏≥‡πÉ‡∏´‡πâ‡∏ú‡∏π‡πâ‡∏õ‡πà‡∏ß‡∏¢‡πÉ‡∏ô‡∏õ‡∏£‡∏∞‡πÄ‡∏ó‡∏®‡∏≠‡∏¢‡πà‡∏≤‡∏á‡πÄ‡∏£‡∏≤‡∏Ç‡∏≤‡∏î‡∏Å‡∏≤‡∏£‡∏ö‡∏£‡∏¥‡∏Å‡∏≤‡∏£‡∏ó‡∏µ‡πà‡∏™‡∏°‡∏Ñ‡∏ß‡∏£‡∏à‡∏∞‡πÑ‡∏î‡πâ‡∏£‡∏±‡∏ö,1
‡πÇ‡∏£‡∏á‡∏û‡∏¢‡∏≤‡∏ö‡∏≤‡∏•‡∏™‡∏∞‡∏≠‡∏≤‡∏î ‡∏ö‡∏£‡∏¥‡∏Å‡∏≤‡∏£‡∏î‡∏µ‡πÄ‡∏•‡∏¥‡∏® ‡πÄ‡πÄ‡∏û‡∏ó‡∏¢‡πå‡πÄ‡∏â‡∏û‡∏≤‡∏∞‡∏ó‡∏≤‡∏á‡πÄ‡∏Å‡πà‡∏á,1
‡∏î‡∏π‡πÅ‡∏•‡∏î‡∏µ‡∏°‡∏≤‡∏Å‡∏™‡∏∞‡∏î‡∏ß‡∏Å‡∏™‡∏ö‡∏≤‡∏¢‡∏Å‡∏ß‡πà‡∏≤‡∏ó‡∏µ‡πà‡∏≠‡∏∑‡πà‡∏ô,1
‡πÇ‡∏î‡∏¢‡∏£‡∏ß‡∏°‡πÅ‡∏•‡πâ‡∏ß‡∏î‡∏µ‡∏°‡∏≤‡∏Å‡∏Ñ‡πà‡∏∞ ‡∏£‡∏∞‡∏¢‡∏∞‡πÄ‡∏ß‡∏•‡∏≤‡∏Å‡∏≤‡∏£‡∏£‡∏±‡∏Å‡∏©‡∏≤‡∏£‡∏ß‡∏î‡πÄ‡∏£‡πá‡∏ß ‡∏Å‡∏≤‡∏£‡∏ö‡∏£‡∏¥‡∏Å‡∏≤‡∏£‡∏î‡∏µ‡∏°‡∏≤‡∏Å‡∏Ñ‡πà‡∏∞ ‡πÅ‡∏ï‡πà‡∏Ñ‡πà‡∏≤‡∏£‡∏±‡∏Å‡∏©‡∏≤‡∏û‡∏¢‡∏≤‡∏ö‡∏≤‡∏•‡∏™‡∏π‡∏á‡πÑ‡∏õ‡∏´‡∏ô‡πà‡∏≠‡∏¢‡∏ô‡∏∞‡∏Ñ‡∏∞,1
( ‡∏´‡∏°‡∏≠‡πÅ‡∏¢‡πà‡∏°‡∏≤‡∏Å‡∏Ñ‡πà‡∏∞ ),0
‡∏Å‡∏≥‡∏•‡∏±‡∏á‡∏®‡∏∂‡∏Å‡∏©‡∏≤‡∏Ç‡πâ‡∏≠‡∏°‡∏π‡∏•‡∏≠‡∏¢‡∏π‡πà‡∏Ñ‡∏£‡∏±‡∏ö ‡∏Ç‡πâ‡∏≠‡∏°‡∏π‡∏•‡πÅ‡∏ô‡πà‡∏ô‡∏°‡∏≤‡∏Å‡∏Ñ‡∏£‡∏±‡∏ö,1
‡∏£‡∏≤‡∏Ñ‡∏≤‡∏≠‡∏¢‡πà‡∏≤‡∏á‡πÄ‡∏ó‡∏û ‡∏ö‡∏£‡∏¥‡∏Å‡∏≤‡∏£‡∏≠‡∏¢‡πà‡∏≤‡∏á‡πÑ‡∏û‡∏£‡πà!!! ‡∏ä‡πâ‡∏≤ ‡πÉ‡∏ä‡πâ‡πÄ‡∏ß‡∏•‡∏≤‡∏ô‡∏≤‡∏ô ‡∏ó‡∏±‡πâ‡∏á‡∏ï‡∏≠‡∏ô‡∏°‡∏µ‡∏Ñ‡∏ô‡πÉ‡∏ä‡πâ‡∏ö‡∏£‡∏¥‡∏Å‡∏≤‡∏£‡πÄ‡∏¢‡∏≠‡∏∞ ‡πÅ‡∏•‡∏∞‡∏°‡∏µ‡∏Ñ‡∏ô‡πÉ‡∏ä‡πâ‡∏ö‡∏£‡∏¥‡∏Å‡∏≤‡∏£‡∏ô‡πâ‡∏≠‡∏¢‡∏Å‡πá‡∏¢‡∏±‡∏á‡∏ä‡πâ‡∏≤ ‡∏ô‡∏±‡∏î‡πÄ‡∏ß‡∏•‡∏≤‡∏ô‡∏∂‡∏á‡πÑ‡∏î‡πâ‡∏ï‡∏£‡∏ß‡∏à‡∏≠‡∏µ‡∏Å‡πÄ‡∏ß‡∏•‡∏≤‡∏ô‡∏∂‡∏á‡∏ï‡∏•‡∏≠‡∏î ‡πÅ‡∏•‡∏∞‡πÄ‡∏õ‡πá‡∏ô‡πÄ‡∏ß‡∏•‡∏≤‡∏ó‡∏µ‡πà‡∏ä‡πâ‡∏≤‡∏Å‡∏ß‡πà‡∏≤‡∏ó‡∏µ‡πà‡∏ô‡∏±‡∏î‡πÑ‡∏õ‡∏õ‡∏£‡∏∞‡∏°‡∏≤‡∏ì 1 ‡∏ä‡∏±‡πà‡∏ß‡πÇ‡∏°‡∏á‡∏ó‡∏∏‡∏Å‡∏Ñ‡∏£‡∏±‡πâ‡∏á (‡πÉ‡∏ô‡∏Å‡∏£‡∏ì‡∏µ‡∏ó‡∏µ‡πà‡∏°‡∏≤‡∏ï‡∏£‡∏á‡πÄ‡∏ß‡∏•‡∏≤‡∏ô‡∏±‡∏î‡∏ô‡∏∞) ‡∏ñ‡πâ‡∏≤‡∏°‡∏≤‡πÑ‡∏°‡πà‡∏ï‡∏£‡∏á‡πÄ‡∏ß‡∏•‡∏≤‡∏ô‡∏±‡∏î‡∏Å‡πá‡πÄ‡∏•‡∏∑‡πà‡∏≠‡∏ô‡πÑ‡∏õ‡∏≠‡∏µ‡∏Å‡∏õ‡∏£‡∏∞‡∏°‡∏≤‡∏ì 1 ‡∏ä‡∏±‡πà‡∏ß‡πÇ‡∏°‡∏á ‡∏£‡∏ß‡∏°‡πÄ‡∏õ‡πá‡∏ô‡∏™‡∏≠‡∏á‡∏ä‡∏±‡πà‡∏ß‡πÇ‡∏°‡∏á ‡∏Ñ‡∏ô‡πÅ‡∏Å‡πà‡∏ó‡∏µ‡πà‡∏ö‡πâ‡∏≤‡∏ô‡∏ó‡∏±‡πâ‡∏á‡∏Ñ‡∏∏‡∏ì‡∏õ‡∏π‡πà ‡∏Ñ‡∏∏‡∏ì‡∏¢‡πà‡∏≤‡∏°‡∏≤‡∏ó‡∏µ‡πà‡∏ô‡∏µ‡πà‡∏õ‡∏µ‡∏ô‡∏∂‡∏á‡∏≠‡∏¢‡πà‡∏≤‡∏á‡∏ô‡πâ‡∏≠‡∏¢‡∏Ñ‡∏ô‡∏•‡∏∞ 4 ‡∏Ñ‡∏£‡∏±‡πâ‡∏á‡∏ï‡πà‡∏≠‡∏õ‡∏µ ‡∏ï‡πà‡∏≠‡∏Ñ‡∏ô (‡∏≠‡∏¢‡πà‡∏≤‡∏á‡∏ô‡πâ‡∏≠‡∏¢‡∏ô‡∏∞‡∏Ñ‡∏∞) ‡∏ö‡∏∏‡∏Ñ‡∏Ñ‡∏•‡∏≤‡∏Å‡∏£‡πÑ‡∏°‡πà‡∏°‡∏µ‡∏´‡∏±‡∏ß‡πÉ‡∏à‡∏ö‡∏£‡∏¥‡∏Å‡∏≤‡∏£ ‡πÉ‡∏´‡πâ‡∏Ñ‡∏∞‡πÅ‡∏ô‡∏ô‡∏Å‡∏≤‡∏£‡∏ö‡∏£‡∏¥‡∏Å‡∏≤‡∏£‡∏ó‡∏µ‡πà‡∏ô‡∏µ‡πà‡πÄ‡∏ï‡πá‡∏° 5 ‡πÉ‡∏´‡πâ‡πÅ‡∏Ñ‡πà 2.5 ‡∏ñ‡∏∂‡∏á2.8 ‡∏û‡∏≠ ‡∏ó‡∏≥‡∏á‡∏≤‡∏ô‡∏û‡∏•‡∏≤‡∏î‡πÄ‡∏Å‡∏∑‡∏≠‡∏ö‡∏ó‡∏∏‡∏Å‡∏Ñ‡∏£‡∏±‡πâ‡∏á‡∏î‡πâ‡∏ß‡∏¢ ‡∏™‡πà‡∏ß‡∏ô‡∏£‡∏≤‡∏Ñ‡∏≤‡πÄ‡∏´‡∏£‡∏≠ ‡πÅ‡∏û‡∏á‡∏ä‡∏¥‡∏ö‡∏´‡∏≤‡∏¢!!! ‡∏ó‡∏µ‡πà‡πÑ‡∏î‡πâ‡∏°‡∏≤‡πÑ‡∏°‡πà‡∏™‡∏°‡∏Å‡∏±‡∏ö‡∏ó‡∏µ‡πà‡∏à‡πà‡∏≤‡∏¢‡πÑ‡∏õ‡πÄ‡∏•‡∏¢ ‡∏Ñ‡∏ß‡∏£‡∏≠‡∏ö‡∏£‡∏°‡∏°‡∏≤‡∏£‡∏¢‡∏≤‡∏ó‡πÄ‡∏à‡πâ‡∏≤‡∏´‡∏ô‡πâ‡∏≤‡∏ó‡∏µ‡πà‡πÉ‡∏´‡∏°‡πà‡∏ô‡∏∞‡∏Ñ‡∏∞ ‡∏™‡∏µ‡∏´‡∏ô‡πâ‡∏≤ ‡∏ó‡πà‡∏≤‡∏ó‡∏≤‡∏á‡∏ô‡πà‡∏≤‡∏ï‡∏ö‡∏î‡∏µ‡∏Ñ‡πà‡∏∞ ‡πÄ‡∏ß‡∏•‡∏≤‡∏ñ‡∏≤‡∏°‡∏ó‡∏µ‡πà‡∏ó‡∏≥‡∏á‡∏≤‡∏ô‡∏û‡∏•‡∏≤‡∏î ‡πÑ‡∏°‡πà‡πÄ‡∏Ñ‡∏¢‡∏ï‡∏≠‡∏ö‡∏Ñ‡∏≥‡∏ñ‡∏≤‡∏°‡πÑ‡∏î‡πâ‡πÄ‡∏•‡∏¢ ‡πÅ‡∏ñ‡∏°‡∏ó‡∏≥‡∏´‡∏ô‡πâ‡∏≤‡πÄ‡∏Å‡πá‡∏ö‡∏Å‡∏î‡∏≠‡∏¢‡∏≤‡∏Å‡∏à‡∏∞‡∏•‡∏∏‡∏Å‡∏Ç‡∏∂‡πâ‡∏ô‡∏°‡∏≤‡∏ï‡∏ö‡πÄ‡∏£‡∏≤‡∏≠‡∏µ‡∏Å ‡πÅ‡∏ï‡πà‡∏Ç‡πà‡∏°‡πÑ‡∏ß‡πâ‡∏™‡∏∏‡∏î‡∏§‡∏ó‡∏ò‡∏¥‡πå‡∏≠‡∏∞‡πÑ‡∏£‡∏õ‡∏£‡∏∞‡∏°‡∏≤‡∏ì‡∏ô‡∏±‡πâ‡∏ô,0
‡∏°‡∏±‡πà‡∏ô‡πÉ‡∏à‡πÉ‡∏ô‡∏Å‡∏≤‡∏£‡∏£‡∏±‡∏Å‡∏©‡∏≤‡∏î‡∏π‡πÅ‡∏•‡∏Ñ‡∏ô‡πÑ‡∏Ç‡πâ‡∏≠‡∏¢‡πà‡∏≤‡∏á‡∏Ñ‡∏£‡∏≠‡∏ö‡∏Ñ‡∏£‡∏±‡∏ß‡πÄ‡∏î‡∏µ‡∏¢‡∏ß‡∏Å‡∏±‡∏ô‡∏Ç‡∏≠‡∏ö‡∏Ñ‡∏∏‡∏ì‡∏Ñ‡∏∏‡∏ì‡∏´‡∏°‡∏≠‡∏°‡∏≤‡∏Å‡πÜ‡∏Ñ‡∏£‡∏±‡∏ö,1
‡∏ö‡∏£‡∏¥‡∏Å‡∏≤‡∏£‡∏î‡∏µ ‡∏£‡∏ß‡∏î‡πÄ‡∏£‡πá‡∏ß‡∏ó‡∏±‡∏ô‡πÉ‡∏à ‡∏™‡∏°‡∏Å‡∏±‡∏ö‡∏£‡∏≤‡∏Ñ‡∏≤‡∏ó‡∏µ‡πà‡∏ï‡πâ‡∏≠‡∏á‡∏à‡πà‡∏≤‡∏¢,1
‡∏ú‡∏°‡∏Ñ‡∏π‡∏ì‡∏£‡∏∏‡πà‡∏á‡πÄ‡∏£‡∏∑‡∏≠‡∏á‡∏™‡∏µ‡∏™‡∏≤‡∏ô‡πÄ‡∏Ç‡πâ‡∏≤‡∏ú‡πà‡∏≤‡∏Å‡∏£‡∏∞‡∏î‡∏π‡∏Å‡∏ó‡∏±‡∏ö‡πÄ‡∏™‡∏±‡πâ‡∏ô‡∏≠‡∏≤‡∏Å‡∏≤‡∏£‡πÑ‡∏°‡πà‡∏î‡∏µ‡∏Ç‡∏∑‡πâ‡∏ô‡πÄ‡∏•‡∏¢‡∏≠‡∏≤‡∏Å‡∏≤‡∏£‡πÅ‡∏¢‡πà‡∏•‡∏á,0
‡∏ä‡∏≠‡∏ö‡∏ö‡∏ö,1
‡∏ù‡∏≤‡∏Å‡∏ó‡πâ‡∏≠‡∏á‡∏Å‡∏±‡∏ö‡∏Ñ‡∏∏‡∏ì‡∏´‡∏°‡∏≠‡∏ö‡∏∏‡∏ç‡∏ä‡∏±‡∏¢ ‡∏õ‡∏£‡∏∞‡∏ó‡∏±‡∏ö‡πÉ‡∏à‡∏°‡∏≤‡∏Å‡∏Ñ‡πà‡∏∞,1
‡∏Ñ‡∏ß‡∏≤‡∏°‡∏ó‡∏£‡∏á‡∏à‡∏≥‡∏ó‡∏µ‡πà‡∏î‡∏µ‡πÄ‡πÄ‡∏ö‡∏∞‡∏ó‡∏µ‡πà‡∏°‡∏±‡∏ô‡πÑ‡∏°‡πà‡∏°‡∏µ‡∏ó‡∏≤‡∏á‡∏Å‡∏•‡∏±‡∏ö‡∏°‡∏≤‡∏≠‡∏µ‡∏Å,1
‡∏Ç‡∏≠‡∏£‡πâ‡∏≠‡∏á‡πÄ‡∏£‡∏µ‡∏¢‡∏ô‡∏´‡∏ô‡πà‡∏≠‡∏¢ ‡∏´‡∏°‡∏≠‡∏°‡∏≤‡∏ß‡∏¥‡∏ô‡∏û‡∏π‡∏î‡∏à‡∏≤‡πÑ‡∏°‡πà‡∏™‡∏∏‡∏†‡∏≤‡∏û ‡πÉ‡∏´‡πâ‡∏Ñ‡∏≥‡∏ï‡∏≠‡∏ö‡πÑ‡∏°‡πà‡∏ä‡∏±‡∏î‡πÄ‡∏à‡∏ô‡∏Å‡∏±‡∏ö‡∏Ñ‡∏ô‡πÑ‡∏Ç‡πâ 1.‡∏ó‡∏≤‡∏á‡∏´‡∏°‡∏≠‡πÉ‡∏´‡πâ‡πÄ‡∏à‡∏≤‡∏∞‡∏ä‡∏¥‡πâ‡∏ô‡πÄ‡∏ô‡∏∑‡πâ‡∏≠‡πÑ‡∏õ‡∏ß‡∏¥‡πÄ‡∏Ñ‡∏£‡∏≤‡∏∞‡∏´‡πå ‡∏ú‡∏•‡∏≠‡∏≠‡∏Å‡πÑ‡∏°‡πà‡∏ä‡∏±‡∏î‡πÄ‡∏à‡∏ô‡∏ï‡πâ‡∏≠‡∏á‡πÉ‡∏´‡πâ‡∏ú‡πà‡∏≤‡πÅ‡∏•‡πâ‡∏ß‡∏ß‡∏¥‡πÄ‡∏Ñ‡∏£‡∏≤‡∏∞‡∏´‡πå‡πÉ‡∏´‡∏°‡πà ‡πÅ‡∏•‡πâ‡∏ß‡∏à‡∏∞‡πÄ‡∏™‡∏µ‡∏¢‡πÄ‡∏á‡∏¥‡∏ô‡∏ó‡∏≥‡πÑ‡∏°2‡∏£‡∏≠‡∏ö 2.‡∏ó‡∏≤‡∏á‡∏Ñ‡∏ô‡πÑ‡∏Ç‡πâ‡∏™‡∏á‡∏™‡∏±‡∏¢‡∏ß‡πà‡∏≤‡∏´‡∏¥‡∏ô‡∏õ‡∏π‡∏ô‡∏ó‡∏µ‡πà‡πÄ‡∏Å‡∏≤‡∏∞‡∏ó‡∏µ‡πà‡πÄ‡∏ï‡πâ‡∏≤‡∏ô‡∏°‡πÄ‡∏Å‡∏¥‡∏î‡∏à‡∏≤‡∏Å‡∏≠‡∏∞‡πÑ‡∏£‡∏´‡∏°‡∏≠‡∏ï‡∏≠‡∏ö‡∏ß‡πà‡∏≤ ‡πÑ‡∏°‡πà‡πÉ‡∏ä‡πà‡∏´‡∏°‡∏π‡πÉ‡∏ä‡πà‡πÅ‡∏°‡∏ß‡∏à‡∏∞‡∏ï‡∏≠‡∏ö‡πÑ‡∏î‡πâ‡∏á‡∏±‡∏¢ ‡∏á‡∏á‡∏°‡∏±‡πâ‡∏¢‡∏Ñ‡πà‡∏∞ ‡∏ô‡∏µ‡πâ‡∏´‡∏°‡∏≤‡∏´‡∏£‡∏∑‡∏≠‡∏´‡∏°‡∏≠‡∏Ñ‡πà‡∏∞(‡πÅ‡∏™‡∏î‡∏á‡∏ß‡πà‡∏≤‡∏à‡∏∞‡∏°‡∏±‡πà‡∏ô‡πÉ‡∏à‡πÇ‡∏£‡∏á‡∏û‡∏¢‡∏≤‡∏ö‡∏≤‡∏•‡∏ô‡∏µ‡πâ‡πÑ‡∏î‡πâ‡∏≠‡∏¢‡πà‡∏≤‡∏á‡πÑ‡∏£),0
‡∏™‡∏≤‡∏°‡∏µ‡∏Å‡πá‡πÑ‡∏õ‡∏£‡∏±‡∏Å‡∏©‡∏≤‡∏ï‡∏±‡∏ß‡∏≠‡∏¢‡∏π‡πà 10 ‡∏Å‡∏ß‡πà‡∏≤‡∏ß‡∏±‡∏ô ‡∏ó‡∏≤‡∏á‡πÇ‡∏£‡∏á‡∏û‡∏¢‡∏≤‡∏ö‡∏≤‡∏•‡∏î‡∏π‡πÅ‡∏• ‡πÄ‡∏õ‡πá‡∏ô‡∏≠‡∏¢‡πà‡∏≤‡∏á‡∏î‡∏µ ‡πÇ‡∏î‡∏¢‡∏£‡∏ß‡∏°‡∏î‡∏µ‡∏°‡∏≤‡∏Å‡∏Ñ‡πà‡∏∞ ‡∏Ç‡∏≠‡∏ö‡∏Ñ‡∏∏‡∏ì‡∏°‡∏≤‡∏Å‡∏Ñ‡πà‡∏∞‡∏™‡∏≥‡∏´‡∏£‡∏±‡∏ö‡∏Å‡∏≤‡∏£‡∏ö‡∏£‡∏¥‡∏Å‡∏≤‡∏£ ‡∏ó‡∏µ‡πà‡∏î‡∏µ‡πÄ‡∏¢‡∏µ‡πà‡∏¢‡∏°‡∏°‡∏≤‡∏Å‡πÜ ‡∏Ñ‡πà‡∏∞,1
‡∏õ‡∏£‡∏∞‡∏ó‡∏±‡∏ö‡πÉ‡∏à‡πÉ‡∏ô‡∏Å‡∏≤‡∏£‡∏ö‡∏£‡∏¥‡∏Å‡∏≤‡∏£‡∏ó‡∏µ‡πà‡∏î‡∏µ ‡πÅ‡∏û‡∏ó‡∏¢‡πå‡∏°‡∏µ‡∏Ñ‡∏ß‡∏≤‡∏°‡∏™‡∏≤‡∏°‡∏≤‡∏£‡∏ñ‡∏™‡∏π‡∏á ‡∏™‡∏°‡∏£‡∏≤‡∏Ñ‡∏≤,1
‡∏°‡∏≤‡∏ï‡∏£‡∏≤‡∏ê‡∏≤‡∏ô‡∏Å‡∏≤‡∏£‡∏ö‡∏£‡∏¥‡∏Å‡∏≤‡∏£‡∏î‡∏µ‡∏°‡∏≤‡∏Å ‡∏õ‡∏£‡∏∞‡∏ó‡∏±‡∏ö‡πÉ‡∏à‡πÅ‡∏•‡∏∞‡∏ï‡∏¥‡∏î‡∏ï‡∏≤‡∏°‡∏Ç‡πà‡∏≤‡∏ß‡∏™‡∏≤‡∏£‡πÉ‡∏ô‡πÄ‡∏û‡∏à‡∏°‡∏≤‡∏ï‡∏•‡∏≠‡∏î ‡∏°‡∏µ‡∏Ç‡πâ‡∏≠‡∏°‡∏π‡∏•‡∏î‡∏µ‡πÜ ‡∏°‡∏≤‡πÅ‡∏ö‡πà‡∏á‡∏õ‡∏±‡∏ô‡πÄ‡∏¢‡∏≠‡∏∞‡πÄ‡∏•‡∏¢ ‡∏ä‡∏≠‡∏ö‡∏Ñ‡∏£‡∏±‡∏ö,1
‡∏õ‡∏£‡∏∞‡∏ó‡∏±‡∏ö‡πÉ‡∏à‡∏°‡∏≤‡∏Å‡∏°‡∏≤‡πÄ‡∏õ‡πá‡∏ô‡∏•‡∏π‡∏Å‡∏Ñ‡πâ‡∏≤‡πÄ‡∏Å‡∏∑‡∏≠‡∏ö‡∏ó‡∏∏‡∏Å‡πÄ‡∏î‡∏∑‡∏≠‡∏ô,1
‡∏£‡∏±‡∏Å‡∏©‡∏≤‡∏ó‡∏µ‡πà‡∏ô‡∏µ‡πà‡∏ó‡∏±‡πâ‡∏á‡∏Ñ‡∏£‡∏≠‡∏ö‡∏Ñ‡∏£‡∏±‡∏ß‡∏Ñ‡πà‡∏∞ ‡∏•‡∏π‡∏Å‡∏™‡∏≠‡∏á‡∏Ñ‡∏ô‡∏ù‡∏≤‡∏Å‡∏ó‡πâ‡∏≠‡∏á‡πÅ‡∏•‡∏∞‡∏Ñ‡∏•‡∏≠‡∏î‡∏ó‡∏µ‡πà‡∏ö‡∏≥‡∏£‡∏∏‡∏á‡∏£‡∏≤‡∏©‡∏é‡∏£‡πå ‡∏™‡∏∞‡∏î‡∏ß‡∏Å‡∏Ñ‡πà‡∏∞‡∏£‡∏ß‡∏î‡πÄ‡∏£‡πá‡∏ß‡πÑ‡∏°‡πà‡∏ï‡πâ‡∏≠‡∏á‡∏£‡∏≠‡∏ô‡∏≤‡∏ô‡∏¢‡∏Å‡πÄ‡∏ß‡πâ‡∏ô‡∏ñ‡πâ‡∏≤‡πÑ‡∏°‡πà‡πÑ‡∏î‡πâ‡∏ô‡∏±‡∏î‡∏Ñ‡∏∏‡∏ì‡∏´‡∏°‡∏≠‡∏•‡πà‡∏ß‡∏á‡∏´‡∏ô‡πâ‡∏≤‡∏à‡∏∞‡∏£‡∏≠‡∏ô‡∏≤‡∏ô‡∏ô‡∏¥‡∏î‡∏ô‡∏∂‡∏á‡∏Ñ‡πà‡∏∞,1
‡∏Ñ‡∏∏‡∏ì‡∏†‡∏≤‡∏û‡∏™‡∏π‡∏á ‡∏ö‡∏£‡∏¥‡∏Å‡∏≤‡∏£‡πÄ‡∏¢‡∏µ‡πà‡∏¢‡∏°(‡πÑ‡∏õ‡∏ú‡πà‡∏≤‡∏Ñ‡∏•‡∏≠‡∏î) ‡πÉ‡∏Ñ‡∏£‡∏ö‡∏≠‡∏Å‡∏ß‡πà‡∏≤‡πÅ‡∏û‡∏á ‡∏Ñ‡∏∏‡∏ì‡∏•‡∏≠‡∏á‡∏°‡∏≤‡πÉ‡∏ä‡πâ‡∏ö‡∏£‡∏¥‡∏Å‡∏≤‡∏£‡πÅ‡∏•‡πâ‡∏ß‡∏´‡∏£‡∏∑‡∏≠‡∏¢‡∏±‡∏á,1
‡∏ö‡∏£‡∏¥‡∏Å‡∏≤‡∏£‡∏î‡∏µ‡∏Ñ‡πà‡∏∞..‡πÄ‡∏≠‡∏≤‡πÉ‡∏à‡πÉ‡∏™‡πà‡∏Ñ‡∏ô‡πÑ‡∏Ç‡πâ‡∏î‡∏µ‡∏°‡∏≤‡∏Å,1
‡∏õ‡∏£‡∏∞‡∏ó‡∏±‡∏ö‡πÉ‡∏à ‡∏Ñ‡∏∏‡∏ì‡∏´‡∏°‡∏≠‡∏≠‡∏£‡∏£‡∏ñ ‡∏ô‡∏≤‡∏ô‡∏≤ ‡∏°‡∏≤‡∏Å‡πÜ ‡πÉ‡∏ô‡∏Ñ‡∏ß‡∏≤‡∏°‡πÄ‡∏°‡∏ï‡∏ï‡∏≤‡πÅ‡∏•‡∏∞‡πÉ‡∏™‡πà‡πÉ‡∏à‡∏ñ‡∏∂‡∏á‡∏Ñ‡∏ß‡∏≤‡∏°‡∏Å‡∏±‡∏á‡∏ß‡∏•‡∏Ç‡∏≠‡∏á‡∏ú‡∏π‡πâ‡∏õ‡πà‡∏ß‡∏¢ ‡∏ï‡∏•‡∏≠‡∏î‡∏à‡∏ô‡∏Ñ‡∏≥‡πÅ‡∏ô‡∏∞‡∏ô‡∏≥‡πÄ‡∏Å‡∏µ‡πà‡∏¢‡∏ß‡∏Å‡∏±‡∏ö‡πÅ‡∏ô‡∏ß‡∏ó‡∏≤‡∏á‡πÉ‡∏ô‡∏Å‡∏≤‡∏£‡∏£‡∏±‡∏Å‡∏©‡∏≤‡∏ó‡∏µ‡πà‡∏ï‡∏£‡∏á‡∏à‡∏∏‡∏î‡πÅ‡∏•‡∏∞‡∏Ñ‡∏£‡∏≠‡∏ö‡∏Ñ‡∏•‡∏∏‡∏° _/\_ ‡πÄ‡∏à‡πâ‡∏≤‡∏´‡∏ô‡πâ‡∏≤‡∏ó‡∏µ‡πà‡∏û‡∏¢‡∏≤‡∏ö‡∏≤‡∏•‡∏ï‡∏•‡∏≠‡∏î‡∏à‡∏ô‡∏£‡∏õ‡∏†‡∏Å‡πá‡πÄ‡∏≠‡∏≤‡πÉ‡∏à‡πÉ‡∏™‡πà‡∏ä‡πà‡∏ß‡∏¢‡πÄ‡∏´‡∏•‡∏∑‡∏≠‡∏°‡∏µ‡∏à‡∏¥‡∏ï‡∏ö‡∏£‡∏¥‡∏Å‡∏≤‡∏£,1
‡∏≠‡∏∏‡πà‡∏ô‡πÉ‡∏à ‡∏ß‡πà‡∏≤‡∏•‡∏π‡∏Å‡πÅ‡∏°‡πà‡∏à‡∏∞‡∏õ‡∏•‡∏≠‡∏î‡∏†‡∏±‡∏¢‡πÅ‡∏•‡∏∞‡∏´‡∏≤‡∏¢‡∏î‡∏µ‡πÅ‡∏ô‡πà‡∏ô‡∏≠‡∏ô,1
‡∏ö‡∏£‡∏¥‡∏Å‡∏≤‡∏£‡∏î‡∏µ‡∏ó‡∏µ‡πà‡∏™‡∏∏‡∏î‡∏Ñ‡πà‡∏∞...‡∏ö‡∏£‡∏¥‡∏Å‡∏≤‡∏£‡πÄ‡∏£‡πá‡∏ß‡∏î‡∏µ‡πÄ‡∏ß‡∏•‡∏≤‡∏•‡∏π‡∏Å‡∏ô‡πâ‡∏≠‡∏¢‡πÑ‡∏°‡πà‡∏™‡∏ö‡∏≤‡∏¢‡∏£‡∏π‡πâ‡∏™‡∏∂‡∏Å‡∏≠‡∏∏‡πà‡∏ô‡πÉ‡∏à‡∏Ñ‡∏∞‡πÄ‡∏û‡∏£‡∏≤‡∏∞‡πÄ‡∏£‡πá‡∏ß‡∏î‡∏µ...,1
‡πÄ‡∏°‡∏∑‡πà‡∏≠‡∏Å‡πà‡∏≠‡∏ô‡∏£‡∏±‡∏Å‡∏©‡∏≤‡∏ó‡∏µ‡πà‡∏ô‡∏µ‡πà‡∏ï‡∏≠‡∏ô‡∏ô‡∏µ‡πâ‡πÄ‡∏õ‡∏•‡∏∑‡πà‡∏¢‡∏ô‡πÅ‡∏•‡πâ‡∏ß,1
‡πÅ‡∏û‡∏á‡∏°‡∏ß‡πä‡∏≤‡∏Å‡∏Å‡∏Å‡∏Å‡πÄ‡∏õ‡πá‡∏ô‡∏ò‡∏∏‡∏£‡∏Å‡∏¥‡∏à‡∏°‡∏≤‡∏Å‡∏Å‡∏ß‡πà‡∏≤,0
‡∏ï‡πâ‡∏≠‡∏ô‡∏£‡∏±‡∏ö‡∏î‡∏µ‡∏°‡∏≤‡∏Å‡πÜ‡∏Ñ‡∏£‡∏±‡∏ö ‡∏ö‡∏£‡∏¥‡∏Å‡∏≤‡∏£‡∏õ‡∏£‡∏∞‡∏ó‡∏±‡∏ö‡πÉ‡∏à ‡∏´‡∏°‡∏≠‡πÄ‡∏â‡∏û‡∏≤‡∏∞‡∏ó‡∏≤‡∏á‡πÄ‡∏Å‡πà‡∏á‡∏°‡∏≤‡∏Å ‡∏£‡∏±‡∏Å‡∏©‡∏≤‡∏ï‡∏£‡∏á‡∏à‡∏∏‡∏î ‡∏ñ‡∏∂‡∏á‡∏£‡∏≤‡∏Ñ‡∏≤‡∏à‡∏∞‡∏™‡∏π‡∏á‡πÑ‡∏õ‡∏´‡∏ô‡πà‡∏≠‡∏¢ ‡πÅ‡∏ï‡πà‡∏ñ‡πâ‡∏≤‡πÄ‡∏ó‡∏µ‡∏¢‡∏ö‡∏Å‡∏±‡∏ö‡∏ö‡∏£‡∏¥‡∏Å‡∏≤‡∏£‡∏ñ‡∏∑‡∏≠‡∏ß‡πà‡∏≤‡∏Ñ‡∏∏‡πâ‡∏°‡∏Ñ‡∏£‡∏±‡∏ö,1
‡∏™‡∏∏‡∏î‡∏¢‡∏≠‡∏î,1
‡πÅ‡∏≠‡∏£‡πå‡∏´‡∏ô‡∏≤‡∏ß‡∏Ç‡∏ô‡∏•‡∏∏‡∏Å‡πÄ‡∏•‡∏¢,1
‡∏¢‡∏≠‡∏î‡πÄ‡∏¢‡∏µ‡πà‡∏¢‡∏° ‡∏ó‡∏∏‡∏Å‡∏ö‡∏£‡∏¥‡∏Å‡∏≤‡∏£ ‡∏Ñ‡∏∏‡∏ì‡∏†‡∏≤‡∏û‡πÄ‡∏Å‡∏¥‡∏ô‡∏£‡πâ‡∏≠‡∏¢,1
‡∏î‡∏π‡πÅ‡∏•‡∏î‡∏µ ‡∏ö‡∏£‡∏¥‡∏Å‡∏≤‡∏£‡πÄ‡∏õ‡πá‡∏ô‡∏Å‡∏±‡∏ô‡πÄ‡∏≠‡∏á ‡∏™‡∏∞‡∏≠‡∏≤‡∏î ‡∏õ‡∏•‡∏≠‡∏î‡∏†‡∏±‡∏¢,1
‡∏´‡∏°‡∏≠‡∏£‡∏±‡∏Å‡∏©‡∏≤‡∏î‡∏µ‡∏°‡∏≤‡∏Å‡πÜ‡∏Ñ‡πà‡∏∞. ‡∏û‡∏¢‡∏≤‡∏ö‡∏≤‡∏•‡∏ö‡∏£‡∏¥‡∏Å‡∏≤‡∏£‡πÅ‡∏•‡∏∞‡πÉ‡∏´‡πâ‡∏Ñ‡∏ß‡∏≤‡∏°‡∏ä‡πà‡∏ß‡∏¢‡πÄ‡∏´‡∏•‡∏∑‡∏≠‡∏î‡∏µ‡∏Ñ‡πà‡∏∞,1
‡∏ß‡∏¥‡∏ß‡∏±‡∏í‡∏ô‡∏≤‡∏Å‡∏≤‡∏£ ‡πÅ‡∏•‡∏∞ ‡πÄ‡∏ó‡∏Ñ‡πÇ‡∏ô‡πÇ‡∏•‡∏¢‡∏µ ‡πÅ‡∏•‡∏∞ ‡∏Ñ‡∏ì‡∏∞‡πÅ‡∏û‡∏ó‡∏¢‡πå ‡∏ä‡∏±‡πâ‡∏ô‡∏´‡∏ô‡∏∂‡πà‡∏á‡∏Ñ‡πà‡∏∞,1
‡∏Ç‡∏≠‡∏ö‡∏Ñ‡∏∏‡∏ì‡∏ó‡∏µ‡πà‡∏î‡∏π‡πÅ‡∏•‡πÅ‡∏•‡∏∞‡πÉ‡∏™‡πà‡πÉ‡∏à‡∏î‡∏µ‡∏Ñ‡πà‡∏∞^_^,1
‡πÄ‡∏õ‡πá‡∏ô‡πÇ‡∏£‡∏á‡∏û‡∏¢‡∏≤‡∏ö‡∏≤‡∏•‡∏ó‡∏µ‡πà‡∏î‡∏µ ‡∏ö‡∏£‡∏¥‡∏Å‡∏≤‡∏£‡∏î‡∏µ ‡∏Ñ‡∏∏‡∏ì‡∏´‡∏°‡∏≠‡∏Å‡πá‡πÄ‡∏Å‡πà‡∏á ‡πÉ‡∏´‡πâ‡∏Ñ‡∏≥‡∏õ‡∏£‡∏∂‡∏Å‡∏©‡∏≤‡∏î‡∏µ ‡∏≠‡∏ò‡∏¥‡∏ö‡∏≤‡∏¢‡πÇ‡∏£‡∏Ñ‡∏ó‡∏µ‡πà‡πÄ‡∏£‡∏≤‡πÄ‡∏õ‡πá‡∏ô‡πÉ‡∏´‡πâ‡πÄ‡∏£‡∏≤‡∏ü‡∏±‡∏á ‡πÄ‡∏Ç‡πâ‡∏≤‡πÉ‡∏à‡∏á‡πà‡∏≤‡∏¢ ‡πÅ‡∏•‡∏∞‡πÉ‡∏´‡πâ‡∏Å‡∏≥‡∏•‡∏±‡∏á‡πÉ‡∏à‡∏Ñ‡∏ô‡πÑ‡∏Ç‡πâ‡∏î‡∏µ‡∏°‡∏≤‡∏Å‡πÄ‡∏•‡∏¢‡∏Ñ‡πà‡∏∞,1
‡πÄ‡∏™‡πâ‡∏ô‡∏ó‡∏≤‡∏á‡πÑ‡∏°‡πà‡∏™‡∏∞‡∏î‡∏ß‡∏Å‡πÄ‡∏•‡∏¢‡πÑ‡∏õ‡∏ó‡∏≤‡∏á‡∏£‡∏≤‡∏ä‡∏õ‡∏£‡∏∞‡∏™‡∏á‡∏Ñ‡πå‡∏Å‡πá‡πÄ‡∏õ‡πá‡∏ô‡∏ó‡∏≤‡∏á‡∏ß‡∏±‡∏ô‡πÄ‡∏ß‡∏¢‡πå.‡∏£‡∏ñ‡πÄ‡∏°‡∏•‡πå‡∏ß‡∏¥‡πà‡∏á‡∏ó‡∏≤‡∏á‡πÄ‡∏î‡∏µ‡∏¢‡∏ß..‡∏ó‡∏≤‡∏á‡πÄ‡∏Ç‡πâ‡∏≤-‡∏ó‡∏≤‡∏á‡∏≠‡∏≠‡∏Å‡∏ã‡∏≠‡∏¢‡∏Å‡πá‡πÅ‡∏Ñ‡∏ö‡πÜ.‡∏£‡∏ñ‡πÄ‡∏â‡∏µ‡πà‡∏¢‡∏ß‡∏Å‡∏±‡∏ô‡∏õ‡∏£‡∏∞‡∏à‡∏≥...,0
‡πÉ‡∏Ñ‡∏£‡∏Å‡πá‡∏¢‡∏≠‡∏°‡∏£‡∏±‡∏ö‡∏ö‡∏≥‡∏£‡∏∏‡∏á‡∏£‡∏≤‡∏©‡∏é‡∏£‡πå‡πÄ‡∏õ‡πá‡∏ô‡∏´‡∏ô‡∏∂‡πà‡∏á‡∏Ñ‡∏∞‡∏™‡∏ñ‡∏≤‡∏ô‡∏ó‡∏µ‡πà‡∏ô‡∏±‡πà‡∏á‡∏™‡∏ö‡∏≤‡∏¢‡∏´‡∏°‡∏≠‡∏Å‡πá‡πÄ‡∏Å‡πà‡∏á‡∏ä‡πà‡∏ß‡∏á‡∏ô‡∏µ‡πâ‡πÅ‡∏î‡∏á‡∏´‡∏≤‡∏¢‡πÅ‡∏•‡πâ‡∏ß‡∏£‡πà‡∏≤‡∏á‡∏Å‡∏≤‡∏¢‡πÅ‡∏Ç‡πá‡∏á‡πÅ‡∏£‡∏á‡∏Å‡πá‡πÑ‡∏°‡πà‡πÑ‡∏î‡πâ‡πÑ‡∏õ‡∏Ñ‡∏∞‡∏Ç‡∏≠‡∏ö‡∏Ñ‡∏∏‡∏ì‡∏≠‡∏≤‡∏à‡∏≤‡∏£‡∏¢‡πå‡∏Å‡∏±‡∏ö‡∏´‡∏°‡∏≠‡πÜ‡∏ó‡∏µ‡πà‡∏£‡∏±‡∏Å‡∏©‡∏≤‡∏Ñ‡∏∞. ‡∏ï‡πà‡∏≤‡∏á‡∏à‡∏≤‡∏Å‡∏°‡∏≤‡∏£‡∏±‡∏Å‡∏©‡∏≤‡∏°‡∏≤‡∏Å‡∏Ñ‡∏∞‡∏Ç‡∏≠‡∏ö‡∏Ñ‡∏∏‡∏ì‡∏Ñ‡∏∞,1
‡∏Ñ‡∏£‡∏±‡πâ‡∏á‡πÅ‡∏£‡∏Å‡∏ó‡∏µ‡πà‡πÄ‡∏Ç‡πâ‡∏≤‡∏°‡∏≤‡πÇ‡∏£‡∏á‡∏û‡∏¢‡∏≤‡∏ö‡∏≤‡∏•‡∏ö‡∏≥‡∏£‡∏∏‡∏á‡∏£‡∏≤‡∏©‡∏é‡∏£‡πå‡∏£‡∏π‡πâ‡∏™‡∏∂‡∏Å‡∏õ‡∏£‡∏∞‡∏ó‡∏±‡∏ö‡πÉ‡∏à ‡∏û‡∏ô‡∏±‡∏Å‡∏á‡∏≤‡∏ô‡∏ö‡∏£‡∏¥‡∏Å‡∏≤‡∏£‡∏ï‡πâ‡∏≠‡∏ô‡∏£‡∏±‡∏ö‡∏î‡∏µ ‡∏û‡∏π‡∏î‡∏à‡∏≤‡πÑ‡∏û‡πÄ‡∏£‡∏≤‡∏∞ ‡∏Å‡∏≤‡∏£‡∏ö‡∏£‡∏¥‡∏Å‡∏≤‡∏£‡πÄ‡∏¢‡∏µ‡πà‡∏¢‡∏°‡∏°‡∏≤‡∏Å‡∏Ñ‡πà‡∏∞,1
‡∏ö‡∏£‡∏¥‡∏Å‡∏≤‡∏£‡πÄ‡∏õ‡πá‡∏ô‡πÄ‡∏•‡∏¥‡∏®,1
‡∏ä‡πâ‡∏≤. ‡πÅ‡∏ï‡πà‡∏î‡∏π‡πÅ‡∏•‡∏î‡∏µ‡∏ô‡∏∞‡∏à‡∏£‡πâ‡∏≤,1
‡∏´‡∏≤‡∏ß‡∏¥‡∏ò‡∏µ‡∏£‡∏±‡∏Å‡∏©‡∏≤‡πÇ‡∏•‡∏Å‡πÑ‡∏ß‡πâ‡∏£‡∏±‡∏™‡∏ï‡∏±‡∏ö‡∏≠‡∏±‡∏Å‡πÄ‡∏™‡∏ö‡∏ö‡∏µ‡∏Ñ‡∏±‡∏ö,1
‡∏•‡∏π‡∏Å‡∏´‡∏ô‡∏π‡πÄ‡∏û‡∏¥‡πà‡∏á‡πÑ‡∏î‡πâ5‡πÄ‡∏î‡∏∑‡∏≠‡∏ô ‡∏Ñ‡∏∏‡∏ì‡∏´‡∏°‡∏≠‡∏™‡∏á‡∏™‡∏±‡∏¢‡∏ß‡πà‡∏≤‡∏à‡∏∞‡πÄ‡∏õ‡πá‡∏ô‡∏ú‡∏ô‡∏±‡∏á‡∏´‡∏±‡∏ß‡πÉ‡∏à‡∏£‡∏±‡πà‡∏ß ‡∏£‡∏≠‡∏ï‡∏£‡∏ß‡∏à‡∏≠‡∏µ‡∏Å‡∏ó‡∏µ ‡πÅ‡∏ï‡πà‡∏ï‡∏≠‡∏ô‡∏ô‡∏µ‡πâ‡∏´‡∏ô‡∏π‡∏Ñ‡∏¥‡∏î‡∏°‡∏≤‡∏Å‡∏à‡∏ô‡∏ô‡∏≠‡∏ô‡πÑ‡∏°‡πà‡∏´‡∏•‡∏±‡∏ö‡πÄ‡∏•‡∏¢‡∏Ñ‡πà‡∏∞ ‡∏Å‡∏•‡∏±‡∏ß‡∏•‡∏π‡∏Å‡∏à‡∏∞‡πÄ‡∏õ‡πá‡∏ô,1
‡πÅ‡∏û‡∏á‡∏£‡∏∞‡∏¢‡∏±‡∏ö ‡∏£‡∏∞‡∏î‡∏±‡∏ö5,1
‡∏£‡∏≠‡∏ô‡∏≤‡∏ô‡∏°‡∏≤‡∏Å ‡πÅ‡∏ï‡πà‡∏û‡∏≠‡∏ï‡∏£‡∏ß‡∏à‡∏Å‡πá‡πÑ‡∏°‡πà‡∏ñ‡∏∂‡∏á5‡∏ô‡∏≤‡∏ó‡∏µ‡∏Ñ‡πà‡∏∞ ‡∏ï‡∏≠‡∏ô‡πÑ‡∏õ‡∏£‡∏≠‡∏ä‡∏≥‡∏£‡∏∞‡πÄ‡∏á‡∏¥‡∏ô‡∏Å‡πá‡∏ô‡∏≤‡∏ô‡∏°‡∏≤‡∏Å‡πÄ‡∏´‡∏°‡∏∑‡∏≠‡∏ô‡∏Å‡∏±‡∏ô,0
‡πÅ‡∏û‡∏á‡∏°‡∏≤‡∏Å‡πÜ,1
‡∏•‡∏π‡∏Å‡∏Å‡πá‡πÄ‡∏Å‡∏¥‡∏î‡∏ó‡∏µ‡πà‡∏ô‡∏µ‡πà‡∏£‡∏±‡∏Å‡∏©‡∏≤‡∏ó‡∏µ‡πà‡∏ô‡∏µ‡πà ‡∏ö‡∏£‡∏¥‡∏Å‡∏≤‡∏£‡∏î‡∏µ‡∏Ñ‡πà‡∏∞ ‡∏´‡∏°‡∏≠‡πÄ‡∏Å‡πà‡∏á‡πÄ‡∏¢‡∏≠‡∏∞ ‡∏û‡∏¢‡∏≤‡∏ö‡∏≤‡∏•‡∏Å‡πá‡πÄ‡∏Å‡πà‡∏á,1
‡πÅ‡∏¢‡πà‡∏™‡∏∏‡∏î ‡∏ï‡∏£‡∏ß‡∏à‡πÅ‡∏õ‡∏õ‡πÜ ‡πÑ‡∏°‡πà‡∏•‡∏∞‡πÄ‡∏≠‡∏µ‡∏¢‡∏î ‡∏ä‡∏∏‡πà‡∏¢‡πÜ ‡πÄ‡∏à‡∏≠‡∏°‡∏≤3‡πÅ‡∏ú‡∏ô‡∏Å‡∏•‡∏∞ ‡∏à‡πà‡∏≤‡∏¢‡πÄ‡∏á‡∏¥‡∏ô‡∏Å‡πá‡πÅ‡∏û‡∏á ‡πÑ‡∏°‡πà‡πÑ‡∏î‡πâ‡∏Ç‡∏≠‡∏°‡∏±‡∏ô‡∏ï‡∏£‡∏ß‡∏à‡∏ü‡∏£‡∏µ ‡∏´‡∏°‡∏≠‡πÅ‡∏°‡πà‡∏á‡πÄ‡∏Æ‡∏á‡∏ã‡∏ß‡∏¢ ‡πÅ‡∏û‡∏á‡πÑ‡∏°‡πà‡πÑ‡∏î‡πâ‡∏´‡∏°‡∏≤‡∏¢‡∏ñ‡∏∂‡∏á‡∏î‡∏µ‡πÄ‡∏™‡∏°‡∏≠‡πÑ‡∏õ,0
‡πÉ‡∏ä‡πà‡∏Ñ‡∏∞‡πÄ‡∏´‡πá‡∏ô‡∏î‡πâ‡∏ß‡∏¢‡∏Å‡∏±‡∏ö‡∏Å‡∏≤‡∏£‡∏ö‡∏£‡∏¥‡∏Å‡∏≤‡∏£‡∏ó‡∏µ‡πà‡πÅ‡∏¢‡πà‡πÄ‡∏£‡∏≤‡∏¢‡∏≠‡∏°‡∏à‡πà‡∏≤‡∏¢‡πÄ‡∏á‡∏¥‡∏ô‡∏ó‡∏µ‡πà‡πÅ‡∏û‡∏á‡πÄ‡∏û‡∏£‡∏≤‡∏∞‡∏ï‡πâ‡∏≠‡∏á‡∏Å‡∏≤‡∏£‡∏ö‡∏£‡∏¥‡∏Å‡∏≤‡∏£‡∏ó‡∏µ‡πà‡∏î‡∏µ‡∏Å‡∏ß‡πà‡∏≤‡∏ó‡∏µ‡πà‡∏≠‡∏∑‡πà‡∏ô ‡∏ñ‡πâ‡∏≤‡πÄ‡∏ó‡∏µ‡∏¢‡∏ö‡∏£‡∏û.‡∏Å‡∏£‡∏∏‡∏á‡πÄ‡∏ó‡∏û (‡∏Ç‡∏≠‡πÄ‡∏≠‡πà‡∏¢‡∏ä‡∏∑‡πà‡∏≠‡πÄ‡∏•‡∏¢‡∏ô‡∏∞‡∏Ñ‡∏∞)‡∏î‡∏µ‡∏Å‡∏ß‡πà‡∏≤‡∏ó‡∏µ‡πà‡∏ô‡∏µ‡πà‡πÄ‡∏¢‡∏≠‡∏∞,0
‡∏ö‡∏£‡∏¥‡∏Å‡∏≤‡∏£‡∏ï‡πâ‡∏≠‡∏ô‡∏£‡∏±‡∏ö‡∏î‡∏µ‡∏Ñ‡∏±‡∏ö,1
‡∏´‡∏°‡∏≠‡πÄ‡∏Ñ‡πâ‡∏≤‡∏î‡∏µ‡∏à‡∏£‡∏¥‡∏á....‡πÄ‡∏õ‡πá‡∏ô‡πÄ‡∏û‡∏£‡∏≤‡∏∞‡∏ô‡πâ‡∏≠‡∏á‡πÄ‡∏£‡∏≤‡πÄ‡∏≠‡∏á...‡∏Ç‡∏≠‡πÉ‡∏´‡πâ‡∏´‡∏°‡∏≠‡∏ó‡∏∏‡∏Å‡∏Ñ‡∏ô‡∏ó‡∏≥‡∏î‡∏µ‡∏ï‡πà‡∏≠‡πÑ‡∏õ‡∏ô‡πà‡∏∞‡∏Ñ‡∏±‡∏ö,1
‡∏´‡∏°‡∏≠‡πÄ‡∏Ñ‡πâ‡∏≤‡∏î‡∏µ‡∏à‡∏£‡∏¥‡∏á....‡πÄ‡∏õ‡πá‡∏ô‡πÄ‡∏û‡∏£‡∏≤‡∏∞‡∏ô‡πâ‡∏≠‡∏á‡πÄ‡∏£‡∏≤‡πÄ‡∏≠‡∏á...‡∏Ç‡∏≠‡πÉ‡∏´‡πâ‡∏´‡∏°‡∏≠‡∏ó‡∏∏‡∏Å‡∏Ñ‡∏ô‡∏ó‡∏≥‡∏î‡∏µ‡∏ï‡πà‡∏≠‡πÑ‡∏õ‡∏ô‡πà‡∏∞‡∏Ñ‡∏±‡∏ö,1
‡∏Å‡∏≤‡∏£‡∏ö‡∏£‡∏¥‡∏Å‡∏≤‡∏£‡∏î‡∏µ ‡∏û‡∏ô‡∏±‡∏Å‡∏á‡∏≤‡∏ô‡∏ö‡∏£‡∏¥‡∏Å‡∏≤‡∏£‡∏î‡πâ‡∏ß‡∏¢‡∏Ñ‡∏ß‡∏≤‡∏°‡πÄ‡∏õ‡πá‡∏ô‡∏Å‡∏±‡∏ô‡πÄ‡∏≠‡∏á‡∏°‡∏≤‡∏Å‡∏Ñ‡πà‡∏∞,1
‡∏°‡∏µ‡πÇ‡∏≠‡∏Å‡∏≤‡∏™‡πÑ‡∏î‡πâ‡∏û‡∏≤‡∏™‡∏≤‡∏°‡∏µ‡∏°‡∏≤‡∏£‡∏±‡∏ö‡∏ö‡∏£‡∏¥‡∏Å‡∏≤‡∏£ ‡∏ó‡∏µ‡πà‡∏ô‡∏µ‡πà ‡πÄ‡∏°‡∏∑‡πà‡∏≠‡∏ß‡∏±‡∏ô‡∏ó‡∏µ‡πà29.‡∏û.‡∏Ñ 2558 ‡πÅ‡∏•‡∏∞ ‡πÑ‡∏î‡πâ‡∏≠‡∏≠‡∏Å‡∏à‡∏≤‡∏Å ‡πÇ‡∏£‡∏á‡∏ö‡∏≤‡∏• ‡∏ß‡∏±‡∏ô‡∏ó‡∏µ‡πà31 ‡∏û.‡∏Ñ 2558 ‡∏≠‡∏¢‡∏≤‡∏Å ‡∏ö‡∏≠‡∏Å ‡∏Å‡∏±‡∏ö‡∏ó‡∏≤‡∏á‡πÇ‡∏£‡∏á‡∏ö‡∏≤‡∏• ‡∏ß‡πà‡∏≤ ‡∏Ç‡∏≠‡∏ö‡∏Ñ‡∏∏‡∏ì ‡∏°‡∏≤‡∏Å‡∏à‡∏£‡∏¥‡∏á‡πÜ ‡∏™‡∏≥‡∏´‡∏£‡∏±‡∏ö ‡∏Å‡∏≤‡∏£‡∏ö‡∏£‡∏¥‡∏Å‡∏≤‡∏£‡∏ó‡∏µ‡πà‡∏î‡∏µ ‡∏ó‡∏µ‡πà‡∏™‡∏∏‡∏î ‡πÅ‡∏™‡∏ô‡∏à‡∏∞‡∏õ‡∏£‡∏∞‡∏ó‡∏±‡∏ö‡πÉ‡∏à ‡∏î‡∏µ‡πÉ‡∏à‡πÅ‡∏•‡∏∞‡∏ï‡∏∑‡πâ‡∏ô‡∏ï‡∏±‡∏ô‡πÉ‡∏à‡∏™‡∏≥‡∏´‡∏£‡∏±‡∏ö‡∏Ñ‡∏ß‡∏≤‡∏°‡∏Å‡∏£‡∏∏‡∏ì‡∏≤‡∏Ç‡∏≠‡∏á. ‡∏Ñ‡∏∏‡∏ì‡∏´‡∏°‡∏≠‡∏ô‡∏û.‡πÇ‡∏ä‡∏ï‡∏¥‡∏Å‡∏£ ‡∏Ñ‡∏∏‡∏ì‡∏ß‡∏±‡∏í‡∏ô‡πå ‡∏≠‡∏≤‡∏¢‡∏∏‡∏£‡πÅ‡∏û‡∏ó‡∏¢‡πå‡πÇ‡∏£‡∏Ñ‡∏´‡∏±‡∏ß‡πÉ‡∏à ‡πÅ‡∏•‡∏∞ ‡∏ú‡∏π‡πâ‡∏à‡∏±‡∏î‡∏Å‡∏≤‡∏£ ‡∏Ñ‡∏∏‡∏ì‡∏ï‡∏¥‡πä‡∏Å ‡∏Ç‡∏≠‡∏Ç‡∏≠‡∏ö‡∏Ñ‡∏∏‡∏ì‡∏à‡∏≤‡∏Å‡πÉ‡∏à‡∏à‡∏£‡∏¥‡∏á‡∏Ñ‡πà‡∏∞,1
‡∏ö‡∏£‡∏¥‡∏Å‡∏≤‡∏£‡∏î‡∏µ ‡∏û‡∏¢‡∏≤‡∏ö‡∏ö‡∏≤‡∏•‡πÉ‡∏à‡∏î‡∏µ ‡∏´‡∏°‡∏≠‡∏≠‡∏ò‡∏¥‡∏ö‡∏≤‡∏¢‡∏ä‡∏±‡∏î‡πÄ‡∏à‡∏ô‡∏Ñ‡πà‡∏∞,1
‡πÄ‡∏Ç‡πâ‡∏≤‡πÑ‡∏õ‡∏Ñ‡∏¥‡∏î‡∏ß‡πà‡∏≤‡πÄ‡∏õ‡πá‡∏ô‡πÇ‡∏£‡∏á‡πÅ‡∏£‡∏° ‡∏™‡∏ñ‡∏≤‡∏ô‡∏ó‡∏µ‡πà‡∏ô‡πà‡∏≤‡πÄ‡∏ó‡∏µ‡πà‡∏¢‡∏ß‡∏°‡∏≤‡∏Å‡∏Ñ‡πà‡∏∞ ‡∏ö‡∏£‡∏¥‡∏Å‡∏≤‡∏£‡∏î‡∏µ‡∏™‡∏∏‡∏î‡πÜ ‡πÅ‡∏°‡πà‡πÄ‡∏£‡∏≤‡πÑ‡∏õ‡∏´‡∏≤‡∏´‡∏°‡∏≠ ‡πÅ‡∏ó‡∏ö‡∏à‡∏∞‡∏≠‡∏∏‡πâ‡∏°‡πÄ‡∏•‡∏¢ ‡∏≠‡∏¥‡∏≠‡∏¥,1
‡∏´‡∏°‡∏≠‡∏ß‡∏¥‡∏ä‡∏û‡∏±‡∏ô‡∏ò‡πå ‡∏´‡∏π‡∏Ñ‡∏≠‡∏à‡∏°‡∏π‡∏Å ‡πÅ‡∏¢‡πà‡∏™‡∏∏‡∏î‡πÜ ‡πÄ‡∏à‡πá‡∏ö‡∏î‡πâ‡∏≤‡∏ô‡πÉ‡∏ô‡∏Ñ‡∏≠‡∏°‡∏µ‡πÄ‡∏™‡∏°‡∏´‡∏∞‡πÉ‡∏´‡πâ‡∏≠‡πâ‡∏≤‡∏õ‡∏≤‡∏Å‡πÅ‡∏•‡πâ‡∏ß‡∏ô‡∏±‡πà‡∏á‡∏ó‡∏≤‡∏á‡πÉ‡∏ô‡∏ö‡∏≠‡∏Å‡πÑ‡∏°‡πà‡∏°‡∏µ‡∏≠‡∏∞‡πÑ‡∏£ ‡πÄ‡∏™‡∏µ‡∏¢‡πÄ‡∏á‡∏¥‡∏ô‡πÑ‡∏õ‡∏ü‡∏£‡∏µ‡πÜ‡πÅ‡∏ñ‡∏°‡πÑ‡∏°‡πà‡∏û‡∏π‡∏î‡∏≠‡∏∞‡πÑ‡∏£ ‡πÑ‡∏°‡πà‡∏ñ‡∏≤‡∏°‡πÑ‡∏°‡πà‡∏≠‡∏∞‡πÑ‡∏£ ‡πÉ‡∏´‡πâ‡∏≠‡πâ‡∏≤‡∏õ‡∏≤‡∏Å ‡πÅ‡∏´‡∏¢‡πà‡πÜ‡πÉ‡∏ô‡∏õ‡∏≤‡∏Å‡∏ñ‡∏∑‡∏≠‡∏ß‡πà‡∏≤‡∏à‡∏ö‡πÅ‡∏•‡∏∞‡πÑ‡∏î‡πâ‡πÄ‡∏á‡∏¥‡∏ô‡πÑ‡∏õ ‡πÅ‡∏û‡∏á‡πÑ‡∏°‡πà‡πÑ‡∏î‡πâ‡∏´‡∏°‡∏≤‡∏¢‡∏Ñ‡∏ß‡∏≤‡∏°‡∏ß‡πà‡∏≤‡∏°‡∏≤‡∏ï‡∏£‡∏ê‡∏≤‡∏ô‡∏î‡∏µ‡∏ó‡∏∏‡∏Å‡∏Ñ‡∏ô‡∏ô‡∏∞ ‡πÄ‡∏•‡∏µ‡πâ‡∏¢‡∏á‡πÑ‡∏Ç‡πâ ‡πÄ‡∏´‡πá‡∏ô‡πÅ‡∏Å‡πà‡πÄ‡∏á‡∏¥‡∏ô ‡∏Ç‡∏µ‡πâ‡πÇ‡∏Å‡∏á,0
‡∏Ñ‡∏∏‡∏ì‡∏´‡∏°‡∏≠‡∏°‡∏µ‡∏Ñ‡∏ß‡∏≤‡∏°‡πÄ‡∏ä‡∏µ‡πà‡∏¢‡∏ß‡∏ä‡∏≤‡∏ç‡πÄ‡∏â‡∏û‡∏≤‡∏∞‡∏î‡πâ‡∏≤‡∏ô‡∏ó‡∏∏‡∏Å‡πÅ‡∏Ç‡∏ô‡∏á ‡∏ï‡∏£‡∏ß‡∏à‡∏Ñ‡πâ‡∏ô‡∏´‡∏≤‡πÇ‡∏£‡∏Ñ‡∏≠‡∏¢‡πà‡∏≤‡∏á‡∏•‡∏∞‡πÄ‡∏≠‡∏µ‡∏¢‡∏î ‡πÉ‡∏´‡πâ‡∏Ñ‡∏≥‡∏õ‡∏£‡∏∂‡∏Å‡∏©‡∏≤‡∏ó‡∏µ‡πà‡∏î‡∏µ,1
‡∏ö‡∏£‡∏¥‡∏Å‡∏≤‡∏£‡∏î‡∏µ‡∏õ‡∏£‡∏∞‡∏ó‡∏±‡∏ö‡πÉ‡∏à‡∏°‡∏≤‡∏Å‡πÜ ‡∏Ñ‡∏∏‡∏ì‡∏´‡∏°‡∏≠‡πÉ‡∏à‡∏î‡∏µ ‡∏Ñ‡∏∏‡∏ì‡∏û‡∏¢‡∏≤‡∏ö‡∏≤‡∏•‡πÄ‡∏≠‡∏≤‡πÉ‡∏à‡πÉ‡∏™‡πà‡∏™‡∏∏‡∏î‡πÜ ‡∏¢‡∏≠‡∏î‡πÄ‡∏¢‡∏µ‡πà‡∏¢‡∏°‡∏à‡∏£‡∏¥‡∏á,1
‡πÄ‡∏°‡∏∑‡πà‡∏≠‡∏ß‡∏≤‡∏ô‡πÑ‡∏õ‡∏ï‡∏£‡∏ß‡∏à‡∏ô‡∏¥‡πà‡∏ß‡πÉ‡∏ô‡∏ñ‡∏∏‡∏á‡∏ô‡∏≥‡πâ‡∏î‡∏µ‡∏Ñ‡∏∞ ‡πÑ‡∏î‡πâ‡∏£‡∏±‡∏ö‡∏Å‡∏≤‡∏£‡∏ö‡∏£‡∏¥‡∏Å‡∏≤‡∏£‡∏î‡∏µ‡∏Ñ‡∏∞ ‡∏ï‡∏•‡∏≠‡∏î‡∏à‡∏ô‡∏Å‡∏≤‡∏£‡∏ô‡∏±‡∏î‡∏´‡∏°‡∏≤‡∏¢‡πÅ‡∏•‡∏∞‡∏£‡∏≤‡∏¢‡∏•‡∏∞‡πÄ‡∏≠‡∏µ‡∏¢‡∏î‡∏Å‡∏≤‡∏£‡∏ô‡∏±‡∏î‡∏ú‡πà‡∏≤‡∏ï‡∏±‡∏î‡∏Ñ‡∏∞,1
‡∏ö‡∏£‡∏¥‡∏Å‡∏≤‡∏£‡∏î‡∏µ ‡πÅ‡∏ï‡πà‡πÅ‡∏û‡∏á!!!,1
‡πÇ‡∏£‡∏á‡∏û‡∏¢‡∏≤‡∏ö‡∏≤‡∏•‡∏ó‡∏µ‡πà‡∏ö‡∏£‡∏¥‡∏Å‡∏≤‡∏£‡∏î‡∏µ‡∏ó‡∏µ‡πà‡∏™‡∏∏‡∏î‡πÄ‡∏ó‡πà‡∏≤‡∏ó‡∏µ‡πà‡πÄ‡∏Ñ‡∏¢‡πÑ‡∏õ‡∏°‡∏≤ ‡∏£‡∏≤‡∏Ñ‡∏≤‡∏Å‡πâ‡∏≠‡πÅ‡∏û‡∏á‡∏ó‡∏µ‡πà‡∏™‡∏∏‡∏î‡∏î‡πâ‡∏ß‡∏¢‡πÄ‡∏ä‡πà‡∏ô‡∏Å‡∏±‡∏ô‡∏ô‡πà‡∏∞,1
‡∏ö‡∏£‡∏¥‡∏Å‡∏≤‡∏£‡∏î‡∏µ‡∏Ñ‡πà‡∏∞‡∏£‡∏ß‡∏î‡πÄ‡∏£‡πá‡∏ß ‡∏Ñ‡∏∏‡∏ì‡∏´‡∏°‡∏≠‡πÉ‡∏à‡∏î‡∏µ ‡∏î‡∏π‡∏´‡πà‡∏ß‡∏á‡πÉ‡∏¢‡∏Ñ‡∏ô‡πÑ‡∏Ç‡πâ‡∏à‡∏£‡∏¥‡∏á‡πÜ,1
‡∏´‡∏£‡∏π‡∏´‡∏£‡∏≤‡∏°‡∏≤‡∏Å ‡πÄ‡∏Å‡∏¥‡∏ô‡∏ó‡∏µ‡πà‡∏à‡∏∞‡πÄ‡∏õ‡πá‡∏ô ‡∏£.‡∏û,1
‡∏ô‡∏≤‡∏ô‡∏°‡∏≤‡∏Å‡πÉ‡∏ô‡∏Å‡∏≤‡∏£‡∏£‡∏≠ ‡∏ó‡∏∏‡∏Å‡∏≠‡∏¢‡πà‡∏≤‡∏á‡πÉ‡∏Ç‡πâ‡πÄ‡∏ß‡∏•‡∏≤‡πÉ‡∏ô‡∏Å‡∏≤‡∏£‡∏£‡∏≠‡πÄ‡πÅ‡∏ô‡∏ä‡∏±‡πà‡∏ß‡πÇ‡∏°‡∏á,0
‡∏Ñ‡∏∏‡∏ì‡∏´‡∏°‡∏≠‡πÄ‡∏Å‡πà‡∏á‡πÅ‡∏•‡∏∞‡∏î‡∏π‡πÅ‡∏•‡∏î‡∏µ ‡∏ö‡∏£‡∏¥‡∏Å‡∏≤‡∏£‡∏î‡∏µ,1
‡∏î‡∏µ‡∏°‡∏≤‡∏Å‡∏Å‡∏±‡∏ö‡∏Å‡∏≤‡∏£‡∏£‡∏±‡∏Å‡∏©‡∏≤‡πÄ‡∏â‡∏û‡∏≤‡∏∞‡∏ó‡∏≤‡∏á,1
‡∏õ‡∏£‡∏∞‡∏ó‡∏±‡∏ö‡πÉ‡∏à‡∏ó‡∏µ‡πà‡∏™‡∏∏‡∏î‡∏Ñ‡πà‡∏∞,1
‡∏£‡∏ñ‡∏ï‡∏¥‡∏î‡∏°‡∏≤‡∏Å,0
‡πÑ‡∏°‡πâ‡∏≠‡∏¢‡∏≤‡∏Å‡πÉ‡∏´‡πâ‡πÄ‡∏õ‡∏±‡∏ô‡πÄ‡∏•‡∏¢‡πÅ‡∏ö‡∏ö‡∏ô‡∏µ‡πâ‡πÄ‡∏û‡∏£‡∏≤‡∏∞‡∏ß‡πà‡∏≤‡∏°‡∏±‡∏ô‡∏™‡∏¥‡πà‡∏á‡∏ó‡∏µ‡πà‡πÑ‡∏°‡πâ‡∏î‡∏µ‡∏ï‡πà‡∏≠‡∏™‡∏∏‡∏Ç‡∏†‡∏≤‡∏û‡∏Ç‡∏≠‡∏á‡πÄ‡∏£‡∏≤,0
‡∏£‡∏±‡∏Å‡∏©‡∏≤‡∏´‡∏≤‡∏¢‡πÄ‡∏£‡πá‡∏ß‡∏°‡∏≤‡∏Å ‡∏î‡∏µ‡∏î‡πâ‡∏ß‡∏¢‡∏ó‡∏µ‡πà‡∏ô‡∏≠‡∏ô‡∏Å‡πá‡∏î‡∏µ‡πÅ‡∏ï‡πà‡∏£‡∏≤‡∏Ñ‡∏≤‡∏Å‡πá‡πÑ‡∏°‡πà‡πÑ‡∏î‡πâ‡πÅ‡∏û‡∏á‡∏°‡∏≤‡∏Å,1
‡∏¢‡∏≠‡∏î‡πÄ‡∏¢‡∏µ‡πà‡∏¢‡∏°‡∏Ñ‡πà‡∏∞,1
‡∏Ñ‡∏∏‡∏ì‡∏´‡∏°‡∏≠‡πÉ‡∏à‡∏î‡∏µ ‡∏û‡∏¢‡∏≤‡∏ö‡∏≤‡∏•‡∏ô‡πà‡∏≤‡∏£‡∏±‡∏Å‡∏Ñ‡∏£‡πâ‡∏≤ ^_^,1
‡∏ö‡∏£‡∏¥‡∏Å‡∏≤‡∏£‡∏î‡∏µ‡πÄ‡∏¢‡∏µ‡πà‡∏¢‡∏° ‡∏û‡∏ô‡∏±‡∏Å‡∏á‡∏≤‡∏ô‡∏û‡∏π‡∏î‡∏à‡∏≤‡πÄ‡∏û‡∏£‡∏≤‡∏∞ ‡πÅ‡∏ï‡πà‡πÄ‡∏™‡∏µ‡∏¢‡∏≠‡∏¢‡πà‡∏≤‡∏á‡πÄ‡∏î‡∏ß‡∏™‡∏ï‡∏≤‡∏£‡πå‡∏ö‡∏±‡∏Ñ ‡∏ó‡∏µ‡πà‡∏ô‡∏±‡πà‡∏á‡∏ô‡πâ‡∏≠‡∏¢‡πÄ‡∏Å‡∏¥‡∏ô‡πÑ‡∏õ,1
‡∏ö‡∏£‡∏¥‡∏Å‡∏≤‡∏£‡∏î‡∏µ‡∏°‡∏≤‡∏Å‡∏Ñ‡∏£‡∏±‡∏ö ‡πÄ‡∏≠‡∏≤‡πÉ‡∏à‡πÉ‡∏™‡πà‡∏ú‡∏π‡πâ‡∏õ‡πà‡∏ß‡∏¢‡∏î‡∏µ,1
‡∏î‡∏µ‡∏Ñ‡∏£‡∏±‡∏ö ‡∏î‡∏π‡πÅ‡∏•‡πâ‡∏ß‡∏°‡∏µ‡∏õ‡∏£‡∏∞‡πÇ‡∏¢‡∏ä‡∏ô‡πå‡∏Å‡∏±‡∏ö‡∏ú‡∏π‡πâ‡∏Ñ‡∏ô‡∏°‡∏≤‡∏Å ‡∏Å‡πá‡∏ä‡πà‡∏ß‡∏¢‡πÄ‡∏ú‡∏¢‡πÅ‡∏û‡∏£‡πà‡∏õ‡∏£‡∏∞‡πÇ‡∏¢‡∏ä‡∏ô‡πå‡∏°‡∏≤‡∏Å‡πÜ‡∏ú‡∏°‡πÑ‡∏°‡πà‡∏™‡∏ô‡πÉ‡∏à‡∏Å‡∏±‡∏ö‡∏ò‡∏∏‡∏£‡∏∞‡∏Å‡∏¥‡∏à ‡πÄ‡∏´‡πá‡∏ô‡∏ß‡πà‡∏≤‡∏°‡∏µ‡∏õ‡∏£‡∏∞‡πÇ‡∏¢‡∏ä‡∏ô‡πå ‡∏ä‡∏≠‡∏ö ‡∏Ç‡∏≠‡∏ö‡∏Ñ‡∏∏‡∏ì.,1
‡∏ö‡∏£‡∏¥‡∏Å‡∏≤‡∏£‡∏î‡∏µ‡∏Ñ‡πà‡∏∞ ‡πÄ‡∏≠‡∏≤‡πÉ‡∏à‡πÉ‡∏™‡πà‡∏Ñ‡∏ô‡πÑ‡∏Ç‡πâ‡∏î‡∏µ,1
‡∏ö‡∏£‡∏¥‡∏Å‡∏≤‡∏£‡∏î‡∏µ‡∏™‡∏∏‡∏î‡∏¢‡∏≠‡∏î‡∏Ñ‡πà‡∏∞,1
‡∏Ç‡∏≠‡∏ö‡∏Ñ‡∏∏‡∏ì‡∏Ñ‡∏∏‡∏ì‡∏´‡∏°‡∏≠‡πÅ‡∏•‡∏∞ ‡∏ó‡∏∏‡∏Å‡πÜ‡∏Ñ‡∏ô‡∏î‡πâ‡∏ß‡∏¢‡∏Ñ‡∏∞,1
‡∏ñ‡∏∑‡∏≠‡πÑ‡∏î‡πâ‡∏ß‡πà‡∏≤‡πÄ‡∏õ‡πá‡∏ô‡πÇ‡∏£‡∏á‡∏û‡∏¢‡∏≤‡∏ö‡∏≤‡∏•‡∏ä‡∏±‡πâ‡∏ô‡∏ô‡∏≥‡πÑ‡∏î‡πâ‡πÄ‡∏•‡∏¢‡∏Ñ‡∏£‡∏±‡∏ö‡∏Å‡∏≤‡∏£‡∏ö‡∏£‡∏¥‡∏Å‡∏≤‡∏£‡∏î‡∏µ‡∏°‡∏≤‡∏Å‡∏Ñ‡∏£‡∏±‡∏ö,1
‡∏î‡∏µ‡∏°‡∏≤‡∏Å‡πÜ,1
‡∏î‡∏µ‡πÄ‡∏¢‡∏µ‡πà‡∏¢‡∏°‡∏ó‡∏∏‡∏Å‡∏≠‡∏¢‡πà‡∏≤‡∏á,1
‡∏ö‡∏£‡∏¥‡∏Å‡∏≤‡∏£‡∏ó‡∏µ‡πà‡πÄ‡∏õ‡πá‡∏ô‡∏´‡∏ô‡∏∂‡πà‡∏á,1
‡∏Ç‡∏≠‡∏ö‡πÇ‡∏£‡∏á‡∏û‡∏¢‡∏≤‡∏ö‡∏≤‡∏•‡∏ô‡∏µ‡πâ‡∏°‡∏µ‡∏ó‡∏µ‡πà‡πÉ‡∏´‡πâ‡∏ô‡∏±‡πà‡∏á‡∏û‡∏±‡∏Å‡∏™‡∏ö‡∏≤‡∏¢‡πÜ,1
‡πÄ‡∏õ‡πá‡∏ô‡πÇ‡∏£‡∏á‡∏û‡∏¢‡∏≤‡∏ö‡∏≤‡∏•‡∏ó‡∏µ‡πà‡∏°‡∏µ‡∏´‡∏°‡∏≠‡πÄ‡∏Å‡πà‡∏á‡πÜ‡∏°‡∏≤‡∏Å‡∏°‡∏≤‡∏¢‡∏Ñ‡∏£‡∏±‡∏ö,1
‡∏Ñ‡πà‡∏≤‡∏´‡∏°‡∏≠‡πÅ‡∏û‡∏á‡πÑ‡∏õ‡∏Ñ‡∏£‡∏±‡∏ö,1
‡∏™‡∏°‡∏ö‡∏π‡∏£‡∏ì‡πå‡πÅ‡∏ö‡∏ö‡πÉ‡∏ô‡∏ó‡∏∏‡∏Å‡∏î‡πâ‡∏≤‡∏ô ‡∏Å‡∏≤‡∏£‡∏£‡∏±‡∏Å‡∏©‡∏≤ ‡∏ö‡∏£‡∏¥‡∏Å‡∏≤‡∏£ ‡∏ö‡∏∏‡∏Ñ‡∏Ñ‡∏•‡∏≤‡∏Å‡∏£üëçüëçüëç,1
"‡∏ç‡∏≤‡∏ï‡∏¥‡πÑ‡∏õ‡∏£‡∏±‡∏Å‡∏©‡∏≤‡∏ó‡∏µ‡πà‡∏ô‡∏µ‡πà ‡∏î‡∏µ‡∏°‡∏≤‡∏Å‡πÜ‡∏ó‡∏∏‡∏Å‡∏î‡πâ‡∏≤‡∏ô‡∏Ñ‡∏£‡∏±‡∏ö ‡πÅ‡∏ï‡πà‡πÑ‡∏°‡πà‡∏ï‡πâ‡∏≠‡∏á‡πÄ‡∏™‡∏µ‡∏¢‡πÄ‡∏á‡∏¥‡∏ô‡∏Ñ‡πà‡∏≤‡∏£‡∏±‡∏Å‡∏©‡∏≤ ‡∏Ñ‡πà‡∏≤‡∏´‡πâ‡∏≠‡∏á‡∏ü‡∏£‡∏µ ‡πÅ‡∏ñ‡∏°‡∏¢‡∏±‡∏á‡πÑ‡∏î‡πâ‡πÄ‡∏á‡∏¥‡∏ô‡∏ä‡∏î‡πÄ‡∏ä‡∏¢‡∏£‡∏≤‡∏¢‡πÑ‡∏î‡πâ‡∏≠‡∏µ‡∏Å‡∏ß‡∏±‡∏ô‡∏•‡∏∞6,000‡∏ö‡∏≤‡∏ó ‡πÄ‡∏û‡∏£‡∏≤‡∏∞‡∏°‡∏µ‡∏õ‡∏£‡∏∞‡∏Å‡∏±‡∏ô‡∏™‡∏∏‡∏Ç‡∏†‡∏≤‡∏û ",1
‡∏Ñ‡∏∏‡∏ì‡∏ä‡∏±‡∏¢‡∏≠‡∏ô‡∏±‡∏ô‡∏ï‡πå‡πÅ‡∏ú‡∏ô‡∏Å‡∏´‡∏±‡∏ß‡πÉ‡∏à‡πÅ‡∏•‡∏∞‡∏Ñ‡∏∏‡∏ì‡∏´‡∏°‡∏≠‡∏≠‡∏ô‡∏∏‡∏ß‡∏±‡∏í‡∏ì‡πå‡πÅ‡∏´‡∏ô‡∏Å‡∏ï‡∏¥‡∏î‡πÄ‡∏ä‡∏∑‡πâ‡∏≠‡∏ô‡πà‡∏≤‡∏£‡∏±‡∏Å‡∏°‡∏≤‡∏Å‡∏î‡∏π‡πÅ‡∏•‡∏Ñ‡∏∏‡∏ì‡∏ß‡∏±‡∏ô‡∏ä‡∏±‡∏¢‡∏°‡∏≤2‡∏õ‡∏µ‡∏Å‡∏ß‡πà‡∏≤‡πÅ‡∏•‡πâ‡∏ß‡∏≠‡∏¢‡πà‡∏≤‡∏á‡∏î‡∏µ‡∏°‡∏≤‡∏ï‡∏•‡∏≠‡∏î‡∏Ñ‡πà‡∏∞ ‡πÄ‡∏ä‡∏∑‡πà‡∏≠‡∏°‡∏±‡πà‡∏ô‡∏ó‡∏µ‡πà‡∏ô‡∏µ‡πà‡∏Ñ‡πà‡∏∞,1
‡∏£‡∏≤‡∏Ñ‡∏≤‡πÅ‡∏û‡∏á‡∏°‡∏≤‡∏Å‡∏ó‡∏±‡πâ‡∏á‡∏Ñ‡πà‡∏≤‡∏´‡πâ‡∏≠‡∏á‡πÅ‡∏•‡∏∞‡∏Ñ‡πà‡∏≤‡∏ú‡πà‡∏≤‡∏ï‡∏±‡∏î‡∏Ñ‡∏ß‡∏£‡∏à‡∏∞‡∏°‡∏µ‡∏™‡πà‡∏ß‡∏ô‡∏•‡∏î‡πÄ‡∏û‡∏∑‡πà‡∏≠‡∏Ñ‡∏ô‡πÑ‡∏Ç‡πâ‡∏ó‡∏µ‡πà‡∏°‡∏≤‡∏£‡∏±‡∏Å‡∏©‡∏≤‡∏õ‡∏£‡∏∞‡∏à‡∏≥.....‡πÅ‡∏•‡∏∞‡∏Ñ‡∏ß‡∏£‡∏°‡∏µ‡∏™‡πà‡∏ß‡∏ô‡∏•‡∏î‡∏´‡∏•‡∏≤‡∏¢‡∏ò‡∏ô‡∏≤‡∏Ñ‡∏≤‡∏£,0
‡∏ö‡∏≠‡∏Å‡πÄ‡∏•‡∏¢‡∏ß‡πà‡∏≤‡∏£‡∏≠‡∏ö‡∏ö‡∏ô‡∏µ‡πâ‡πÄ‡∏à‡∏≠‡∏Å‡∏∞‡∏ï‡∏±‡∏ß‡πÄ‡∏•‡∏¢ ‡∏°‡∏≤‡∏Å‡πà‡∏≠‡∏ô‡∏ä‡∏≤‡∏ß‡∏ï‡πà‡∏≤‡∏á‡∏ä‡∏≤‡∏ï‡∏¥‡∏ô‡∏¥‡∏î‡∏ô‡∏∂‡∏á‡πÅ‡∏ï‡πà‡πÄ‡∏£‡∏µ‡∏¢‡∏Å‡∏ï‡πà‡∏≤‡∏á‡∏ä‡∏≤‡∏ï‡∏¥‡∏ï‡∏£‡∏ß‡∏à‡∏Å‡πà‡∏≠‡∏ô ‡∏î‡∏π‡πÄ‡∏Ñ‡πâ‡∏≤‡∏ó‡∏≥ ‡πÄ‡∏£‡∏≤‡∏Å‡πá‡∏à‡πà‡∏≤‡∏¢‡∏ï‡∏±‡∏á‡∏ô‡πà‡∏∞ ‡πÅ‡∏ö‡πà‡∏á‡∏ä‡∏±‡πâ‡∏ô‡∏Å‡∏±‡∏ô‡∏ä‡∏±‡∏î‡πÄ‡∏à‡∏ô‡∏ô‡πà‡∏∞ ‡πÄ‡∏ã‡πá‡∏á‡∏°‡∏≤‡∏Å,1
‡∏£‡∏≠‡∏û‡∏ö‡∏´‡∏°‡∏≠‡∏Ñ‡∏£‡∏±‡∏ö,1
‡πÇ‡∏î‡∏¢‡∏£‡∏ß‡∏°‡∏î‡∏µ‡∏°‡∏≤‡∏Å‡∏Ñ‡∏£‡∏±‡∏ö ‡∏¢‡∏Å‡πÄ‡∏ß‡πâ‡∏ô ‡πÅ‡∏ú‡∏ô‡∏Å ‡∏Å‡∏≤‡∏£‡πÄ‡∏á‡∏¥‡∏ô ‡∏ä‡∏±‡πâ‡∏ô 15 ‡πÑ‡∏°‡πà‡∏¢‡∏¥‡πâ‡∏°‡πÅ‡∏¢‡πâ‡∏° ‡πÅ‡∏à‡πà‡∏°‡πÉ‡∏™ ‡πÄ‡∏•‡∏¢‡∏Ñ‡∏£‡∏±‡∏ö ‡∏à‡∏∞‡∏î‡∏π‡πÅ‡∏•‡πÄ‡∏õ‡πá‡∏ô‡∏û‡∏¥‡πÄ‡∏®‡∏©‡∏Å‡πá‡πÄ‡∏â‡∏û‡∏≤‡∏∞‡∏ä‡∏≤‡∏ß‡∏ï‡πà‡∏≤‡∏á‡∏ä‡∏≤‡∏ï‡∏¥ ‡∏à‡∏ô‡∏ó‡∏≥‡πÉ‡∏´‡πâ‡∏ú‡∏°‡∏£‡∏π‡πâ‡∏™‡∏∂‡∏Å ‡∏ñ‡∏∂‡∏á‡∏Å‡∏≤‡∏£‡πÅ‡∏ö‡πà‡∏á ‡πÅ‡∏•‡∏∞‡∏û‡∏∂‡∏á‡∏õ‡∏è‡∏¥‡∏ö‡∏±‡∏ï‡∏¥ ‡∏Ñ‡∏ß‡∏£‡∏õ‡∏£‡∏±‡∏ö‡∏õ‡∏£‡∏∏‡∏á‡πÉ‡∏ô‡∏à‡∏∏‡∏î‡∏ô‡∏µ‡πâ,1
‡∏ä‡πà‡∏ß‡∏¢‡∏≠‡∏ö‡∏£‡∏°‡∏°‡∏≤‡∏£‡∏¢‡∏≤‡∏ó ‡∏û‡∏¢‡∏≤‡∏ö‡∏≤‡∏•‡∏ó‡∏µ‡πà‡∏ä‡∏±‡πâ‡∏ô 11 ‡∏î‡πâ‡∏ß‡∏¢‡∏ô‡∏∞‡∏Ñ‡∏∞ ‡πÅ‡∏¢‡πà‡∏°‡∏≤‡∏Å,0
‡∏≠‡∏±‡∏ô‡∏î‡∏±‡∏ö1‡∏Ç‡∏≠‡∏á‡πÄ‡∏≠‡πÄ‡∏ã‡∏µ‡∏¢,1
‡πÄ‡∏Ç‡πâ‡∏≤‡∏°‡∏≤‡∏ï‡∏£‡∏ß‡∏à‡∏™‡∏∏‡∏Ç‡∏†‡∏≤‡∏û‡∏ó‡∏µ‡πà‡πÇ‡∏£‡∏á‡∏û‡∏¢‡∏≤‡∏ö‡∏≤‡∏• ‡∏ö‡∏£‡∏¥‡∏Å‡∏≤‡∏£‡∏î‡∏µ‡∏õ‡∏£‡∏∞‡∏ó‡∏±‡∏ö‡πÉ‡∏à‡∏°‡∏≤‡∏Å‡πÜ‡∏Ñ‡πà‡∏∞ ‡∏Ñ‡∏∏‡∏ì‡∏´‡∏°‡∏≠‡πÉ‡∏´‡πâ‡∏Ñ‡∏≥‡πÅ‡∏ô‡∏∞‡∏ô‡∏≥‡∏û‡∏£‡πâ‡∏≠‡∏°‡∏≠‡∏ò‡∏¥‡∏ö‡∏≤‡∏¢‡∏£‡∏≤‡∏¢‡∏•‡∏∞‡πÄ‡∏≠‡∏µ‡∏¢‡∏î‡∏Å‡∏≤‡∏£‡∏Ç‡∏≠‡∏á‡∏ú‡∏•‡∏Å‡∏≤‡∏£‡∏ï‡∏£‡∏ß‡∏à‡∏î‡∏µ‡∏°‡∏≤‡∏Å ‡∏õ‡∏µ‡∏´‡∏ô‡πâ‡∏≤‡∏à‡∏∞‡∏Å‡∏•‡∏±‡∏ö‡∏°‡∏≤‡∏ï‡∏£‡∏ß‡∏à‡∏ó‡∏µ‡πà‡∏ô‡∏µ‡πà‡∏≠‡∏µ‡∏Å‡πÅ‡∏ô‡πà‡∏ô‡∏≠‡∏ô‡∏Ñ‡πà‡∏∞,1
‡πÄ‡∏õ‡πá‡∏ô ‡∏£‡∏û.‡πÉ‡∏ô‡πÄ‡∏Ñ‡∏£‡∏∑‡∏≠‡∏ó‡∏µ‡πà‡∏î‡∏µ‡πÄ‡∏¢‡∏µ‡πà‡∏¢‡∏°‡∏°‡∏≤‡∏Å‡∏Ñ‡πà‡∏∞..‡πÄ‡∏õ‡πá‡∏ô ‡∏£‡∏û.‡∏ó‡∏µ‡πà‡∏î‡∏π‡πÅ‡∏•‡πâ‡∏ß‡∏°‡∏µ‡∏Ñ‡∏ß‡∏≤‡∏°‡∏°‡∏±‡πà‡∏ô‡∏Ñ‡∏á..‡∏°‡∏≤‡∏ó‡∏≥‡∏á‡∏≤‡∏ô‡∏≠‡∏¢‡∏π‡πà‡πÉ‡∏ô‡πÄ‡∏Ñ‡∏£‡∏∑‡∏≠‡∏ô‡∏µ‡πâ‡πÅ‡∏•‡πâ‡∏ß‡∏°‡∏µ‡∏Ñ‡∏ß‡∏≤‡∏°‡∏™‡∏∏‡∏Ç.‡∏ñ‡∏∂‡∏á‡∏à‡∏∞‡∏°‡∏µ‡∏¢‡∏∏‡∏Ñ‡∏•‡∏≤‡∏Å‡∏£‡∏ö‡πâ‡∏≤‡∏á‡∏Ñ‡∏ô‡∏ö‡πâ‡∏≤‡∏á‡∏ó‡∏µ‡πà..‡πÑ‡∏°‡πà‡∏Ñ‡∏≠‡∏¢‡∏î‡∏µ‡πÄ‡∏ó‡πà‡∏≤‡πÑ‡∏´‡∏£‡πà..‡πÅ‡∏ï‡πà‡πÇ‡∏î‡∏¢‡∏£‡∏ß‡∏°‡∏™‡∏ß‡∏ô‡∏°‡∏≤‡∏Å‡∏î‡∏µ‡πÄ‡∏¢‡∏µ‡πà‡∏¢‡∏°,1
‡∏Ç‡∏≠‡∏á‡∏î‡∏µ..,1
‡∏™‡∏ß‡∏î‡∏¢‡∏≠‡∏î‡∏õ‡∏≤‡∏¢‡πÄ‡∏•‡∏¢‡πÄ‡∏û‡πà,1
‡∏ö‡∏£‡∏¥‡∏Å‡∏≤‡∏£‡∏î‡∏µ‡∏°‡∏≤‡∏Å ‡πÄ‡∏≠‡∏≤‡πÉ‡∏à‡πÉ‡∏™‡πà ‡πÉ‡∏´‡πâ‡∏£‡∏≤‡∏¢‡∏•‡∏∞‡πÄ‡∏≠‡∏µ‡∏¢‡∏î‡∏≠‡∏¢‡πà‡∏≤‡∏á‡∏ä‡∏±‡∏î‡πÄ‡∏à‡∏ô ‡πÄ‡∏°‡∏∑‡πà‡∏≠‡∏à‡∏∞‡∏ó‡∏≥‡∏Å‡∏≤‡∏£‡∏£‡∏±‡∏Å‡∏©‡∏≤ ‡∏™‡∏ñ‡∏≤‡∏ô‡∏ó‡∏µ‡πà‡∏°‡∏µ‡∏ó‡∏∏‡∏Å‡∏≠‡∏¢‡πà‡∏≤‡∏á‡∏Ñ‡∏£‡∏ö‡∏Ñ‡∏£‡∏±‡∏ô ‡∏ó‡∏±‡∏ô‡∏™‡∏°‡∏±‡∏¢ ‡∏≠‡∏∏‡∏õ‡∏Å‡∏£‡∏ì‡πå‡∏û‡∏£‡πâ‡∏≠‡∏° ‡∏ö‡∏∏‡∏Ñ‡∏•‡∏≤‡∏Å‡∏£‡∏û‡∏£‡πâ‡∏≠‡∏°,1
‡∏î‡∏µ‡∏°‡∏≤‡∏Å‡πÄ‡∏•‡∏¢‡∏Ñ‡∏∞‡πÄ‡∏¢‡∏µ‡πà‡∏¢‡∏°,1
‡∏î‡∏µ‡∏û‡∏¢‡∏≤‡∏ö‡∏≤‡∏•‡∏î‡∏π‡πÅ‡∏•‡∏î‡∏µ‡∏û‡∏π‡∏î‡πÑ‡∏û‡πÄ‡∏£‡∏≤‡∏∞‡πÄ‡∏™‡∏ô‡∏≤‡∏∞‡∏´‡∏π,1
‡∏û‡∏≤‡∏Ñ‡∏∏‡∏ì‡∏ï‡∏≤‡∏°‡∏≤‡∏´‡∏≤‡∏´‡∏°‡∏≠‡∏õ‡∏£‡∏∞‡∏à‡∏≥‡∏Ñ‡∏£‡∏±‡∏ö ‡∏û‡∏¢‡∏≤‡∏ö‡∏≤‡∏•‡πÄ‡∏≠‡∏≤‡πÉ‡∏à‡πÉ‡∏™‡πà‡πÅ‡∏•‡∏∞‡∏à‡∏≥‡πÑ‡∏î‡πâ ‡∏Ñ‡∏≠‡∏¢‡∏ñ‡∏≤‡∏°‡πÑ‡∏ñ‡πà‡∏ï‡∏•‡∏≠‡∏î ‡∏°‡∏≤‡πÅ‡∏•‡πâ‡∏ß‡∏£‡∏π‡πâ‡∏™‡∏∂‡∏Å‡∏î‡∏µ‡∏ó‡∏∏‡∏Å‡∏Ñ‡∏£‡∏±‡πâ‡∏á‡∏Ñ‡∏£‡∏±‡∏ö,1
‡∏°‡∏≤‡∏£‡∏±‡∏Å‡∏©‡∏≤‡∏ó‡∏µ‡πà‡∏ô‡∏µ‡πà‡∏ö‡∏£‡∏¥‡∏Å‡∏≤‡∏£‡∏î‡∏µ‡∏°‡∏≤‡∏Å‡πÜ‡∏Ñ‡πà‡∏∞‡∏´‡πâ‡∏≠‡∏á‡∏û‡∏¥‡πÄ‡∏®‡∏©‡∏ó‡∏µ‡πà‡∏ô‡∏µ‡πà ‡πÄ‡∏´‡∏°‡∏∑‡∏≠‡∏ô‡πÇ‡∏£‡∏á‡πÅ‡∏£‡∏°‡πÄ‡∏•‡∏¢‡∏Ñ‡πà‡∏∞.‡∏ô‡∏≠‡∏ô‡∏£‡∏±‡∏Å‡∏©‡∏≤‡∏°‡∏≤‡∏´‡∏•‡∏≤‡∏¢‡∏ß‡∏±‡∏ô‡∏•‡∏∞ ‡πÄ‡∏à‡πâ‡∏≤‡∏´‡∏ô‡πâ‡∏≤‡∏ó‡∏µ‡πà‡∏î‡∏π‡πÅ‡∏•‡∏î‡∏µ‡∏°‡∏≤‡∏Å‡πÜ‡∏Ñ‡πà‡∏∞,1
‡πÇ‡∏£‡∏á‡∏û‡∏¢‡∏≤‡∏ö‡∏≤‡∏•‡∏ö‡∏≥‡∏£‡∏∏‡∏á‡∏£‡∏≤‡∏©‡∏é‡∏£‡πå‡πÄ‡∏õ‡πá‡∏ô‡πÇ‡∏£‡∏á‡∏û‡∏¢‡∏≤‡∏ö‡∏≤‡∏•‡∏ö‡∏£‡∏¥‡∏Å‡∏≤‡∏£‡∏õ‡∏£‡∏∞‡∏ó‡∏±‡∏ö‡πÉ‡∏à‡∏Ñ‡∏∏‡∏ì‡∏´‡∏°‡∏≠‡πÄ‡∏Ç‡∏≤‡πÄ‡∏Å‡πà‡∏á‡∏°‡∏≤‡∏Å‡∏Ñ‡∏∞,1
‡∏Å‡∏≤‡∏£‡∏î‡∏π‡πÅ‡∏•‡∏£‡∏±‡∏Å‡∏©‡∏≤‡∏î‡∏µ‡∏°‡∏≤‡∏Å ‡πÅ‡∏ï‡πà‡∏Ñ‡πà‡∏≤‡∏£‡∏±‡∏Å‡∏©‡∏≤‡πÅ‡∏û‡∏á‡∏°‡∏≤‡∏Å‡∏™‡∏≥‡∏´‡∏£‡∏±‡∏ö‡∏Ñ‡∏ô‡πÑ‡∏ó‡∏¢,1
‡∏≠‡∏¢‡∏≤‡∏Å‡πÉ‡∏´‡πâ‡πÑ‡∏õ‡πÄ‡∏õ‡∏¥‡∏î‡πÅ‡∏ü‡πâ‡∏°‡∏Ñ‡∏ô‡πÑ‡∏Ç‡πâ‡πÄ‡∏Å‡πà‡∏≤‡∏î‡∏π‡πÄ‡∏•‡∏¢‡∏Ñ‡πà‡∏∞‡∏à‡∏∞‡πÑ‡∏î‡πâ‡∏£‡∏π‡πâ‡∏ß‡πà‡∏≤‡πÄ‡∏õ‡πá‡∏ô‡∏Ñ‡∏ô‡πÑ‡∏Ç‡πâ‡∏õ‡∏£‡∏∞‡∏à‡∏≥‡∏°‡∏≤‡∏ô‡∏≤‡∏ô‡∏°‡∏≤‡∏Å‡∏Ç‡∏ô‡∏≤‡∏î‡πÑ‡∏´‡∏ô ‡∏Ñ‡∏∏‡∏ì‡∏´‡∏°‡∏≠‡πÄ‡∏Å‡πà‡∏á‡πÅ‡∏•‡∏∞‡∏ô‡πà‡∏≤‡∏£‡∏±‡∏Å‡∏°‡∏≤‡∏Å‡πÄ‡∏ä‡πà‡∏ô‡∏Ñ‡∏∏‡∏ì‡∏´‡∏°‡∏≠‡∏†‡∏¥‡∏ç‡πÇ‡∏ç ‡∏´‡∏≠‡∏®‡∏¥‡∏•‡∏õ‡πå‡∏ú‡∏π‡πâ‡πÄ‡∏Ç‡∏µ‡πà‡∏¢‡∏ß‡∏ä‡∏≤‡∏ç‡πÇ‡∏£‡∏Ñ‡∏õ‡∏≠‡∏î ‡∏Ñ‡∏∏‡∏ì‡∏´‡∏°‡∏≠‡∏≠‡∏µ‡∏Å‡∏ó‡πà‡∏≤‡∏ô‡∏ä‡∏∑‡πà‡∏≠‡∏≠‡∏∞‡πÑ‡∏£‡∏Å‡πá‡∏•‡∏∑‡∏°‡∏ó‡∏µ‡πà‡∏î‡∏π‡πÅ‡∏•‡∏£‡∏∞‡∏ö‡∏ö‡∏•‡∏≥‡πÑ‡∏™‡πâ‡∏Ç‡∏≠‡πÇ‡∏ó‡∏©‡∏Ñ‡πà‡∏∞‡∏ó‡∏µ‡∏•‡∏∑‡∏°‡∏ä‡∏∑‡πà‡∏≠‡πÄ‡∏î‡∏µ‡πã‡∏¢‡∏ß‡∏ô‡∏∂‡∏Å‡∏≠‡∏≠‡∏Å‡∏à‡∏∞‡∏°‡∏≤‡πÇ‡∏û‡∏™‡∏ï‡πå‡πÉ‡∏´‡πâ ‡∏Ñ‡∏∏‡∏ì‡∏´‡∏°‡∏≠‡∏≠‡∏ô‡∏ô‡∏ó‡πå ‡∏Å‡∏≤‡∏£‡πÅ‡∏≠‡∏î‡∏°‡∏¥‡∏ó‡∏Å‡πá‡πÑ‡∏î‡πâ‡∏£‡∏±‡∏ö‡∏Å‡∏≤‡∏£‡∏î‡∏π‡πÅ‡∏•‡∏à‡∏≤‡∏Å‡∏û‡∏¢‡∏≤‡∏ö‡∏≤‡∏á‡πÅ‡∏•‡∏∞‡∏ú‡∏π‡πâ‡∏ä‡πà‡∏ß‡∏¢‡∏à‡∏ô‡∏ö‡∏≤‡∏á‡∏Ñ‡∏£‡∏±‡πâ‡∏á‡∏£‡∏π‡πâ‡∏™‡∏∂‡∏Å‡∏ß‡πà‡∏≤‡πÄ‡∏¢‡∏≠‡∏∞‡πÑ‡∏õ‡∏´‡∏£‡∏∑‡∏≠‡πÄ‡∏õ‡∏•‡πà‡∏≤ ‡πÑ‡∏õ‡πÅ‡∏≠‡∏î‡∏°‡∏¥‡∏î‡∏à‡∏ô‡∏û‡∏ô‡∏±‡∏Å‡∏á‡∏≤‡∏ô‡∏à‡∏≥‡πÑ‡∏î‡πâ‡πÅ‡∏ï‡πà‡∏Ç‡∏≠‡∏ï‡∏¥‡πÄ‡∏£‡∏∑‡πà‡∏≠‡∏á‡∏≠‡∏≤‡∏´‡∏≤‡∏£‡∏ó‡∏µ‡πà‡πÄ‡∏£‡∏≤‡πÄ‡∏õ‡πá‡∏ô‡∏Ñ‡∏ô‡πÑ‡∏Ç‡πâ‡∏õ‡∏£‡∏∞‡∏à‡∏≥‡∏Ñ‡∏ß‡∏£‡∏°‡∏µ‡πÄ‡∏£‡∏Ñ‡∏Ñ‡∏≠‡∏£‡πå‡∏î‡∏ß‡πà‡∏≤‡∏ú‡∏π‡πâ‡∏õ‡πà‡∏ß‡∏¢‡∏ó‡∏≤‡∏ô‡∏≠‡∏∞‡πÑ‡∏£‡∏´‡∏£‡∏∑‡∏≠‡πÑ‡∏°‡πà‡∏ó‡∏≤‡∏ô‡∏≠‡∏∞‡πÑ‡∏£‡πÅ‡∏•‡πâ‡∏ß‡∏Å‡πá‡πÅ‡∏≠‡∏ö‡πÑ‡∏°‡πà‡∏≠‡∏£‡πà‡∏≠‡∏¢‡∏≠‡∏µ‡∏Å‡∏ï‡πà‡∏≤‡∏á‡∏´‡∏≤‡∏Å,1
‡∏Å‡∏≤‡∏£‡∏ö‡∏£‡∏¥‡∏Å‡∏≤‡∏£‡∏ó‡∏≤‡∏á‡∏Å‡∏≤‡∏£‡πÅ‡∏û‡∏ó‡∏¢‡πå‡∏î‡∏µ‡∏°‡∏≤‡∏Å,1
‡πÄ‡∏õ‡πá‡∏ô‡πÇ‡∏£‡∏á‡∏û‡∏¢‡∏≤‡∏ö‡∏≤‡∏•‡∏ó‡∏µ‡πà‡∏î‡∏µ‡∏°‡∏≤‡∏Å‡∏Ñ‡∏£‡∏±‡∏ö ‡πÄ‡∏≠‡∏≤‡πÉ‡∏à‡πÉ‡∏™‡πà‡πÉ‡∏ô‡∏ó‡∏∏‡∏Å‡πÜ‡∏£‡∏≤‡∏¢‡∏•‡∏∞‡πÄ‡∏≠‡∏µ‡∏¢‡∏î ‡∏Ñ‡∏∏‡∏ì‡∏´‡∏°‡∏≠ ‡∏û‡∏¢‡∏≤‡∏ö‡∏≤‡∏• ‡πÅ‡∏•‡∏∞ ‡πÄ‡∏à‡πâ‡∏≤‡∏´‡∏ô‡πâ‡∏≤‡∏ó‡∏µ‡πà‡∏ó‡∏∏‡∏Å‡∏Ñ‡∏ô‡πÄ‡∏ï‡πá‡∏°‡∏ó‡∏µ‡πà ‡∏¢‡∏¥‡πâ‡∏°‡πÅ‡∏¢‡πâ‡∏° ‡∏ó‡∏≥‡πÉ‡∏´‡πâ‡∏ú‡∏°‡∏£‡∏∏‡πâ‡∏™‡∏∂‡∏Å‡∏≠‡∏∏‡πà‡∏ô‡πÉ‡∏à‡πÅ‡∏•‡∏∞‡∏ß‡∏≤‡∏á‡πÉ‡∏à‡∏°‡∏≤‡∏ï‡∏•‡∏≠‡∏î‡∏ó‡∏µ‡πà‡πÑ‡∏î‡πâ‡∏°‡∏≤‡∏£‡∏±‡∏Å‡∏©‡∏≤‡∏ó‡∏µ‡πà‡∏ô‡∏µ‡πà‡∏Ñ‡∏£‡∏±‡∏ö,1
‡∏ö‡∏£‡∏¥‡∏Å‡∏≤‡∏£‡∏î‡∏µ ‡πÅ‡∏û‡∏ó‡∏¢‡πå‡∏ó‡∏≥‡∏Å‡∏≤‡∏£‡∏ï‡∏£‡∏ß‡∏à‡∏£‡∏±‡∏Å‡∏©‡∏≤‡πÅ‡∏•‡∏∞‡πÉ‡∏´‡πâ‡∏Ñ‡∏≥‡πÅ‡∏ô‡∏∞‡∏ô‡∏≥‡πÄ‡∏õ‡πá‡∏ô‡∏≠‡∏¢‡πà‡∏≤‡∏á‡∏î‡∏µ ‡πÅ‡∏ï‡πà‡∏£‡∏≤‡∏Ñ‡∏≤‡∏Ñ‡πà‡∏≠‡∏ô‡∏Ç‡πâ‡∏≤‡∏á‡πÅ‡∏û‡∏á,1
‡∏ö‡∏£‡∏¥‡∏Å‡∏≤‡∏£‡∏î‡∏µ‡∏°‡∏≤‡∏Å‡πÄ‡∏•‡∏¢‡∏Ñ‡∏∞ ‡∏≠‡∏ö‡∏≠‡∏∏‡πà‡∏ô‡∏à‡∏£‡∏¥‡∏á‡πÜ,1
‡∏Ñ‡∏£‡∏≠‡∏ö‡∏Ñ‡∏£‡∏±‡∏ß‡∏Ç‡∏≠‡∏á‡∏Ñ‡∏∏‡∏ì‡∏ô‡πâ‡∏≤‡∏™‡∏≤‡∏°‡∏µ‡∏£‡∏±‡∏Å‡∏©‡∏≤‡∏™‡∏∏‡∏Ç‡∏†‡∏≤‡∏û‡∏ó‡∏µ‡∏ô‡∏µ‡πà‡∏Ñ‡πà‡∏∞,1
‡πÄ‡∏õ‡πá‡∏ô‡πÇ‡∏£‡∏á‡∏û‡∏¢‡∏≤‡∏ö‡∏≤‡∏•‡∏ó‡∏µ‡πà‡πÑ‡∏ß‡πâ‡∏ß‡∏≤‡∏á‡πÉ‡∏à‡πÉ‡∏´‡πâ‡∏î‡∏π‡πÅ‡∏•‡∏•‡∏π‡∏Å ‡∏ä‡∏∑‡πà‡∏ô‡∏ä‡∏≠‡∏ö‡∏´‡∏°‡∏≠ ‡∏≠‡∏£‡∏£‡∏ñ‡∏™‡∏¥‡∏ó‡∏ò‡∏¥‡πå ‡∏î‡∏π‡πÅ‡∏•‡∏∞‡∏•‡∏π‡∏Å‡∏î‡∏µ‡∏°‡∏≤‡∏Å ‡πÅ‡∏ï‡πà‡∏Ç‡∏≠‡∏ä‡∏µ‡πâ‡πÅ‡∏ô‡∏∞ ‡πÉ‡∏ô‡∏Å‡∏≤‡∏£‡∏ö‡∏£‡∏¥‡∏Å‡∏≤‡∏£‡πÄ‡∏û‡∏∑‡πà‡∏≠‡∏û‡∏¥‡∏à‡∏≤‡∏£‡∏ì‡∏≤‡∏õ‡∏£‡∏±‡∏ö‡∏õ‡∏£‡∏∏‡∏á‡πÉ‡∏´‡πâ‡∏î‡∏µ‡∏¢‡∏¥‡πà‡∏á‡∏¢‡∏¥‡πà‡∏á‡∏Ç‡∏∂‡πâ‡∏ô‡πÑ‡∏õ‡∏ô‡∏∞‡∏Ñ‡∏∞ 1.‡∏ó‡∏µ‡πà‡∏ô‡∏≠‡∏ô‡∏Ñ‡∏ô‡πÄ‡∏ù‡πâ‡∏≤‡πÑ‡∏Ç‡πâ ‡πÅ‡∏Ç‡πá‡∏á‡πÑ‡∏õ 2.‡∏£‡∏∞‡∏ö‡∏ö‡∏ó‡∏µ‡∏ß‡∏µ ‡∏°‡∏±‡∏ô‡∏Ç‡∏±‡∏î‡∏Ç‡πâ‡∏≠‡∏á ‡∏™‡∏±‡∏ç‡∏ç‡∏≤‡∏ì‡πÄ‡∏™‡∏µ‡∏¢‡∏á ‡∏Å‡∏≤‡∏£‡πå‡∏ï‡∏π‡∏ô‡∏û‡∏≤‡∏Å‡∏©‡πå‡πÑ‡∏ó‡∏¢‡πÄ‡∏™‡∏µ‡∏¢‡∏á‡∏Ç‡∏≤‡∏î‡πÜ‡∏´‡∏≤‡∏¢‡πÜ ‡πÄ‡∏ö‡∏≤‡πÜ‡∏î‡∏±‡∏á‡πÜ 3.‡∏ä‡πà‡∏≠‡∏á‡∏Å‡∏≤‡∏£‡πå‡∏ï‡∏π‡∏ô‡∏û‡∏≤‡∏Å‡∏©‡πå‡πÑ‡∏ó‡∏¢‡∏°‡∏µ‡∏ä‡πà‡∏≠‡∏á‡πÄ‡∏î‡∏µ‡∏¢‡∏ß ‡πÄ‡∏û‡∏¥‡πà‡∏°‡∏Å‡πá‡∏î‡∏µ‡∏ô‡∏∞‡∏Ñ‡∏∞,1
‡πÄ‡∏Ñ‡∏¢‡πÄ‡∏Ç‡πâ‡∏≤‡πÑ‡∏õ‡∏Ñ‡∏£‡∏±‡∏ö ‡πÅ‡∏ï‡πà‡πÑ‡∏õ‡∏ó‡∏≥‡∏á‡∏≤‡∏ô ‡∏û‡∏ô‡∏á ‡∏î‡∏π‡∏î‡∏µ ‡∏ï‡∏±‡πâ‡∏á‡πÅ‡∏ï‡πà ‡∏£‡∏õ‡∏† ‡∏ñ‡∏∂‡∏á‡∏´‡∏°‡∏≠ ‡∏î‡∏π‡∏ö‡∏£‡∏¥‡∏Å‡∏≤‡∏£‡πÄ‡∏õ‡πá‡∏ô‡∏Å‡∏±‡∏ô‡πÄ‡∏≠‡∏á ‡∏£‡∏û.‡∏´‡∏£‡∏π‡∏´‡∏£‡∏≤ ‡∏î‡∏µ‡∏Ñ‡∏£‡∏±‡∏ö,1
‡πÇ‡∏£‡∏á‡∏û‡∏¢‡∏≤‡∏ö‡∏≤‡∏•‡∏ó‡∏µ‡πà‡πÑ‡∏ß‡πâ‡∏ß‡∏≤‡∏á‡πÉ‡∏à‡πÑ‡∏î‡πâ ‡πÄ‡∏°‡∏∑‡πà‡∏≠‡∏Ñ‡∏∏‡∏ì‡πÄ‡∏à‡πá‡∏ö‡∏õ‡πà‡∏ß‡∏¢‡πÉ‡∏ä‡πâ‡∏ö‡∏£‡∏¥‡∏Å‡∏≤‡∏£‡πÅ‡∏•‡πâ‡∏ß‡∏™‡∏ö‡∏≤‡∏¢‡πÉ‡∏à‡∏Ç‡∏≠‡∏ö‡∏Ñ‡∏∏‡∏ì‡∏Ñ‡∏∏‡∏ì‡∏´‡∏°‡∏≠‡∏ó‡∏∏‡∏Å‡∏ó‡πà‡∏≤‡∏ô,1
‡∏û‡∏ô‡∏±‡∏Å‡∏á‡∏≤‡∏ô‡∏ö‡∏≤‡∏á‡∏Ñ‡∏ô‡πÄ‡∏™‡∏µ‡∏¢‡∏°‡∏≤‡∏£‡∏¢‡∏≤‡∏ó‡∏°‡∏≤‡∏Å‡πÜ ‡∏Ñ‡∏∑‡∏≠‡∏à‡∏∞‡πÄ‡∏Ç‡πâ‡∏≤‡∏´‡πâ‡∏≠‡∏á‡∏Ñ‡∏ô‡∏õ‡πà‡∏ß‡∏¢‡∏Å‡πá‡πÑ‡∏°‡πà‡πÄ‡∏Ñ‡∏≤‡∏∞‡∏õ‡∏£‡∏∞‡∏ï‡∏π‡∏Å‡πà‡∏≠‡∏ô ‡∏≠‡∏¢‡∏≤‡∏Å‡∏à‡∏∞‡πÄ‡∏î‡∏¥‡∏ô‡∏Å‡πá‡πÄ‡∏î‡∏¥‡∏ô‡πÄ‡∏Ç‡πâ‡∏≤‡∏°‡∏≤‡πÄ‡∏â‡∏¢‡πÄ‡∏•‡∏¢ ‡∏ó‡∏≥‡∏á‡∏≤‡∏ô‡∏°‡∏∑‡∏≠‡∏ñ‡∏∑‡∏≠‡∏Å‡πá‡πÑ‡∏°‡πà‡∏õ‡∏¥‡∏î‡πÄ‡∏™‡∏µ‡∏¢‡∏á,0
‡∏ó‡∏µ‡πà‡∏ô‡∏µ‡πà‡∏°‡∏µ‡∏≠‡∏≤‡∏à‡∏≤‡∏£‡∏¢‡πå‡∏´‡∏°‡∏≠‡∏ó‡∏µ‡πà‡πÄ‡∏Å‡πà‡∏á‡πÅ‡∏•‡∏∞‡∏î‡∏µ‡πÜ‡∏°‡∏µ‡∏à‡∏£‡∏£‡∏¢‡∏≤‡∏ö‡∏£‡∏£‡∏ì‡∏´‡∏•‡∏≤‡∏¢‡∏ó‡πà‡∏≤‡∏ô‡∏Ñ‡πà‡∏∞,1
‡∏Å‡πá‡πÉ‡∏ä‡πâ‡∏ö‡∏£‡∏¥‡∏Å‡∏≤‡∏£‡∏ó‡∏µ‡πà‡∏ô‡∏µ‡πà‡∏°‡∏≤‡∏ï‡∏•‡∏≠‡∏î‡∏à‡∏ô‡∏•‡∏π‡∏Å‡∏Ñ‡∏ô‡∏ó‡∏µ‡πà‡∏™‡∏≤‡∏°‡πÅ‡∏•‡πâ‡∏ß ‡∏Ñ‡∏∏‡∏ì‡∏´‡∏°‡∏≠‡∏Å‡πá‡∏Ñ‡∏ô‡πÄ‡∏î‡∏¥‡∏°‡∏ó‡∏±‡πâ‡∏á‡πÄ‡∏£‡∏≤‡πÅ‡∏•‡∏∞‡∏•‡∏π‡∏Å ‡∏£‡∏±‡∏Å‡∏ó‡∏µ‡πà‡∏ô‡∏µ‡πà‡πÅ‡∏•‡∏∞‡∏ß‡∏≤‡∏á‡πÉ‡∏à‡∏ó‡∏µ‡πà‡∏ô‡∏µ‡πà‡∏ó‡∏µ‡πà‡∏™‡∏∏‡∏î‡∏Ñ‡∏∞,1
‡∏£‡∏±‡∏Å‡∏ö‡∏≥‡∏£‡∏∏‡∏á‡∏£‡∏≤‡∏©‡∏é‡∏£‡πå‡∏ó‡∏µ‡πà‡∏™‡∏∏‡∏î‡πÄ‡∏•‡∏¢,1
‡∏õ‡∏£‡∏∞‡∏™‡∏ö‡∏Å‡∏≤‡∏£‡∏ì‡πå‡∏´‡∏•‡∏≤‡∏¢‡∏≠‡∏¢‡πà‡∏≤‡πÄ‡∏•‡∏¢‡∏Ñ‡πà‡∏∞‡∏ó‡∏µ‡πà‡∏ô‡∏µ‡πà‡∏ó‡∏±‡πâ‡∏á‡πÄ‡∏£‡∏∑‡πà‡∏≠‡∏á‡∏Ç‡∏≠‡∏á ‡∏ú‡∏ç.‡πÜ‡πÜ ‡∏ó‡∏µ‡πà‡πÄ‡∏£‡∏≤‡πÑ‡∏°‡πà‡πÄ‡∏Ñ‡∏¢‡∏£‡∏π‡πâ‡πÅ‡∏•‡∏∞‡∏ó‡∏±‡πâ‡∏á‡πÄ‡∏£‡∏∑‡πà‡∏≠‡∏á‡∏ú‡πà‡∏≤‡∏ï‡∏±‡∏î‡∏´‡∏°‡∏≠‡∏ô‡∏£‡∏≠‡∏á‡∏Å‡∏£‡∏∞‡∏î‡∏π‡∏Å‡∏ó‡∏±‡∏ö‡πÄ‡∏™‡πâ‡∏ô‡πÅ‡∏ñ‡∏°‡∏Å‡∏£‡∏∞‡∏î‡∏π‡∏Å‡πÄ‡∏Ñ‡∏•‡∏∑‡πà‡∏≠‡∏ô‡∏≠‡∏µ‡∏Å! ‡∏™‡∏∏‡∏î‡∏¢‡∏≠‡∏î‡πÄ‡∏•‡∏¢‡∏Ñ‡πà‡∏∞‡∏Ç‡∏≠‡∏ö‡∏Ñ‡∏∏‡∏ì‡∏ó‡∏µ‡πà‡∏ó‡∏≥‡πÉ‡∏´‡πâ‡πÄ‡∏£‡∏≤‡πÑ‡∏î‡πâ‡∏£‡∏∞‡∏ß‡∏±‡∏á‡πÅ‡∏•‡∏∞‡∏î‡∏π‡πÅ‡∏•‡∏ï‡∏±‡∏ß‡πÄ‡∏≠‡∏á‡∏°‡∏≤‡∏Å‡∏Ç‡∏∂‡πâ‡∏ô. ‡∏¢‡∏≤‡∏ö‡∏≤‡∏á‡∏õ‡∏£‡∏∞‡πÄ‡∏†‡∏ó‡∏ó‡∏µ‡πà‡πÑ‡∏°‡πà‡∏™‡∏°‡∏Ñ‡∏ß‡∏£‡πÉ‡∏ä‡πâ‡∏≠‡∏µ‡∏Å‡∏°‡∏≤‡∏Å‡πÄ‡∏•‡∏¢‡∏ó‡∏µ‡πà‡πÄ‡∏à‡∏≠‡∏Ñ‡∏∏‡∏ì‡∏´‡∏°‡∏≠‡∏ó‡∏µ‡πà‡∏ô‡∏µ‡πà‡πÅ‡∏ô‡∏∞‡∏ô‡∏≥‡πÉ‡∏´‡πâ‡∏´‡∏¢‡∏∏‡∏î‡πÉ‡∏ä‡πâ. ‡∏Ç‡∏≠‡∏ö‡∏Ñ‡∏∏‡∏ì‡∏à‡∏£‡∏¥‡∏á‡πÜ‡∏Ñ‡πà‡∏∞,1
‡∏ô‡∏±‡∏ö‡πÄ‡∏õ‡πá‡∏ô‡∏ö‡πâ‡∏≤‡∏ô‡∏´‡∏•‡∏±‡∏á‡∏ó‡∏µ‡πà2‡∏Ç‡∏≠‡∏á‡πÄ‡∏£‡∏≤‡πÄ‡∏•‡∏¢ ‡∏´‡∏¢‡∏∏‡∏î‡∏Å‡πá‡∏¢‡∏±‡∏á‡∏°‡∏≤ ‡∏°‡∏≤‡∏î‡∏µ‡∏à‡∏±‡∏á...,1
‡∏ß‡∏±‡∏ô‡∏ô‡∏µ‡πâ‡∏û‡∏≤‡∏ô‡∏≤‡∏¢‡∏°‡∏≤‡πÇ‡∏£‡∏á‡∏û‡∏¢‡∏≤‡∏ö‡∏≤‡∏•,1
‡∏Å‡πá‡πÉ‡∏ä‡πâ‡∏ö‡∏£‡∏¥‡∏Å‡∏≤‡∏£‡∏ö‡πà‡∏≠‡∏¢‡∏Ñ‡∏£‡∏±‡∏ö ‡πÄ‡∏¢‡∏µ‡πà‡∏¢‡∏°‡∏Ñ‡∏£‡∏±‡∏ö‡πÅ‡∏ï‡πà‡πÅ‡∏û‡∏á‡∏à‡∏±‡∏á!!!,1
‡∏Ç‡∏≠‡∏ö‡∏Ñ‡∏∏‡∏ì‡∏õ‡∏£‡∏∞‡∏™‡∏ö‡∏Å‡∏≤‡∏£‡∏ì‡πå‡∏î‡∏µ‡πÜ‡πÜ ‡∏à‡∏≤‡∏Å‡∏£‡∏û.‡∏ö‡∏≥‡∏£‡∏∏‡∏á‡∏£‡∏≤‡∏©‡∏ê‡πå‡∏Ñ‡πà‡∏∞. ‡∏ó‡∏≥‡πÉ‡∏´‡πâ‡πÑ‡∏î‡πâ‡πÄ‡∏£‡∏µ‡∏¢‡∏ô‡∏£‡∏π‡πâ‡∏ß‡πà‡∏≤‡∏ö‡∏≤‡∏á‡∏Ñ‡∏£‡∏±‡πâ‡∏á‡∏™‡∏¥‡πà‡∏á‡πÅ‡∏ß‡∏î‡∏•‡πâ‡∏≠‡∏°‡∏ï‡πà‡∏≤‡∏á‡πÜ‡πÜ‡πÄ‡∏õ‡πá‡∏ô‡∏õ‡∏±‡∏à‡∏à‡∏±‡∏¢‡∏ó‡∏µ‡πà‡∏™‡∏≥‡∏Ñ‡∏±‡∏ç‡∏™‡∏≥‡∏´‡∏£‡∏±‡∏ö‡∏Ñ‡∏ô‡∏ó‡∏≥‡∏á‡∏≤‡∏ô‡∏≠‡∏¢‡πà‡∏≤‡∏á‡∏¢‡∏¥‡πà‡∏á ‡∏™‡πà‡∏á‡πÄ‡∏™‡∏£‡∏¥‡∏°‡πÉ‡∏´‡πâ‡∏Ñ‡∏ô‡∏ó‡∏≥‡∏á‡∏≤‡∏ô‡∏°‡∏µ‡∏Ñ‡∏ß‡∏≤‡∏°‡∏™‡∏∏‡∏Ç,1
‡πÄ‡∏Ñ‡∏¢‡πÑ‡∏õ‡πÄ‡∏°‡∏∑‡πà‡∏≠‡∏™‡∏≠‡∏á‡∏õ‡∏µ‡πà‡∏ó‡∏µ‡πà‡πÅ‡∏•‡πâ‡∏ß‡∏ï‡∏≠‡∏ô‡∏•‡∏π‡∏Å‡∏™‡∏≤‡∏ß‡πÄ‡∏Å‡∏¥‡∏î‡∏û‡∏≤‡∏•‡∏π‡∏Å‡∏™‡∏≤‡∏ß‡πÑ‡∏õ‡∏ú‡πà‡∏≤‡∏ï‡∏±‡∏î‡∏Å‡∏∞‡∏ö‡∏±‡∏á‡∏•‡∏°‡∏£‡∏±‡πâ‡∏ß‡∏ï‡∏≠‡∏ô‡∏ô‡∏µ‡πâ‡∏¥‡∏≤‡∏Å‡∏≤‡∏£‡∏•‡∏π‡∏Å‡∏™‡∏≤‡∏ß‡πÄ‡∏õ‡πá‡∏ô‡∏õ‡∏Å‡∏ï‡∏¥‡∏î‡∏µ‡πÅ‡∏•‡πâ‡∏ß ‡∏Å‡πá‡∏Ç‡∏≠‡∏Ç‡∏≠‡∏ö‡∏Ñ‡∏∏‡∏ì‡πÇ‡∏£‡∏á‡∏û‡∏¢‡∏≤‡∏ö‡∏≤‡∏•‡∏ö‡∏≥‡∏£‡∏∏‡∏á‡∏£‡∏≤‡∏©‡∏è‡∏£‡πå‡∏ó‡∏µ‡πà‡∏î‡∏π‡πÅ‡∏•‡πÅ‡∏•‡∏∞‡∏£‡∏±‡∏Å‡∏©‡∏≤‡∏Ñ‡∏ô‡πÑ‡∏Ç‡πâ‡πÄ‡∏õ‡πá‡∏ô‡∏≠‡∏¢‡πà‡∏≤‡∏á‡∏î‡∏µ‡∏ñ‡∏∂‡∏á‡∏à‡∏∞‡πÅ‡∏û‡∏á‡πÑ‡∏õ‡πÅ‡∏ï‡πà‡∏Å‡πá‡∏Ñ‡∏∏‡πâ‡∏°‡∏Ñ‡πà‡∏∞....,1
‡πÄ‡∏õ‡πá‡∏ô‡∏•‡∏π‡∏Å‡∏Ñ‡πâ‡∏≤‡∏≠‡∏¢‡∏π‡πà‡∏Ñ‡πà‡∏∞..‡∏î‡∏µ‡∏°‡∏≤‡∏Å‡πÅ‡∏•‡∏∞‡πÅ‡∏û‡∏á‡∏°‡∏≤‡∏Å‡∏î‡πâ‡∏ß‡∏¢‡∏Ñ‡πà‡∏∞,1
‡∏ö‡∏£‡∏¥‡∏Å‡∏≤‡∏£‡∏î‡∏µ‡∏°‡∏≤‡∏Å‡∏Ñ‡πà‡∏∞‡∏õ‡∏£‡∏∞‡∏ó‡∏±‡∏ö‡πÉ‡∏à ‡∏Ñ‡∏∏‡∏ì‡∏´‡∏°‡∏≠‡∏Å‡πá‡∏û‡∏π‡∏î‡∏à‡∏≤‡∏î‡∏µ ‡πÑ‡∏°‡πà‡πÄ‡∏´‡∏°‡∏∑‡∏≠‡∏ô‡∏ó‡∏µ‡πà‡∏≠‡∏∑‡πà‡∏ô,1
‡∏Ç‡∏≠‡πÅ‡∏ô‡∏∞‡∏ô‡∏≥‡πÄ‡∏£‡∏∑‡πà‡∏≠‡∏á‡∏Å‡∏≤‡∏£‡∏ö‡∏£‡∏¥‡∏Å‡∏≤‡∏£‡∏ô‡∏¥‡∏î‡∏ô‡∏∂‡∏á‡∏ô‡πà‡∏∞‡∏Ñ‡∏≤‡∏ö‡∏ú‡∏°‡∏ï‡∏±‡πâ‡∏á‡πÉ‡∏à‡∏ö‡∏¥‡∏ô‡πÑ‡∏õ‡πÉ‡∏ä‡πâ‡∏ö‡∏£‡∏¥‡∏Å‡∏≤‡∏£‡∏Ñ‡∏£‡∏±‡πâ‡∏á‡∏•‡πà‡∏≤‡∏™‡∏∏‡∏î. 11/11/58 ‡∏£‡∏π‡πâ‡∏™‡∏∂‡∏Å‡∏ß‡πà‡∏≤‡∏à‡∏≥‡∏ô‡∏ß‡∏ô‡∏û‡∏ô‡∏±‡∏Å‡∏á‡∏≤‡∏ô ‡∏û‡∏¢‡∏≤‡∏ö‡∏≤‡∏• ‡∏ó‡∏µ‡πà‡∏Ñ‡∏≠‡∏¢‡∏≠‡∏≥‡∏ô‡∏ß‡∏¢‡∏Ñ‡∏ß‡∏≤‡∏°‡∏™‡∏∞‡∏î‡∏ß‡∏Å‡πÑ‡∏°‡πà‡∏û‡∏≠‡∏Å‡∏±‡∏ö‡∏à‡∏≥‡∏ô‡∏ß‡∏ô‡∏Ñ‡∏ô‡πÑ‡∏Ç‡πâ ‡∏ó‡∏≥‡πÉ‡∏´‡πâ‡∏Å‡∏≤‡∏£‡∏ö‡∏£‡∏¥‡∏Å‡∏≤‡∏£‡∏ó‡∏µ‡πà‡πÄ‡∏õ‡πá‡∏ô‡∏à‡∏∏‡∏î‡πÄ‡∏î‡πà‡∏ô‡∏Ç‡∏≠‡∏á‡πÇ‡∏£‡∏á‡∏û‡∏¢‡∏≤‡∏ö‡∏≤‡∏•‡∏•‡∏î‡∏•‡∏á‡πÅ‡∏•‡∏∞‡∏ó‡∏µ‡πà‡∏™‡∏≥‡∏Ñ‡∏±‡∏ç‡∏´‡πâ‡∏≠‡∏á‡∏û‡∏±‡∏Å‡∏ú‡∏π‡πâ‡∏õ‡πà‡∏ß‡∏¢‡∏°‡∏µ‡πÑ‡∏°‡πà‡πÄ‡∏û‡∏µ‡∏¢‡∏á‡∏û‡∏≠‡∏Å‡∏±‡∏ö‡∏à‡∏≥‡∏ô‡∏ß‡∏ô‡∏Ñ‡∏ô‡πÑ‡∏Ç‡πâ‡∏ó‡∏µ‡πà‡πÄ‡∏û‡∏¥‡πà‡∏°‡∏Ç‡∏∂‡πâ‡∏ô‡∏ó‡∏≥‡πÉ‡∏´‡πâ‡∏ï‡πâ‡∏≠‡∏á‡πÄ‡∏õ‡∏•‡∏µ‡πà‡∏¢‡∏ô‡∏™‡∏ñ‡∏≤‡∏ô‡∏ó‡∏µ‡πà‡∏£‡∏±‡∏Å‡∏©‡∏≤‡πÄ‡∏ô‡∏∑‡πà‡∏≠‡∏á‡∏°‡∏≤‡∏à‡∏≤‡∏Å‡∏´‡∏°‡∏≠‡∏™‡∏±‡πà‡∏á‡πÅ‡∏≠‡∏ï‡∏°‡∏¥‡∏ï ‡πÅ‡∏ï‡πà‡πÅ‡∏ú‡∏ô‡∏Å‡∏Ñ‡∏ô‡πÑ‡∏Ç‡πâ‡πÉ‡∏ô‡∏Ç‡∏≠‡∏á‡πÇ‡∏£‡∏á‡∏û‡∏¢‡∏≤‡∏ö‡∏≤‡∏•‡πÅ‡∏à‡πâ‡∏á‡∏ß‡πà‡∏≤‡∏´‡πâ‡∏≠‡∏á‡∏û‡∏±‡∏Å‡πÄ‡∏ï‡πá‡∏°‡∏ï‡πâ‡∏≠‡∏á‡∏à‡∏≠‡∏á‡∏Ñ‡∏¥‡∏ß‡πÄ‡∏û‡∏∑‡πà‡∏≠‡∏£‡∏≠‡∏Ñ‡∏¥‡∏ß‡∏ñ‡πâ‡∏≤‡∏´‡πâ‡∏≠‡∏á‡∏û‡∏±‡∏Å‡∏ß‡πà‡∏≤‡∏á‡πÉ‡∏ô‡∏ß‡∏±‡∏ô‡∏£‡∏∏‡πà‡∏á‡∏Ç‡∏∂‡πâ‡∏ô‡∏≠‡∏¢‡∏≤‡∏Å‡πÉ‡∏´‡πâ‡∏ö‡∏≥‡∏£‡∏∏‡∏á‡∏£‡∏≤‡∏©‡∏è‡∏£‡πå‡∏Ç‡∏¢‡∏≤‡∏¢‡∏™‡∏≤‡∏Ç‡∏≤‡∏ö‡∏£‡∏¥‡πÄ‡∏ß‡∏ì‡πÉ‡∏Å‡∏•‡πâ‡πÄ‡∏Ñ‡∏µ‡∏¢‡∏á‡πÄ‡∏û‡∏¥‡πà‡∏°‡∏Ç‡∏∂‡πâ‡∏ô‡πÄ‡∏û‡∏∑‡πà‡∏≠‡∏Ñ‡∏ß‡∏≤‡∏°‡∏™‡∏∞‡∏î‡∏ß‡∏Å‡∏Å‡∏≤‡∏£‡πÑ‡∏õ‡πÉ‡∏ä‡πâ‡∏ö‡∏£‡∏¥‡∏Å‡∏≤‡∏£‡∏´‡∏£‡∏∑‡∏≠‡∏ñ‡πâ‡∏≤‡∏à‡∏∞‡∏î‡∏µ‡∏°‡∏≤‡∏Å‡∏Ç‡∏¢‡∏≤‡∏¢‡∏•‡∏á‡∏ï‡πà‡∏≤‡∏á‡∏à‡∏±‡∏á‡∏´‡∏ß‡∏±‡∏î‡∏û‡∏∑‡πâ‡∏ô‡∏ó‡∏µ‡πà‡πÄ‡∏®‡∏£‡∏©‡∏ê‡∏Å‡∏¥‡∏à ‡πÄ‡∏ä‡πà‡∏ô‡∏û‡∏∑‡πâ‡∏ô‡∏ó‡∏µ‡πà‡∏ó‡πà‡∏≠‡∏á‡πÄ‡∏ó‡∏µ‡πà‡∏¢‡∏ß‡∏†‡∏π‡πÄ‡∏Å‡πá‡∏ï ‡∏à‡∏∞‡πÑ‡∏î‡πâ‡∏™‡∏∞‡∏î‡∏ß‡∏Å‡πÉ‡∏ô‡∏Å‡∏≤‡∏£‡πÉ‡∏ä‡πâ‡∏ö‡∏£‡∏¥‡∏Å‡∏≤‡∏£‡∏°‡∏≤‡∏Å‡∏Ç‡∏∂‡πâ‡∏ô‡πÑ‡∏°‡πà‡∏ï‡πâ‡∏≠‡∏á‡πÄ‡∏î‡∏¥‡∏ô‡∏ó‡∏≤‡∏á‡πÑ‡∏Å‡∏• ‡∏Ç‡∏≠‡∏ö‡∏Ñ‡∏∏‡∏ì‡∏Ñ‡∏£‡∏±‡∏ö,1
"‡∏£‡∏∞‡∏ö‡∏ö‡∏ô‡πâ‡∏≥‡∏õ‡∏£‡∏∞‡∏õ‡∏≤‡∏û‡∏±‡∏á‡∏°‡∏≤‡∏Å,‡∏ô‡πâ‡∏≥‡πÄ‡∏´‡∏°‡πá‡∏ô‡∏™‡∏ô‡∏¥‡∏°‡∏ó‡∏±‡πâ‡∏á‡∏ï‡∏∂‡∏Å‡πÄ‡∏Å‡πà‡∏≤ ‡∏û‡∏ô‡∏±‡∏Å‡∏á‡∏≤‡∏ô‡∏ö‡∏≠‡∏Å‡πÉ‡∏´‡πâ‡πÄ‡∏õ‡∏¥‡∏î‡∏ô‡πâ‡∏≥‡∏ó‡∏¥‡πâ‡∏á‡πÑ‡∏ß‡πâ ‡∏≠‡∏¢‡∏π‡∏°‡∏≤8‡∏ß‡∏±‡∏ô‡∏ï‡πâ‡∏≠‡∏á‡∏≠‡∏≤‡∏ö‡∏ô‡πâ‡∏≥‡πÄ‡∏´‡∏°‡πá‡∏ô‡∏™‡∏ô‡∏¥‡∏° ‡πÇ‡∏£‡∏á‡∏≠‡∏≤‡∏´‡∏≤‡∏£‡∏£‡∏≤‡∏Ñ‡∏≤‡πÅ‡∏û‡∏á‡πÄ‡∏ß‡πà‡∏≠‡∏ñ‡πâ‡∏≤‡πÄ‡∏ó‡∏µ‡∏¢‡∏ö‡∏Å‡∏±‡∏ö‡∏Ñ‡∏∏‡∏ì‡∏†‡∏≤‡∏û‡πÅ‡∏•‡∏∞‡∏õ‡∏£‡∏¥‡∏°‡∏≤‡∏ì ‡πÄ‡∏õ‡∏¥‡∏î6.30‡πÅ‡∏ï‡πà ‡∏ã‡∏∑‡πâ‡∏≠‡∏≠‡∏∞‡πÑ‡∏£‡πÑ‡∏°‡πà‡πÑ‡∏î‡πâ‡πÄ‡∏û‡∏£‡∏≤‡∏∞‡∏¢‡∏±‡∏á‡πÑ‡∏°‡πà‡πÄ‡∏™‡∏à ‡∏ô‡πâ‡∏≥‡πÑ‡∏°‡πà‡πÄ‡∏î‡∏∑‡∏≠‡∏î ‡πÄ‡∏û‡∏¥‡πà‡∏á‡πÄ‡∏õ‡∏¥‡∏î‡∏£‡πâ‡∏≤‡∏ô ‡∏Å‡∏ß‡πà‡∏≤‡∏à‡∏∞‡πÑ‡∏î‡πâ‡∏Å‡∏¥‡∏ô‡∏Å‡πã‡∏ß‡∏¢‡πÄ‡∏ï‡∏µ‡πã‡∏¢‡∏ß‡∏ï‡πâ‡∏≠‡∏á‡∏£‡∏≠‡πÑ‡∏õ‡∏≠‡∏µ‡∏Å‡∏ä‡∏±‡πà‡∏ß‡πÇ‡∏°‡∏á‡∏ô‡∏∂‡∏á.‡∏Å‡∏≤‡∏£‡∏à‡∏±‡∏î‡∏Å‡∏≤‡∏£‡πÑ‡∏°‡πà‡∏°‡∏µ‡∏õ‡∏£‡∏∞‡∏™‡∏¥‡∏ó‡∏ò‡∏¥‡∏†‡∏≤‡∏û‡∏°‡∏≤‡∏Å",0
‡∏ö‡∏£‡∏¥‡∏Å‡∏≤‡∏£‡∏Ñ‡∏∏‡∏ì‡∏†‡∏™‡∏û‡∏ï‡∏Å‡∏ô‡∏∞‡∏Ñ‡∏±‡∏ö ‡∏Å‡∏ß‡∏ô‡∏Ç‡∏±‡∏ô‡∏´‡∏ô‡πà‡∏≠‡∏¢,0
‡πÅ‡∏û‡∏á‡∏Ñ‡πà‡∏∞‡∏™‡∏ß‡∏ô‡∏≠‡∏∑‡πà‡∏ô‡∏î‡∏µ‡∏´‡∏°‡∏î‡∏ó‡∏∏‡∏Å‡∏≠‡∏¢‡πà‡∏≤‡∏á,1
‡πÄ‡∏¢‡∏µ‡πà‡∏¢‡∏°‡∏°‡∏≤‡∏Å‡πÄ‡∏•‡∏¢‡∏Ñ‡πà‡∏∞,1
‡∏ö‡∏£‡∏¥‡∏Å‡∏≤‡∏£‡πÅ‡∏¢‡πà‡∏°‡∏≤‡∏Å‡∏ó‡∏∏‡∏Å‡∏Ñ‡∏£‡∏±‡πâ‡∏á‡∏ó‡∏µ‡πà‡πÇ‡∏ó‡∏£‡∏°‡∏≤‡∏Ç‡∏≠‡∏Ç‡πâ‡∏≠‡∏°‡∏π‡∏•‡∏Å‡∏≤‡∏£‡∏Å‡∏±‡∏ö‡∏Å‡∏≤‡∏£‡∏£‡∏±‡∏Å‡∏©‡∏≤ ‡∏´‡∏£‡∏∑‡∏≠‡∏Å‡∏≤‡∏£‡∏ï‡∏£‡∏ß‡∏à‡∏™‡∏∏‡∏Ç‡∏†‡∏≤‡∏û‡∏´‡∏£‡∏∑‡∏≠‡∏Ç‡∏≠‡πÅ‡∏û‡∏Ñ‡πÄ‡∏Å‡∏à‡∏Å‡∏≤‡∏£‡∏Ñ‡∏•‡∏≠‡∏î‡∏ö‡∏≠‡∏Å‡∏à‡∏∞‡∏™‡πà‡∏á‡∏≠‡∏µ‡πÄ‡∏°‡∏•‡πÉ‡∏´‡πâ‡∏Å‡πá‡πÑ‡∏°‡πà‡∏°‡∏µ‡πÇ‡∏ó‡∏£‡∏°‡∏≤‡∏™‡∏≤‡∏°‡∏£‡∏≠‡∏ö‡∏Å‡πá‡∏ö‡∏≠‡∏Å‡∏à‡∏∞‡∏™‡πà‡∏á‡πÉ‡∏´‡πâ‡∏Å‡πá‡πÑ‡∏°‡πà‡πÄ‡∏´‡πá‡∏ô‡∏™‡πà‡∏á ‡∏ï‡∏£‡∏ß‡∏à‡∏™‡∏∏‡∏Ç‡∏†‡∏≤‡∏û‡∏Å‡πá‡πÑ‡∏°‡πà‡∏°‡∏µ‡∏Å‡∏≤‡∏£‡πÅ‡∏ô‡∏∞‡∏ô‡∏≥‡πÉ‡∏´‡πâ‡πÄ‡∏≠‡∏≤‡∏õ‡∏±‡∏™‡∏ß‡∏∞‡πÑ‡∏õ‡∏î‡πâ‡∏ß‡∏¢‡πÇ‡∏ó‡∏£‡πÑ‡∏õ‡∏ô‡∏±‡∏î‡∏Ñ‡∏¥‡∏ß‡πÑ‡∏î‡πâ‡∏ö‡πà‡∏≤‡πÇ‡∏°‡∏á‡πÄ‡∏à‡∏≠‡∏´‡∏°‡∏≠‡∏ï‡∏≠‡∏ô‡∏´‡πâ‡∏≤‡πÇ‡∏°‡∏á‡πÄ‡∏¢‡πá‡∏ô‡∏Å‡πá‡πÄ‡∏´‡∏°‡∏∑‡∏≠‡∏ô‡πÄ‡∏î‡∏¥‡∏°‡πÑ‡∏°‡πà‡πÄ‡∏Ñ‡∏¢‡πÑ‡∏î‡πâ‡∏ï‡∏≤‡∏°‡πÄ‡∏ß‡∏•‡∏≤‡∏ô‡∏±‡∏î‡πÄ‡∏•‡∏¢‡∏à‡∏∞‡∏£‡∏±‡∏î‡∏Ñ‡∏¥‡∏ß‡πÄ‡∏£‡∏≤‡πÉ‡∏´‡πâ‡∏ï‡πà‡∏≤‡∏á‡∏ä‡∏≤‡∏ï‡∏¥‡∏Å‡πà‡∏≠‡∏ô‡πÄ‡∏™‡∏°‡∏≠‡πÑ‡∏°‡πà‡∏™‡∏ô‡πÉ‡∏à‡∏Ñ‡∏ô‡πÑ‡∏ó‡∏¢ ‡∏û‡∏ô‡∏±‡∏Å‡∏á‡∏≤‡∏ô‡πÅ‡∏ï‡πà‡∏•‡∏∞‡∏Ñ‡∏ô‡∏ó‡∏≥‡∏á‡∏≤‡∏ô‡πÅ‡∏¢‡πà‡πÑ‡∏°‡πà‡∏°‡∏µ‡∏Å‡∏≤‡∏£‡∏õ‡∏£‡∏∞‡∏™‡∏≤‡∏ô‡∏á‡∏≤‡∏ô‡∏ó‡∏µ‡πà‡πÄ‡∏õ‡πá‡∏ô‡∏£‡∏∞‡∏ö‡∏ö‡∏ï‡πà‡∏≠‡πÄ‡∏ô‡∏∑‡πà‡∏≠‡∏á ‡∏£‡∏≠‡∏ô‡∏≤‡∏ô ‡∏û‡∏ô‡∏±‡∏Å‡∏á‡∏≤‡∏ô‡πÑ‡∏°‡πà‡∏™‡∏ô‡πÉ‡∏à‡∏•‡∏π‡∏Å‡∏Ñ‡πâ‡∏≤ ‡∏ä‡∏≠‡∏ö‡πÄ‡∏≠‡∏≤‡∏ô‡∏¥‡∏™‡∏±‡∏¢‡∏™‡πà‡∏ß‡∏ô‡∏ï‡∏±‡∏ß‡∏°‡∏≤‡∏ï‡∏±‡∏î‡∏™‡∏¥‡∏ô‡∏•‡∏π‡∏Å‡∏Ñ‡πâ‡∏≤‡∏ä‡∏≠‡∏ö‡∏ô‡∏¥‡∏ô‡∏ó‡∏≤‡∏•‡∏π‡∏Å‡∏Ñ‡πâ‡∏≤‡πÉ‡∏ô‡∏´‡πâ‡∏≠‡∏á‡∏ô‡πâ‡∏≥‡∏¢‡∏≤‡πÑ‡∏°‡πÑ‡∏î‡πâ‡∏ï‡∏≤‡∏°‡∏ó‡∏µ‡πà‡∏´‡∏°‡∏≠‡∏™‡∏±‡πà‡∏á ‡πÄ‡∏ß‡∏•‡∏≤‡∏•‡∏π‡∏Å‡∏Ñ‡πâ‡πÇ‡∏ó‡∏£‡∏°‡∏≤‡∏≠‡∏±‡∏î‡πÄ‡∏™‡∏µ‡∏¢‡∏á‡πÉ‡∏ß‡πâ ‡∏ú‡∏π‡πâ‡∏ö‡∏£‡∏¥‡∏´‡∏≤‡∏£‡πÄ‡∏Ñ‡∏¢‡∏ü‡∏±‡∏á‡∏ö‡∏≤‡∏á‡∏°‡∏±‡∏¢ ‡∏≠‡∏±‡∏î‡πÑ‡∏ß‡πâ‡∏ó‡∏≥‡πÑ‡∏°‡πÉ‡∏ô‡πÄ‡∏°‡∏∑‡πà‡∏≠‡πÑ‡∏°‡πà‡∏°‡∏±‡∏ù‡∏µ‡∏Å‡∏≤‡∏£‡∏û‡∏±‡∏í‡∏ô‡∏≤‡∏á‡∏≤‡∏ô‡πÉ‡∏´‡πâ‡∏î‡∏µ‡∏Ç‡∏∂‡πâ‡∏ô,0
‡∏î‡∏µ‡∏´‡∏•‡∏≤‡∏¢‡∏™‡∏∞‡∏≠‡∏≤‡∏î,1
‡∏°‡∏≤‡∏£‡∏±‡πâ‡∏á‡πÅ‡∏£‡∏Å‡∏ô‡∏∞‡πÅ‡∏ï‡πà‡∏õ‡∏£‡∏∞‡∏ó‡∏±‡∏ö‡πÉ‡∏à ‡∏ó‡∏µ‡πà‡πÉ‡∏´‡πâ4‡∏î‡∏≤‡∏ß‡πÄ‡∏û‡∏£‡∏≤‡∏∞‡∏ú‡∏°‡∏õ‡∏£‡∏∞‡∏ó‡∏±‡∏ö‡πÉ‡∏à‡πÅ‡∏ú‡∏ô‡∏Å‡∏£‡∏±‡∏Å‡∏©‡∏≤‡∏Ñ‡∏ß‡∏≤‡∏°‡∏õ‡∏•‡∏≠‡∏î‡∏†‡∏±‡∏¢‡∏Ñ‡∏£‡∏±‡∏ö ‡∏ö‡∏£‡∏¥‡∏Å‡∏≤‡∏£‡∏î‡∏µ‡∏°‡∏≤‡∏Å‡∏´‡∏≤‡∏ó‡∏µ‡πà‡∏à‡∏≠‡∏î‡∏£‡∏ñ‡πÉ‡∏´‡πâ‡πÄ‡∏õ‡πá‡∏ô‡∏≠‡∏¢‡∏≤‡∏≤‡∏á‡∏î‡∏µ‡πÅ‡∏•‡∏∞‡∏™‡∏∞‡∏î‡∏ß‡∏Å‡∏£‡∏ß‡∏î‡πÄ‡∏£‡πá‡∏ß,1
‡πÉ‡∏´‡πâ‡πÄ‡∏ï‡πá‡∏°‡∏ñ‡πâ‡∏≤‡πÑ‡∏°‡πà‡∏°‡∏µ‡πÄ‡∏á‡∏¥‡∏ô‡πÉ‡∏ô‡πÄ‡∏õ‡πã‡∏≤‡∏Ñ‡∏á‡πÜ‡∏°‡πà‡∏£‡∏±‡∏ö‡πÉ‡∏ä‡πà‡∏°‡∏∞,1
‡∏ö‡∏£‡∏¥‡∏Å‡∏≤‡∏£‡∏î‡∏µ‡∏°‡∏≤‡∏Å ‡∏™‡∏ñ‡∏≤‡∏ô‡∏ó‡∏µ‡πà‡∏´‡∏ô‡πâ‡∏≤‡πÄ‡∏Ç‡πâ‡∏≤ ‡∏£‡∏±‡∏Å‡∏©‡∏≤‡∏î‡∏µ‡∏°‡∏≤‡∏Å ‡∏Ñ‡∏∏‡∏ì‡∏´‡∏°‡∏≠‡∏ô‡πà‡∏≤‡∏£‡∏±‡∏Å ‡πÑ‡∏°‡πà‡πÅ‡∏û‡∏á‡∏≠‡∏¢‡πà‡∏≤‡∏á‡∏ó‡∏µ‡πà‡∏Ñ‡∏¥‡∏î‡∏Ñ‡πà‡∏∞,1
‡∏¢‡∏±‡∏á‡πÑ‡∏°‡πà‡πÄ‡∏Ñ‡∏¢‡πÑ‡∏õ ‡πÅ‡∏ï‡πà‡∏°‡∏±‡∏ô‡πÄ‡∏õ‡πá‡∏ô‡πÇ‡∏£‡∏á‡∏û‡∏¢‡∏≤‡∏ö‡∏≤‡∏•‡πÉ‡∏ô‡∏ù‡∏±‡∏ô ‡πÅ‡∏ï‡πà‡∏Ñ‡∏ô‡∏ö‡∏≠‡∏Å‡∏ß‡πà‡∏≤ ‡∏Ñ‡πà‡∏≤‡∏£‡∏±‡∏Å‡∏©‡∏≤‡πÅ‡∏û‡∏á ‡∏ä‡πà‡∏ß‡∏¢‡πÉ‡∏´‡πâ‡∏Ñ‡∏ß‡∏≤‡∏°‡πÄ‡∏´‡πá‡∏ô‡πÉ‡∏à‡∏Ñ‡∏ô‡∏¢‡πà‡∏≤‡∏Å‡∏à‡∏ô‡∏î‡πâ‡∏ß‡∏¢,1
‡∏™‡∏∏‡∏î‡∏¢‡∏≠‡∏î ‡∏£‡∏û. ‡∏ó‡∏µ‡πà‡∏£‡∏±‡∏Å‡∏©‡∏≤‡∏î‡∏µ‡∏™‡∏∏‡∏î‡∏¢‡∏≠‡∏î ‡πÅ‡∏•‡∏∞ ‡∏£‡∏≤‡∏Ñ‡∏≤‡∏Å‡πá‡πÅ‡∏û‡∏á‡∏™‡∏ß‡∏î‡∏¢‡∏≠‡∏î‡πÅ‡∏ä‡πà‡∏ô‡∏Å‡∏±‡∏ô,1
‡∏î‡∏µ‡∏°‡∏≤‡∏Å ‡∏™‡∏∞‡∏≠‡∏≤‡∏î ‡∏´‡∏°‡∏≠‡πÄ‡∏Å‡πà‡∏á ‡∏û‡∏ô‡∏±‡∏Å‡∏á‡∏≤‡∏ô‡∏ó‡∏∏‡∏Å‡∏Ñ‡∏ô‡∏î‡∏µ‡∏°‡∏≤‡∏Å,1
‡∏•‡∏π‡∏Å‡∏£‡∏±‡∏Å‡∏©‡∏≤‡∏ï‡∏±‡∏ß‡∏ó‡∏µ‡πà‡∏ô‡∏µ‡πâ‡∏°‡∏≤‡∏ô‡∏≤‡∏ô ‡∏ß‡∏±‡∏ô‡∏ô‡∏µ‡πâ‡πÑ‡∏õ‡∏Ç‡∏≠‡πÉ‡∏ö‡∏£‡∏±‡∏ö‡∏£‡∏≠‡∏á‡πÅ‡∏û‡∏ó‡∏¢‡πå ‡∏°‡∏≤‡∏Ñ‡∏∞ ‡πÅ‡∏ï‡πà‡πÑ‡∏î‡πâ‡∏≠‡∏∞‡πÑ‡∏£‡∏°‡∏≤ ‡∏≠‡∏¢‡∏≤‡∏Å‡∏ó‡∏£‡∏≤‡∏ö‡πÑ‡∏´‡∏°‡∏Ñ‡∏∞,0
‡∏ö‡∏£‡∏¥‡∏Å‡∏≤‡∏£‡∏î‡∏µ‡πÄ‡∏¢‡∏µ‡πà‡∏¢‡∏°‡∏Ñ‡πà‡∏∞,1
‡∏ö‡∏£‡∏¥‡∏Å‡∏≤‡∏£‡∏î‡∏µ‡∏°‡∏≤‡∏Å ‡∏£‡∏ß‡∏î‡πÄ‡∏£‡πá‡∏ß ‡∏î‡∏π‡πÅ‡∏•‡∏Ñ‡∏ô‡πÑ‡∏Ç‡πâ‡∏î‡∏µ ‡∏´‡∏°‡∏≠‡πÅ‡∏•‡∏∞‡πÄ‡∏Ñ‡∏£‡∏∑‡πà‡∏≠‡∏á‡∏°‡∏∑‡∏≠‡∏û‡∏£‡πâ‡∏≠‡∏°‡∏°‡∏≤‡∏Å ‡πÅ‡∏ï‡πà‡πÄ‡∏á‡∏¥‡∏ô‡∏ß‡∏≤‡∏á‡∏Å‡πá‡∏™‡∏π‡∏á‡∏•‡∏¥‡∏ö‡πÄ‡∏ä‡πà‡∏ô‡∏Å‡∏±‡∏ô,1
‡∏õ‡∏£‡∏∞‡∏ó‡∏±‡∏ö‡πÉ‡∏à‡πÉ‡∏ô‡∏Å‡∏≤‡∏£‡∏ö‡∏£‡∏¥‡∏Å‡∏≤‡∏£ ‡∏™‡∏ñ‡∏≤‡∏ô‡∏ó‡∏µ‡πà ‡πÅ‡∏•‡∏∞‡∏Å‡∏≤‡∏£‡∏≠‡∏≥‡∏ô‡∏ß‡∏¢‡∏Ñ‡∏ß‡∏≤‡∏°‡∏™‡∏∞‡∏î‡∏ß‡∏Å‡∏ï‡πà‡∏≠‡∏ú‡∏π‡πâ‡∏°‡∏≤‡πÉ‡∏ä‡πâ‡∏ö‡∏£‡∏¥‡∏Å‡∏≤‡∏£‡∏°‡∏≤‡∏Å‡πÜ ‡∏Ñ‡∏£‡∏±‡∏ö,1
‡∏£‡∏≠‡∏´‡∏°‡∏≠‡πÅ‡∏ú‡∏ô‡∏Å‡∏ï‡∏≤‡∏ô‡∏≤‡∏ô‡∏°‡∏≤‡∏Å ‡∏ô‡∏±‡∏î‡∏°‡∏≤ 3 ‡∏ó‡∏∏‡πà‡∏° 20 ‡∏£‡∏≠ ‡πÅ‡∏•‡∏∞‡∏£‡∏≠‡∏ï‡πà‡∏≠‡πÑ‡∏õ,0
‡∏î‡∏µ‡∏Ñ‡∏£‡∏±‡∏ö,1
‡∏Å‡∏≤‡∏£‡πÄ‡∏î‡∏¥‡∏ô‡∏ó‡∏≤‡∏á‡∏™‡∏∞‡∏î‡∏ß‡∏Å ‡∏Ñ‡∏∏‡∏ì‡∏´‡∏°‡∏≠‡∏Å‡πá‡πÄ‡∏Å‡πà‡∏á‡∏Ñ‡∏±‡∏ö,1
‡∏≠.‡∏ß‡∏¥‡∏™‡∏¥‡∏ó‡∏ò‡∏¥‡πå ‡πÄ‡∏ë‡∏µ‡∏¢‡∏£‡πÑ‡∏û‡∏ë‡∏π‡∏£ ‡∏£‡∏±‡∏Å‡∏©‡∏≤‡∏î‡∏µ ‡πÉ‡∏™‡πà‡πÉ‡∏à‡∏Ñ‡∏ô‡πÑ‡∏Ç‡πâ ‡πÉ‡∏´‡πâ‡∏Ñ‡∏≥‡πÅ‡∏ô‡∏∞‡∏ô‡∏≥‡∏≠‡∏¢‡πà‡∏≤‡∏á‡∏•‡∏∞‡πÄ‡∏≠‡∏µ‡∏¢‡∏î ‡πÅ‡∏°‡πâ‡∏ß‡πà‡∏≤‡∏à‡∏∞‡πÄ‡∏õ‡πá‡∏ô‡∏Ñ‡∏ô‡πÑ‡∏Ç‡πâ‡πÄ‡∏Å‡πà‡∏≤ ‡∏≠.‡∏´‡∏°‡∏≠ ‡∏à‡∏∞‡∏î‡∏π‡∏õ‡∏£‡∏∞‡∏ß‡∏±‡∏ï‡∏¥‡∏Å‡∏≤‡∏£‡∏£‡∏±‡∏Å‡∏©‡∏≤‡πÄ‡∏Å‡πà‡∏≤‡πÜ‡∏Å‡πà‡∏≠‡∏ô‡πÄ‡∏™‡∏°‡∏≠ ‡∏ñ‡∏≤‡∏°‡∏ó‡∏∏‡∏Å‡∏Ñ‡∏£‡∏±‡πâ‡∏á‡∏ß‡πà‡∏≤‡∏¢‡∏≤‡∏ó‡∏µ‡πà‡πÄ‡∏Ñ‡∏¢‡πÉ‡∏´‡πâ‡∏Å‡πà‡∏≠‡∏ô‡∏´‡∏ô‡πâ‡∏≤‡∏Å‡∏¥‡∏ô‡πÅ‡∏•‡πâ‡∏ß‡πÄ‡∏õ‡πá‡∏ô‡∏¢‡∏±‡∏á‡πÑ‡∏á ‡∏Å‡∏µ‡πà‡∏ß‡∏±‡∏ô‡∏´‡∏≤‡∏¢ ‡∏ó‡∏≥‡πÉ‡∏´‡πâ‡∏≠.‡∏à‡πà‡∏≤‡∏¢‡∏¢‡∏≤‡πÑ‡∏î‡πâ‡∏ñ‡∏π‡∏Å‡∏Å‡∏±‡∏ö‡πÇ‡∏£‡∏Ñ‡∏ó‡∏∏‡∏Å‡∏Ñ‡∏£‡∏±‡πâ‡∏á ‡πÅ‡∏•‡∏∞‡∏ó‡∏≥‡πÉ‡∏´‡πâ‡∏Ñ‡∏ô‡πÑ‡∏Ç‡πâ‡∏≠‡∏¢‡πà‡∏≤‡∏á‡πÄ‡∏£‡∏≤‡∏°‡∏±‡πà‡∏ô‡πÉ‡∏à‡∏¢‡∏¥‡πà‡∏á‡∏Ç‡∏∂‡πâ‡∏ô,1
‡∏£‡∏≤‡∏Ñ‡∏≤‡πÅ‡∏û‡∏á‡∏°‡∏≤‡∏Å ‡∏Å‡∏≤‡∏£‡∏ö‡∏£‡∏¥‡∏Å‡∏≤‡∏£‡∏ä‡πâ‡∏≤ ‡πÄ‡∏´‡∏°‡∏∑‡∏≠‡∏ô ‡∏£‡∏û.‡∏£‡∏±‡∏ê‡∏ö‡∏≤‡∏•,0
"1.‡∏Å‡∏≤‡∏£consult/‡∏ï‡∏£‡∏ß‡∏à ‡∏Ç‡∏≠‡∏á‡πÅ‡∏û‡∏ó‡∏¢‡πå ‡∏•‡∏∞‡πÄ‡∏≠‡∏µ‡∏¢‡∏î ‡∏î‡∏µ‡∏°‡∏≤‡∏Å,2. ‡∏Å‡∏≤‡∏£‡πÉ‡∏´‡πâ‡∏ö‡∏£‡∏¥‡∏Å‡∏≤‡∏£‡∏à‡∏±‡∏î‡∏Ñ‡∏≠‡∏ß‡∏Ç‡∏≠‡∏á‡∏û‡∏¢‡∏≤‡∏ö‡∏≤‡∏• ‡∏î‡∏µ‡∏°‡∏≤‡∏Å‡∏û‡∏¢‡∏≤‡∏¢‡∏≤‡∏° ‡πÄ‡∏£‡∏±‡∏¢‡∏Å‡∏Ñ‡∏∏‡∏ì‡∏´‡∏°‡∏≠‡∏Å‡πà‡∏≠‡∏ô‡∏ó‡∏µ‡πà‡∏à‡∏∞‡∏à‡∏∂‡πâ‡∏ô‡πÑ‡∏õ ‡∏£‡∏≤‡∏ß‡∏´‡∏ß‡∏≠‡∏î ‡∏ó‡∏≥‡πÉ‡∏´‡πâ‡πÑ‡∏°‡πà‡∏ï‡πâ‡∏≠‡∏á‡∏£‡∏≠‡∏ô‡∏≤‡∏ô 3.‡∏Å‡∏≤‡∏£‡∏ö‡∏£‡∏¥‡∏Å‡∏≤‡∏£‡∏Ç‡∏≠‡∏á‡∏û‡∏ô‡∏±‡∏Å‡∏á‡πà‡∏ô‡∏ï‡πâ‡∏≠‡∏ô‡∏£‡∏±‡∏ö ‡πÅ‡∏°‡πà‡∏ö‡πâ‡∏≤‡∏ô ‡∏≠‡∏¢‡∏π‡πà‡πÉ‡∏ô‡πÄ‡∏Å‡∏ô ‡∏î‡∏µ 4. ‡∏™‡∏ñ‡∏≤‡∏ô‡∏ó‡∏µ‡πà ‡∏™‡∏∞‡∏≠‡∏≤‡∏î‡∏°‡∏≤‡∏Å ‡πÄ‡∏´‡∏°‡∏∑‡∏≠‡∏ô ‡πÇ‡∏£‡∏á‡πÅ‡∏£‡∏° ‡∏°‡∏µ‡∏ô‡πâ‡∏≥‡∏ú‡∏•‡πÑ‡∏°‡πâ‡πÄ‡∏™‡∏¥‡∏£‡πå‡∏ü ‡πÑ‡∏°‡πà‡∏°‡∏µ‡∏•‡∏¥‡∏°‡∏¥‡∏ï",1
‡∏ö‡∏£‡∏¥‡∏Å‡∏≤‡∏£‡∏î‡∏µ‡∏™‡∏°‡∏£‡∏≤‡∏Ñ‡∏≤,1
‡∏ö‡∏∏‡∏Ñ‡∏•‡∏≤‡∏Å‡∏£‡∏ô‡πà‡∏≤‡∏£‡∏±‡∏Å ‡∏Å‡∏≤‡∏£‡∏ö‡∏£‡∏¥‡∏Å‡∏≤‡∏£‡∏î‡∏µ‡∏°‡∏≤‡∏Å ‡∏™‡∏∞‡∏î‡∏ß‡∏Å‡πÄ‡∏£‡∏∑‡πà‡∏≠‡∏á‡∏Å‡∏≤‡∏£‡∏™‡∏≠‡∏ö‡∏ñ‡∏≤‡∏°,1
‡∏î‡∏µ,1
‡∏õ‡∏£‡∏∞‡∏ó‡∏±‡∏ö‡πÉ‡∏à‡∏Ñ‡∏£‡∏±‡∏ö!!!,1
‡∏ö‡∏£‡∏¥‡∏Å‡∏≤‡∏£‡∏î‡∏µ ‡∏Ñ‡∏∏‡∏ì‡∏´‡∏°‡∏≠‡∏Å‡πá‡πÄ‡∏Å‡πà‡∏á ‡∏™‡∏∞‡∏≠‡∏≤‡∏î‡∏™‡∏∞‡∏î‡∏ß‡∏Å‡∏õ‡∏•‡∏≠‡∏î‡∏†‡∏±‡∏¢ ‡πÄ‡∏à‡πâ‡∏≤‡∏´‡∏ô‡πâ‡∏≤‡∏ó‡∏µ‡πà ‡∏ö‡∏∏‡∏Ñ‡∏•‡∏≤‡∏Å‡∏£‡∏ó‡∏∏‡∏Å‡∏ó‡πà‡∏≤‡∏ô‡∏ö‡∏£‡∏¥‡∏Å‡∏≤‡∏£‡∏û‡∏π‡∏î‡∏à‡∏≤‡∏î‡∏µ ‡∏õ‡∏£‡∏∞‡∏ó‡∏±‡∏ö‡∏°‡∏≤‡∏Å‡πÜ‡∏Ñ‡πà‡∏∞,1
‡∏ö‡∏≥‡∏£‡∏∏‡∏á‡∏£‡∏≤‡∏©‡∏é‡∏£‡πå‡πÄ‡∏õ‡πá‡∏ô‡∏£.‡∏û‡πÄ‡∏≠‡∏Å‡∏ä‡∏ô‡∏ó‡∏µ‡πà‡∏´‡∏ô‡∏∂‡πà‡∏á‡∏î‡πâ‡∏≤‡∏ô‡∏£‡∏±‡∏Å‡∏©‡∏≤‡∏û‡∏¢‡∏≤‡∏ö‡∏≤‡∏•‡∏Ç‡∏≠‡∏á‡∏õ‡∏£‡∏∞‡πÄ‡∏ó‡∏®,1
‡∏ö‡∏£‡∏¥‡∏Å‡∏≤‡∏£‡∏î‡∏µ‡∏°‡∏≤‡∏Å ‡∏Ç‡∏ô‡∏≤‡∏î‡∏Ñ‡∏ô‡πÑ‡∏Ç‡πâ‡∏°‡∏µ‡πÄ‡∏î‡πá‡∏Å‡πÑ‡∏õ‡∏î‡πâ‡∏ß‡∏¢ ‡∏¢‡∏±‡∏á‡∏ô‡∏≥‡∏£‡∏ñ‡πÄ‡∏ï‡∏µ‡∏¢‡∏á‡πÄ‡∏î‡πá‡∏Å‡∏°‡∏≤‡πÉ‡∏´‡πâ‡πÄ‡∏û‡∏¥‡πà‡∏°,1
‡∏•‡∏π‡∏Å‡∏Ñ‡πâ‡∏≤‡∏à‡πà‡∏≤‡∏¢‡πÄ‡∏á‡∏¥‡∏ô‡πÄ‡∏ó‡πà‡∏≤‡πÑ‡∏´‡∏£‡πà‡∏Å‡πá‡∏¢‡∏¥‡∏ô‡∏î‡∏µ ‡πÅ‡∏ï‡πà‡∏Ñ‡∏∏‡∏ì‡πÉ‡∏ä‡πâ‡πÄ‡∏ß‡∏•‡∏≤‡∏ö‡∏£‡∏¥‡∏Å‡∏≤‡∏£‡∏ô‡∏≤‡∏ô‡∏°‡∏≤‡∏Å ‡πÅ‡∏Ñ‡πà‡∏ï‡∏Å‡∏ö‡∏±‡∏ô‡πÑ‡∏î ‡∏£‡∏≠‡∏ú‡∏•‡πÄ‡∏≠‡πá‡∏Å‡∏ã‡πÄ‡∏£‡∏¢‡πå‡πÉ‡∏ä‡πâ‡πÄ‡∏ß‡∏•‡∏≤4‡∏ä‡∏±‡πà‡∏ß‡πÇ‡∏°‡∏á‡∏Å‡∏ß‡πà‡∏≤ ‡∏°‡∏±‡∏ô‡πÄ‡∏Å‡∏¥‡∏ô‡πÑ‡∏õ‡∏°‡∏≤‡∏Å 30‡∏ö‡∏≤‡∏ó‡∏¢‡∏±‡∏á‡πÄ‡∏£‡πá‡∏ß‡∏Å‡∏ß‡πà‡∏≤‡∏ô‡∏µ‡πâ ‡∏õ‡∏£‡∏±‡∏ö‡∏õ‡∏£‡∏∏‡∏á‡∏î‡πâ‡∏ß‡∏¢‡∏ô‡∏∞‡∏Ñ‡∏∞ ‡∏≠‡∏¢‡∏≤‡∏Å‡πÉ‡∏´‡πâ‡∏°‡∏µ‡πÄ‡∏à‡πâ‡∏≤‡∏´‡∏ô‡πâ‡∏≤‡∏ó‡∏µ‡πà‡πÅ‡∏™‡∏î‡∏á‡∏Ñ‡∏ß‡∏≤‡∏°‡∏£‡∏±‡∏ö‡∏ú‡∏¥‡∏î‡∏ä‡∏≠‡∏ö‡∏î‡πâ‡∏ß‡∏¢‡∏Ñ‡πà‡∏∞ ‡∏°‡∏±‡∏ô‡πÄ‡∏™‡∏µ‡∏¢‡πÄ‡∏ß‡∏•‡∏≤‡πÅ‡∏ö‡∏ö‡πÑ‡∏°‡πà‡∏ô‡πà‡∏≤‡πÉ‡∏´‡πâ‡∏≠‡∏†‡∏±‡∏¢‡∏à‡∏£‡∏¥‡∏á‡πÜ ‡∏£‡∏≠‡∏î‡∏π‡∏Å‡∏≤‡∏£‡πÅ‡∏™‡∏î‡∏á‡∏Ñ‡∏ß‡∏≤‡∏°‡∏à‡∏£‡∏¥‡∏á‡πÉ‡∏à‡∏Ç‡∏≠‡∏á‡πÇ‡∏£‡∏á‡∏û‡∏¢‡∏≤‡∏ö‡∏≤‡∏•‡∏ô‡∏∞‡∏Ñ‡∏∞,0
"‡∏Ñ‡πà‡∏≤‡∏£‡∏±‡∏Å‡∏©‡∏≤‡∏Ñ‡∏ô‡πÑ‡∏ó‡∏¢ ‡∏¢‡∏±‡∏á‡πÇ‡∏´‡∏î‡∏Ç‡∏ô‡∏≤‡∏î‡∏ô‡∏µ‡πâ 8‡∏Ñ‡∏∑‡∏ô 900,000 ‡∏ö‡∏≤‡∏î ‡∏ú‡πà‡∏≤‡∏ï‡∏±‡∏î‡∏°‡∏∞‡πÄ‡∏£‡πá‡∏á‡∏™‡∏°‡∏≠‡∏á",0
‡∏î‡∏π‡πÅ‡∏•‡∏î‡∏µ‡∏™‡∏∞‡∏î‡∏ß‡∏Å‡∏™‡∏ö‡∏≤‡∏¢‡∏Ñ‡∏∏‡∏ì‡∏´‡∏°‡∏≠‡πÄ‡∏Å‡πà‡∏á‡∏°‡∏∑‡∏≠‡∏≠‡∏≤‡∏ä‡∏µ‡∏û,1
‡∏ß‡∏±‡∏ô‡∏ô‡∏µ‡πâ‡∏ö‡∏≠‡∏Å‡∏ï‡∏£‡∏á‡πÜ ‡∏ú‡∏¥‡∏î‡∏´‡∏ß‡∏±‡∏á ‡∏ï‡∏£‡∏ß‡∏à‡∏™‡∏∏‡∏Ç‡∏†‡∏≤‡∏û ‡∏≠‡∏î‡∏Ç‡πâ‡∏≤‡∏ß‡∏≠‡∏î‡∏ô‡πâ‡∏≥‡∏°‡∏≤ ‡∏ï‡πâ‡∏≠‡∏á‡∏°‡∏≤‡∏ô‡∏±‡πà‡∏á‡∏£‡∏≠‡∏ß‡∏±‡∏î‡∏Ñ‡∏ß‡∏≤‡∏°‡∏î‡∏±‡∏ô ‡∏ô‡∏≤‡∏ô‡∏°‡∏≤‡∏Å‡∏ô‡∏∞‡∏Ñ‡∏£‡∏±‡∏ö ‡∏õ‡∏£‡∏±‡∏ö‡∏õ‡∏£‡∏∏‡∏á‡∏ô‡∏¥‡∏î‡∏ô‡∏∂‡∏á,0
‡∏à‡∏≤‡∏Å‡πÄ‡∏û‡∏∑‡πà‡∏≠‡∏ô‡πÜ‡∏ö‡∏≠‡∏Å‡∏ï‡πà‡∏≠‡∏Å‡∏±‡∏ô‡∏°‡∏≤ ‡∏ö‡∏£‡∏¥‡∏Å‡∏≤‡∏£‡∏î‡∏µ ‡∏î‡∏π‡πÅ‡∏•‡∏Ñ‡∏ô‡πÉ‡∏Ç‡πâ‡πÄ‡∏´‡∏°‡∏∑‡∏≠‡∏ô‡∏ç‡∏≤‡∏ï‡∏¥‡πÄ‡∏•‡∏¢,1
"‡∏Ñ‡∏ô‡∏à‡∏ô‡πÜ‡∏≠‡∏¢‡πà‡∏≤‡∏á‡πÄ‡∏£‡∏≤‡∏´‡∏°‡∏î‡∏™‡∏¥‡∏ó‡∏ò‡πå‡∏Ñ‡∏£‡∏±‡∏ö‡πÄ‡∏Ç‡∏≤‡∏™‡∏£‡πâ‡∏≤‡∏á‡∏°‡∏≤‡πÄ‡∏û‡∏∑‡πà‡∏≠‡∏Ñ‡∏ô‡∏£‡∏ß‡∏¢‡πÄ‡∏ó‡πà‡∏≤‡∏ô‡∏±‡πâ‡∏ô""",1
‡πÄ‡∏õ‡πá‡∏ô‡πÇ‡∏£‡∏á‡∏û‡∏¢‡∏≤‡∏ö‡∏≤‡∏•‡∏ó‡∏µ‡πà‡∏ö‡∏£‡∏¥‡∏Å‡∏≤‡∏£‡∏î‡∏µ‡∏°‡∏≤‡∏Å‡∏Ñ‡∏∞ ‡∏Ñ‡∏∏‡∏ì‡∏´‡∏°‡∏≠‡πÄ‡∏Å‡πà‡∏á ‡πÄ‡∏Ñ‡∏£‡∏∑‡πà‡∏≠‡∏á‡∏°‡∏∑‡∏≠‡∏≠‡∏∏‡∏õ‡∏Å‡∏£‡∏ì‡πå‡∏î‡∏µ‡∏ó‡∏µ‡πà‡∏™‡∏∏‡∏î ‡πÅ‡∏ï‡πà‡∏£‡∏≤‡∏Ñ‡∏≤‡∏Å‡πâ‡∏≠‡∏™‡∏π‡∏á‡∏ó‡∏µ‡πà‡∏™‡∏∏‡∏î‡∏î‡πâ‡∏ß‡∏¢‡∏Ñ‡∏∞,1
‡∏õ‡∏£‡∏∞‡∏ó‡∏±‡∏ö‡πÉ‡∏à‡πÉ‡∏ô‡∏î‡πâ‡∏≤‡∏ô‡∏Å‡∏≤‡∏£‡∏ö‡∏£‡∏¥‡∏Å‡∏≤‡∏£ ‡πÅ‡∏•‡∏∞‡πÄ‡∏Ñ‡∏£‡∏∑‡πà‡∏≠‡∏á‡∏°‡∏∑‡∏≠‡∏ó‡∏µ‡πà‡∏ó‡∏±‡∏ô‡∏™‡∏°‡∏±‡∏¢‡∏Ñ‡πà‡∏∞,1
‡∏ô‡∏±‡∏î‡∏Ñ‡∏∏‡∏ì‡∏´‡∏°‡∏≠2‡∏ó‡πà‡∏≤‡∏ô ‡∏ô‡πà‡∏≤‡∏£‡∏±‡∏Å‡∏°‡∏≤‡∏Å ‡πÉ‡∏à‡∏î‡∏µ‡πÅ‡∏ñ‡∏°‡∏≠‡∏ò‡∏¥‡∏ö‡∏≤‡∏¢‡πÉ‡∏´‡πâ‡∏Ñ‡∏ô‡πÑ‡∏Ç‡πâ‡πÄ‡∏Ç‡πâ‡∏≤‡πÉ‡∏à‡∏ñ‡∏∂‡∏á‡πÇ‡∏£‡∏Ñ‡∏ó‡∏µ‡πà‡πÄ‡∏õ‡πá‡∏ô‡∏≠‡∏¢‡∏π‡πà‡πÅ‡∏ö‡∏ö‡∏™‡∏ö‡∏≤‡∏¢‡πÉ‡∏à‡πÑ‡∏°‡πà‡∏Å‡∏±‡∏á‡∏ß‡∏•‡∏Ñ‡∏∞ ‡∏Ñ‡∏∏‡∏ì‡∏´‡∏°‡∏≠‡∏ó‡∏±‡∏ï‡∏û‡∏á‡∏®‡πå(‡∏´‡∏°‡∏≠‡πÑ‡∏ï) ‡∏Ñ‡∏∏‡∏ì‡∏™‡∏≤‡∏£‡∏¥‡∏©‡∏ê‡πå ‡∏´‡∏∏‡∏ï‡∏∞‡πÇ‡∏Å‡∏ß‡∏¥‡∏ó ‡∏Ç‡∏≠‡∏ö‡∏Ñ‡∏∏‡∏ì‡∏Ñ‡∏∞,1
‡∏î‡∏µ‡∏°‡∏≤‡∏Å‡∏Ñ‡∏±‡∏û,1
‡∏ö‡∏£‡∏¥‡∏Å‡∏≤‡∏£‡∏î‡∏µ‡∏Ñ‡∏±‡∏ö ‡∏≠.‡∏õ‡∏£‡∏µ‡∏ä‡∏≤ ‡∏î‡∏π‡πÅ‡∏•‡πÄ‡∏≠‡∏≤‡πÉ‡∏à‡πÉ‡∏™‡πà‡∏Ñ‡∏ô‡πÑ‡∏Ç‡πâ‡∏î‡∏µ‡∏°‡∏≤‡∏Å‡πÜ ‡∏™‡∏∏‡∏î‡∏¢‡∏≠‡∏î‡πÄ‡∏•‡∏¢‡∏Ñ‡∏±‡∏ö,1
‡πÑ‡∏õ‡∏ó‡∏≥‡∏ï‡∏≤‡∏°‡∏≤‡∏Ñ‡∏∏‡∏ì‡∏´‡∏°‡∏≠‡πÉ‡∏à‡∏î‡∏µ‡∏°‡∏≤‡∏Å ‡∏ä‡∏≠‡∏ö‡∏°‡∏≤‡∏Å‡πÄ‡∏•‡∏¢‡∏Ñ‡∏∞‡∏°‡∏≤‡∏£‡∏≠‡∏•‡∏∏‡πâ‡∏ô‡∏Å‡∏±‡∏ô‡∏ß‡πà‡∏≤‡∏û‡∏≠‡∏ï‡∏±‡∏î‡πÑ‡∏´‡∏°‡∏à‡∏∞‡∏™‡∏ß‡∏¢‡πÑ‡∏´‡∏° :),1
‡πÄ‡∏¢‡∏µ‡πà‡∏¢‡∏°‡∏Ñ‡∏£‡∏±‡∏ö,1
‡∏Ñ‡∏ô‡πÑ‡∏Ç‡πâ‡∏ï‡πà‡∏≤‡∏á‡∏ä‡∏≤‡∏ï‡∏¥‡∏°‡∏≤‡∏Å‡πÜ‡πÜ‡πÜ‡πÜ‡πÜ,1
‡∏î‡∏µ‡∏°‡∏≤‡∏Å,1
‡∏´‡∏°‡∏≠‡πÄ‡∏Å‡πà‡∏á‡πÅ‡∏ï‡πà‡πÅ‡∏û‡∏á,1
‡∏ö‡∏£‡∏¥‡∏Å‡∏≤‡∏£ ‡∏î‡∏µ‡∏°‡∏≤‡∏Å‡∏Ñ‡πà‡∏∞ ‡∏ó‡∏∏‡∏Å‡∏Ñ‡∏ô‡∏ô‡πà‡∏≤‡∏£‡∏±‡∏Å ‡∏û‡∏π‡∏î‡∏Å‡∏±‡∏ö‡∏Ñ‡∏ô‡πÑ‡∏Ç‡πâ‡∏î‡∏π‡πÅ‡∏•‡∏Ñ‡∏ô‡πÑ‡∏Ç‡πâ‡∏î‡∏µ‡∏Ñ‡πà‡∏∞,1
‡∏Å‡∏≤‡∏£‡πÄ‡∏î‡∏¥‡∏ô‡∏ó‡∏≤‡∏á‡∏™‡∏∞‡∏î‡∏ß‡∏Å‡πÄ‡∏û‡∏£‡∏≤‡∏∞‡∏°‡∏µ Bts ‡πÅ‡∏•‡∏∞‡∏£‡∏ñ‡∏£‡∏±‡∏ö-‡∏™‡πà‡∏á ‡∏™‡πà‡∏ß‡∏ô‡∏Å‡∏≤‡∏£‡πÉ‡∏´‡πâ‡∏ö‡∏£‡∏¥‡∏Å‡∏≤‡∏£ ‡∏°‡∏µ‡∏Ç‡πâ‡∏≠‡∏õ‡∏£‡∏±‡∏ö‡∏õ‡∏£‡∏∏‡∏á‡∏ô‡∏¥‡∏î‡∏´‡∏ô‡πà‡∏≠‡∏¢‡∏Ñ‡∏∑‡∏≠ ‡∏£‡∏∞‡∏ö‡∏ö‡∏ä‡∏±‡πâ‡∏ô‡∏Ç‡∏≠‡∏á‡∏Å‡∏≤‡∏£‡πÉ‡∏´‡πâ‡∏ö‡∏£‡∏¥‡∏Å‡∏≤‡∏£ ‡∏î‡πâ‡∏ß‡∏¢‡∏Ñ‡∏ß‡∏≤‡∏°‡∏ó‡∏µ‡πà‡πÑ‡∏°‡πà‡∏Ñ‡πà‡∏≠‡∏¢‡∏°‡∏µ‡∏õ‡πâ‡∏≤‡∏¢‡∏ö‡∏≠‡∏Å‡∏ß‡πà‡∏≤ ‡πÄ‡∏à‡πá‡∏ö‡∏õ‡πà‡∏ß‡∏¢‡πÄ‡∏£‡∏∑‡πà‡∏≠‡∏á‡∏ô‡∏µ‡πâ ‡∏ï‡πâ‡∏≠‡∏á‡πÑ‡∏õ‡∏´‡∏≤‡∏ä‡∏±‡πâ‡∏ô‡πÑ‡∏´‡∏ô ‡∏ó‡∏≥‡πÉ‡∏´‡πâ‡πÄ‡∏ß‡∏•‡∏≤‡πÑ‡∏õ‡πÉ‡∏ä‡πâ‡∏ö‡∏£‡∏¥‡∏Å‡∏≤‡∏£ ‡∏ï‡πâ‡∏≠‡∏á‡∏ñ‡∏≤‡∏°‡∏ô‡∏≤‡∏á‡∏û‡∏¢‡∏≤‡∏ö‡∏≤‡∏•‡πÅ‡∏ñ‡∏ß‡∏ô‡∏±‡πâ‡∏ô‡∏≠‡∏¢‡∏π‡πà‡πÄ‡∏™‡∏°‡∏≠ ‡πÅ‡∏ï‡πà‡∏ñ‡πâ‡∏≤‡πÑ‡∏õ‡∏ï‡∏≠‡∏ô‡∏õ‡∏£‡∏∞‡∏°‡∏≤‡∏ì 2 ‡∏ó‡∏∏‡πà‡∏° ‡∏ï‡πâ‡∏≠‡∏á‡πÄ‡∏õ‡∏•‡∏µ‡πà‡∏¢‡∏ô‡πÄ‡∏õ‡πá‡∏ô‡∏≠‡∏µ‡∏Å‡∏ï‡∏∂‡∏Å ‡∏≠‡∏≤‡∏à‡∏ó‡∏≥‡πÉ‡∏´‡πâ‡πÄ‡∏Å‡∏¥‡∏î‡∏Ñ‡∏ß‡∏≤‡∏°‡πÑ‡∏°‡πà‡∏™‡∏∞‡∏î‡∏ß‡∏Å‡πÑ‡∏î‡πâ ‡∏™‡πà‡∏ß‡∏ô‡∏ö‡∏∏‡∏Ñ‡∏Ñ‡∏•‡πÉ‡∏´‡πâ‡∏ö‡∏£‡∏¥‡∏Å‡∏≤‡∏£‡∏î‡∏µ ‡∏Ñ‡∏≠‡∏¢‡πÄ‡∏≠‡∏≤‡πÉ‡∏à‡πÉ‡∏™‡πà ‡πÅ‡∏•‡∏∞‡∏°‡∏µ‡∏ô‡πâ‡∏≥‡∏î‡∏¥‡πà‡∏°‡πÑ‡∏ß‡πâ‡∏ö‡∏£‡∏¥‡∏Å‡∏≤‡∏£‡∏ï‡∏•‡∏≠‡∏î,1
‡∏™‡∏∏‡∏î‡∏¢‡∏≠‡∏î‡∏à‡∏£‡∏¥‡∏á‡πÜ ‡∏™‡∏°‡∏£‡∏≤‡∏Ñ‡∏≤,1
‡πÄ‡∏õ‡πá‡∏ô‡πÇ‡∏£‡∏á‡∏ö‡∏≤‡∏•‡∏ó‡∏µ‡πà‡∏î‡∏µ‡∏°‡∏≤‡∏Å‡∏Å‡∏≤‡∏£‡∏Å‡∏≤‡∏£‡∏ö‡∏£‡∏¥‡∏Å‡∏≤‡∏£‡∏î‡∏µ‡πÅ‡∏ï‡πà ‡πÄ‡∏™‡∏µ‡∏¢‡∏≠‡∏¢‡πà‡∏≤‡πÄ‡∏î‡∏µ‡∏¢‡∏ß‡∏ñ‡∏≤‡∏°‡∏ô‡πâ‡∏≠‡∏á‡∏ú‡∏π‡πâ‡∏ä‡πà‡∏ß‡∏¢‡∏ß‡πà‡∏≤‡∏´‡∏°‡∏≠‡∏¢‡∏¥‡πà‡∏á‡∏¢‡∏á‡∏õ‡∏£‡∏∞‡∏à‡∏≥‡∏≠‡∏¢‡∏π‡πà‡πÇ‡∏£‡∏á‡∏ö‡∏≤‡∏•‡πÑ‡∏´‡∏ô‡πÑ‡∏°‡πà‡∏£‡∏π‡πâ‡∏ô‡∏µ‡πâ‡∏™‡∏¥,1
‡∏ù‡∏≤‡∏Å‡∏ó‡πâ‡∏≠‡∏á‡∏Å‡∏±‡∏ö‡∏Ñ‡∏∏‡∏ì‡∏´‡∏°‡∏≠‡∏õ‡∏£‡∏µ‡∏ä‡∏≤ ‡∏´‡∏°‡∏≠‡∏î‡∏π‡πÅ‡∏•‡∏î‡∏µ‡πÉ‡∏´‡πâ‡∏Ñ‡∏≥‡πÅ‡∏ô‡∏∞‡∏ô‡∏≥‡∏î‡∏µ ‡∏à‡πà‡∏≤‡∏¢‡∏¢‡∏≤‡∏ó‡∏µ‡πà‡∏à‡∏≥‡πÄ‡∏ô‡∏õ‡πá‡∏ô‡∏û‡∏¢‡∏≤‡∏ö‡∏≤‡∏•‡∏î‡∏π‡πÅ‡∏•‡∏î‡∏µ‡∏Ñ‡πà‡∏∞,1
‡πÇ‡∏£‡∏á‡∏û‡∏¢‡∏≤‡∏ö‡∏≤‡∏•‡∏ö‡πç‡∏≤‡∏£‡∏∏‡∏á‡∏£‡∏≤‡∏©‡∏é‡∏£‡πå‡∏ï‡πâ‡∏≠‡∏á‡∏¢‡∏≠‡∏°‡∏£‡∏±‡∏ö‡∏à‡∏£‡∏¥‡∏á‡πÜ‡∏Ñ‡πà‡∏∞‡πÉ‡∏ô‡πÄ‡∏£‡∏∑‡πà‡∏≠‡∏á‡∏Ñ‡∏ß‡∏≤‡∏°‡∏û‡∏£‡πâ‡∏≠‡∏°‡πÉ‡∏ô‡∏Å‡∏≤‡∏£‡πÉ‡∏´‡πâ‡∏ö‡∏£‡∏¥‡∏Å‡∏≤‡∏£‡πÉ‡∏ô‡∏´‡∏•‡∏≤‡∏¢‡πÜ‡∏î‡πâ‡∏ß‡∏ô‡∏ó‡∏±‡πâ‡∏á‡∏ö‡∏∏‡∏Ñ‡∏•‡∏Å‡∏£‡πÄ‡∏Ñ‡∏£‡∏∑‡πà‡∏≠‡∏á‡∏°‡∏∑‡∏≠‡∏ó‡∏≤‡∏á‡∏Å‡∏≤‡∏£‡πÅ‡∏û‡∏ó‡∏¢‡πå‡∏ó‡∏∏‡∏Å‡∏≠‡∏¢‡πà‡∏≤‡∏á‡∏Ñ‡∏£‡∏ö‡∏à‡∏£‡∏¥‡∏á‡πÜ‡∏Ñ‡πà‡∏∞ ‡∏î‡∏¥‡∏â‡∏±‡∏ô‡πÄ‡∏≠‡∏á‡πÑ‡∏°‡πà‡∏•‡∏±‡∏á‡πÄ‡∏•‡∏ó‡∏µ‡πà‡πÄ‡∏•‡∏∑‡∏≠‡∏Å‡πÉ‡∏ä‡πâ‡∏ö‡∏£‡∏¥‡∏Å‡∏≤‡∏£‡∏ó‡∏µ‡πà‡∏ô‡∏µ‡πà ‡∏¢‡∏±‡∏á‡πÑ‡∏á‡∏Å‡πá‡πÄ‡∏•‡∏∑‡∏≠‡∏Å‡∏ó‡∏µ‡πà‡πÄ‡∏õ‡πá‡∏ô‡∏ó‡∏µ‡πà1‡∏ï‡∏•‡∏≠‡∏î‡πÑ‡∏õ‡∏Ñ‡πà‡∏∞,1
‡∏ö‡∏£‡∏¥‡∏Å‡∏≤‡∏£‡∏î‡∏µ ‡∏´‡∏°‡∏≠‡πÑ‡∏°‡πà‡∏≠‡∏±‡∏î‡∏¢‡∏≤ ‡πÅ‡∏ï‡πà‡∏ä‡πà‡∏ß‡∏á‡∏ô‡∏µ‡πâ‡∏Ñ‡∏ô‡πÄ‡∏¢‡∏≠‡∏∞ ‡πÄ‡∏•‡∏¢‡∏ó‡∏≥‡πÉ‡∏´‡πâ‡∏£‡∏≠‡∏ô‡∏≤‡∏ô‡∏Ñ‡πà‡∏≠‡∏ô‡∏Ç‡πâ‡∏≤‡∏á‡∏°‡∏≤‡∏Å ‡∏ñ‡πâ‡∏≤‡∏à‡∏∞‡∏°‡∏≤‡∏ó‡∏µ‡πà‡∏ô‡∏µ‡πà‡πÅ‡∏•‡πâ‡∏ß‡∏à‡∏∞‡πÄ‡∏≠‡∏≤‡πÄ‡∏£‡πá‡∏ß‡∏Ñ‡∏á‡πÑ‡∏°‡πà‡πÉ‡∏ä‡πà‡∏™‡∏≥‡∏´‡∏£‡∏±‡∏ö‡∏õ‡∏±‡∏à‡∏à‡∏∏‡∏ö‡∏±‡∏ô,1
‡∏≠‡∏≤‡∏à‡∏≤‡∏£‡∏¢‡πå‡∏´‡∏°‡∏≠‡πÄ‡∏Å‡πà‡∏á‡∏°‡∏≤‡∏Å‡∏Ñ‡∏∞,1
‡πÄ‡∏õ‡πá‡∏ô‡∏Ñ‡∏ô‡πÑ‡∏Ç‡πâ‡∏ï‡∏±‡πâ‡∏á‡πÅ‡∏ï‡πà‡∏õ‡∏µ2529 ‡πÑ‡∏ß‡πâ‡πÉ‡∏à‡πÉ‡∏ô‡∏Ñ‡∏ß‡∏≤‡∏°‡πÉ‡∏™‡πà‡πÉ‡∏à‡πÅ‡∏•‡∏∞‡∏Ñ‡∏∏‡∏ì‡∏†‡∏≤‡∏û‡∏Å‡∏≤‡∏£‡∏ö‡∏£‡∏¥‡∏Å‡∏≤‡∏£‡∏ó‡∏µ‡πà‡∏û‡∏±‡∏í‡∏ô‡∏≤‡∏≠‡∏¢‡πà‡∏≤‡∏á‡∏ï‡πà‡∏≠‡πÄ‡∏ô‡∏∑‡πà‡∏≠‡∏á,1
‡∏°‡∏≤‡∏û‡∏ö‡∏Ñ‡∏∏‡∏ì‡∏´‡∏°‡∏≠‡∏ß‡∏±‡∏ô‡∏ô‡∏µ‡πâ ‡πÑ‡∏°‡πà‡∏õ‡∏£‡∏∞‡∏ó‡∏±‡∏ö‡πÉ‡∏à‡πÄ‡∏•‡∏¢‡∏Ñ‡∏∞ ‡∏ô‡∏±‡∏î‡πÑ‡∏ß‡πâ9.30 ‡∏Å‡∏ß‡πà‡∏≤‡∏à‡∏∞‡πÑ‡∏î‡πâ‡∏û‡∏ö‡∏Ñ‡∏∏‡∏ì‡∏´‡∏°‡∏≠ 11.00 ‡∏ï‡∏£‡∏ß‡∏à 20‡∏ô‡∏≤‡∏ó‡∏µ ‡πÑ‡∏°‡πà‡∏°‡∏µ‡πÉ‡∏Ñ‡∏£‡∏°‡πà‡πÅ‡∏à‡πâ‡∏á‡∏ô‡∏∞‡∏Ñ‡∏∞ ‡∏ß‡πà‡∏≤‡∏à‡∏∞‡∏ï‡πâ‡∏≠‡∏á‡∏£‡∏≠‡∏ô‡∏≤‡∏ô‡πÄ‡∏ó‡πà‡∏≤‡πÑ‡∏´‡∏£‡πà ‡∏≠‡∏≠‡∏Å‡∏°‡∏≤‡∏£‡∏≠‡πÉ‡∏ö‡∏ô‡∏±‡∏î‡∏≠‡∏µ‡∏Å 30 ‡∏ô‡∏≤‡∏ó‡∏µ ‡∏û‡∏≠‡πÑ‡∏õ‡∏™‡∏≠‡∏ö‡∏ñ‡∏≤‡∏°‡∏Å‡πá‡∏¢‡∏±‡∏á‡πÑ‡∏°‡πà‡πÑ‡∏î‡πâ‡∏ó‡∏≥‡πÉ‡∏´‡πâ ‡πÄ‡∏û‡∏£‡∏≤‡∏∞‡∏á‡∏≤‡∏ô‡∏•‡πâ‡∏ô‡∏°‡∏∑‡∏≠ ‡∏î‡∏¥‡∏â‡∏±‡∏ô‡πÑ‡∏°‡πà‡∏Ñ‡∏¥‡∏î‡∏ß‡πà‡∏≤‡∏à‡∏∞‡∏ï‡πâ‡∏≠‡∏á‡πÉ‡∏ä‡πâ‡πÄ‡∏ß‡∏•‡∏≤‡∏°‡∏≤‡∏Å‡∏°‡∏≤‡∏¢‡∏Ç‡∏ô‡∏≤‡∏î‡∏ô‡∏µ‡πâ‡πÉ‡∏ô‡∏Å‡∏≤‡∏£‡∏£‡∏≠,0
‡πÅ‡∏û‡∏á‡∏î‡∏µ,1
‡∏ú‡∏•‡∏ï‡∏£‡∏ß‡∏à‡∏£‡∏ß‡∏î‡πÄ‡∏£‡πá‡∏ß‡∏î‡∏µ‡∏´‡∏°‡∏≠‡πÄ‡∏Å‡πà‡∏á‡πÜ‡πÅ‡∏•‡πâ‡∏ß‡πÇ‡∏£‡∏á‡∏û‡∏¢‡∏≤‡∏ö‡∏≤‡∏•‡∏Å‡πá‡∏™‡∏∞‡∏≠‡∏≤‡∏î‡∏î‡∏µ‡∏ö‡∏£‡∏¥‡∏Å‡∏≤‡∏£‡∏î‡∏µ‡∏°‡∏µ‡∏Ñ‡∏£‡∏ö‡∏ó‡∏∏‡∏Å‡∏≠‡∏¢‡πà‡∏≤‡∏á,1
‡πÅ‡∏û‡∏á‡πÜ‡πÜ‡πÜ‡πÜ‡∏ñ‡∏≤‡∏°‡∏à‡∏¥‡∏á‡πÜ‡πÜ‡∏Ñ‡∏¥‡∏î‡∏à‡∏∞‡∏£‡∏±‡∏Å‡∏©‡∏≤ ‡∏Ñ‡∏ô‡∏à‡∏ô‡πÜ‡∏ö‡πâ‡∏≤‡∏á‡∏õ‡∏∞‡∏ß‡πà‡∏∞,1
‡πÄ‡∏¢‡∏µ‡πà‡∏¢‡∏°,1
‡πÅ‡∏Ñ‡∏ä‡πÄ‡∏ä‡∏µ‡∏¢‡∏ó‡∏µ‡πà‡∏≠‡∏¢‡∏π‡πà‡∏ä‡∏±‡πâ‡∏ô‡∏ï‡∏£‡∏ß‡∏à‡∏Å‡∏£‡∏∞‡∏î‡∏π‡∏Å‡∏Ñ‡∏∑‡∏≠‡πÅ‡∏¢‡πà‡∏Ñ‡πà‡∏∞ ‡∏û‡∏π‡∏î‡∏à‡∏≤‡πÅ‡∏•‡∏∞‡∏™‡∏µ‡∏´‡∏ô‡πâ‡∏≤‡πÄ‡∏´‡∏ß‡∏µ‡πà‡∏¢‡∏á‡∏°‡∏≤‡∏Å ‡πÑ‡∏°‡πà‡∏£‡∏π‡πâ‡πÑ‡∏õ‡πÄ‡∏Ñ‡∏£‡∏µ‡∏¢‡∏î‡∏≠‡∏∞‡πÑ‡∏£‡∏°‡∏≤‡∏ô‡∏∞‡∏Ñ‡∏∞ ‡∏Å‡πá‡πÑ‡∏°‡πà‡∏™‡∏°‡∏Ñ‡∏ß‡∏£‡∏°‡∏≤‡∏ó‡∏≥‡πÅ‡∏ö‡∏ö‡∏ô‡∏µ‡πâ‡πÑ‡∏´‡∏°‡∏Ñ‡∏∞ ‡πÉ‡∏´‡πâ‡∏Ñ‡∏∏‡∏¢‡∏Å‡∏±‡∏ö‡∏ó‡∏≤‡∏á‡∏õ‡∏£‡∏∞‡∏Å‡∏±‡∏ô‡∏Å‡πá‡∏û‡∏π‡∏î‡∏à‡∏≤‡πÄ‡∏´‡∏ß‡∏µ‡πà‡∏¢‡∏á‡πÉ‡∏™‡πà‡∏≠‡∏≤‡∏£‡∏°‡∏ì‡πå...,0
‡∏£‡∏û.‡∏°‡∏µ‡∏Å‡∏≤‡∏£‡∏î‡∏π‡πÅ‡∏•‡∏Ñ‡∏ô‡πÑ‡∏Ç‡πâ‡∏ú‡πà‡∏≤‡∏Ñ‡∏•‡∏≠‡∏î‡∏≠‡∏¢‡πà‡∏≤‡∏á‡∏Ñ‡∏£‡∏ö‡∏ß‡∏á‡∏à‡∏£ ‡∏£‡∏≤‡∏Ñ‡∏≤‡πÅ‡∏û‡∏Ñ‡πÄ‡∏Å‡∏à‡∏≠‡∏≤‡∏à‡∏à‡∏∞‡∏î‡∏π‡πÅ‡∏û‡∏á‡∏Å‡∏ß‡πà‡∏≤‡∏ó‡∏µ‡πà‡∏≠‡∏∑‡πà‡∏ô ‡πÅ‡∏ï‡πà‡∏™‡∏¥‡πà‡∏á‡∏ó‡∏µ‡πà‡πÑ‡∏î‡πâ‡∏£‡∏±‡∏ö‡∏Ñ‡∏∑‡∏≠‡∏õ‡∏£‡∏∞‡∏™‡∏ö‡∏Å‡∏≤‡∏£‡∏ì‡πå‡∏Ç‡∏≠‡∏á‡πÅ‡∏û‡∏ó‡∏¢‡πå‡πÅ‡∏•‡∏∞‡∏ó‡∏µ‡∏°‡∏á‡∏≤‡∏ô ‡∏Ñ‡∏•‡∏≠‡∏î‡∏ö‡∏≤‡∏á‡∏Ñ‡∏ô‡∏Ñ‡∏¥‡∏î‡∏ß‡πà‡∏≤‡∏ó‡∏µ‡πà‡∏ß‡πà‡∏≤‡∏ó‡∏µ‡πà‡πÑ‡∏´‡∏ô‡∏Å‡πá‡πÄ‡∏´‡∏°‡∏∑‡∏≠‡∏ô‡∏Å‡∏±‡∏ô ‡πÅ‡∏ï‡πà‡πÄ‡∏°‡∏∑‡πà‡∏≠‡πÄ‡∏Å‡∏¥‡∏î‡πÄ‡∏´‡∏ï‡∏∏‡∏â‡∏∏‡∏Å‡πÄ‡∏â‡∏¥‡∏ô‡∏Å‡∏≤‡∏£‡∏ï‡∏±‡∏î‡∏™‡∏¥‡∏ô‡πÉ‡∏à‡∏Ç‡∏≠‡∏á‡πÅ‡∏û‡∏ó‡∏¢‡πå‡∏ñ‡∏∑‡∏≠‡∏ß‡πà‡∏≤‡∏™‡∏≥‡∏Ñ‡∏±‡∏ç‡∏°‡∏≤‡∏Å ‡∏ï‡∏≠‡∏ô‡∏ú‡πà‡∏≤‡∏ä‡∏µ‡∏û‡∏à‡∏£‡πÄ‡∏£‡∏≤‡∏ï‡∏Å ‡∏î‡∏µ‡∏ß‡πà‡∏≤‡πÅ‡∏û‡∏ó‡∏¢‡πå‡∏ß‡∏¥‡∏™‡∏±‡∏ç‡∏ç‡∏µ‡∏ï‡∏±‡∏î‡∏™‡∏¥‡∏ô‡πÉ‡∏à‡πÉ‡∏´‡πâ‡∏´‡∏•‡∏±‡∏ö ‡∏ó‡∏≥‡πÉ‡∏´‡πâ‡∏ä‡∏µ‡∏û‡∏à‡∏£‡∏Å‡∏•‡∏±‡∏ö‡∏°‡∏≤‡πÄ‡∏õ‡πá‡∏ô‡∏õ‡∏Å‡∏ï‡∏¥‡πÅ‡∏•‡∏∞‡∏õ‡∏•‡∏≠‡∏î‡∏†‡∏±‡∏¢ ‡∏Ç‡∏≠‡∏ö‡∏Ñ‡∏∏‡∏ì‡∏Ñ‡∏∏‡∏ì‡∏´‡∏°‡∏≠‡∏ß‡∏¥‡∏™‡∏±‡∏ç‡∏ç‡∏µ(‡πÑ‡∏°‡πà‡∏ó‡∏£‡∏≤‡∏ö‡∏ä‡∏∑‡πà‡∏≠)‡∏°‡∏≤‡∏Å‡∏ô‡∏∞‡∏Ñ‡∏∞ ‡∏õ‡∏£‡∏∞‡∏™‡∏ö‡∏Å‡∏≤‡∏£‡∏ì‡πå‡∏Ç‡∏≠‡∏á‡∏ó‡πà‡∏≤‡∏ô‡∏™‡∏∏‡∏î‡∏¢‡∏≠‡∏î‡∏°‡∏≤‡∏Å‡∏à‡∏£‡∏¥‡∏á‡πÜ‡∏Ñ‡πà‡∏∞ ‡∏û‡∏¢‡∏≤‡∏ö‡∏≤‡∏•‡πÅ‡∏•‡∏∞‡πÄ‡∏à‡πâ‡∏≤‡∏´‡∏ô‡πâ‡∏≤‡∏ó‡∏µ‡πà‡∏ó‡∏∏‡∏Å‡∏Ñ‡∏ô‡∏Å‡πá‡πÑ‡∏î‡πâ‡∏£‡∏±‡∏ö‡∏Å‡∏≤‡∏£‡πÄ‡∏ó‡∏£‡∏ô‡∏°‡∏≤‡∏≠‡∏¢‡πà‡∏≤‡∏á‡∏î‡∏µ ‡∏™‡∏≤‡∏°‡∏≤‡∏£‡∏ñ‡πÉ‡∏´‡πâ‡∏Ñ‡∏≥‡πÅ‡∏ô‡∏∞‡∏ô‡∏≥‡∏Ñ‡∏ô‡πÑ‡∏Ç‡πâ‡πÑ‡∏î‡πâ‡∏î‡∏µ‡∏°‡∏≤‡∏Å ‡∏ï‡∏±‡πâ‡∏á‡πÅ‡∏ï‡πà‡πÄ‡∏£‡∏∑‡πà‡∏≠‡∏á‡∏Å‡∏≤‡∏£‡∏î‡∏π‡πÅ‡∏•‡πÅ‡∏ú‡∏•‡πÑ‡∏õ‡∏à‡∏ô‡∏ñ‡∏∂‡∏á‡∏Å‡∏≤‡∏£‡πÉ‡∏´‡πâ‡∏ô‡∏°‡∏ö‡∏∏‡∏ï‡∏£ ‡∏ó‡∏±‡πâ‡∏á2‡∏ó‡πâ‡∏≠‡∏á‡∏ú‡πà‡∏≤‡∏Ñ‡∏•‡∏≠‡∏î‡∏ó‡∏µ‡πà‡∏ô‡∏µ‡πà ‡∏õ‡∏£‡∏∞‡∏ó‡∏±‡∏ö‡πÉ‡∏à‡∏Ñ‡πà‡∏∞ ^^,1
‡∏ö‡∏£‡∏¥‡∏Å‡∏≤‡∏£‡∏î‡∏µ‡∏ó‡∏µ‡πà‡∏™‡∏∏‡∏î‡πÉ‡∏ô‡∏õ‡∏£‡∏∞‡πÄ‡∏ó‡∏®‡πÑ‡∏ó‡∏¢ ‡πÉ‡∏´‡πâ 100 ‡πÄ‡∏ï‡πá‡∏°,1
‡πÄ‡∏õ‡πá‡∏ô‡πÇ‡∏£‡∏á‡∏û‡∏¢‡∏≤‡∏ö‡∏≤‡∏•‡∏ó‡∏µ‡πà‡∏£‡∏±‡∏Å‡∏©‡∏≤‡∏õ‡∏£‡∏∞‡∏à‡∏≥‡∏ó‡∏±‡πâ‡∏á‡∏Ñ‡∏£‡∏≠‡∏ö‡∏Ñ‡∏£‡∏±‡∏ß‡∏Å‡∏ß‡πà‡∏≤ 15 ‡∏õ‡∏µ,1
‡∏õ‡∏£‡∏∞‡∏ó‡∏±‡∏ö‡πÉ‡∏à‡∏ó‡∏±‡πâ‡∏á‡∏£‡∏≤‡∏Ñ‡∏≤ ‡πÅ‡∏•‡∏∞‡∏Ñ‡∏∏‡∏ì‡∏†‡∏≤‡∏û,1
‡∏ä‡∏≠‡∏ö‡∏ô‡∏∞‡∏Ñ‡πà‡∏∞ ‡∏™‡∏∞‡∏î‡∏ß‡∏Å‡∏™‡∏ö‡∏≤‡∏¢ ‡∏£‡∏ß‡∏î‡πÄ‡∏£‡πá‡∏ß‡∏î‡∏µ‡∏Ñ‡πà‡∏∞ ‡∏û‡∏¢‡∏≤‡∏ö‡∏≤‡∏•‡∏Å‡πá‡∏î‡∏π‡πÄ‡∏õ‡πá‡∏ô‡∏°‡∏¥‡∏ï‡∏£ ‡πÅ‡∏ï‡πà‡∏Å‡πá‡∏¢‡∏±‡∏á‡∏°‡∏µ‡∏ö‡πâ‡∏≤‡∏á‡∏ó‡∏µ‡πà‡∏î‡∏π‡πÑ‡∏°‡πà‡∏Ñ‡πà‡∏≠‡∏¢‡∏¢‡∏¥‡πâ‡∏°‡πÅ‡∏¢‡πâ‡∏°‡∏Ñ‡πà‡∏∞,1
‡∏£‡∏π‡πâ‡∏™‡∏∂‡∏Å‡∏õ‡∏£‡∏∞‡∏ó‡∏±‡∏ö‡πÉ‡∏à‡∏Å‡∏±‡∏ö‡∏Å‡∏≤‡∏£‡πÉ‡∏´‡πâ‡∏Ñ‡∏≥‡πÅ‡∏ô‡∏∞‡∏ô‡∏≥‡πÅ‡∏•‡∏∞‡∏Å‡∏≤‡∏£‡∏ö‡∏£‡∏¥‡∏Å‡∏≤‡∏£‡∏Ñ‡πà‡∏∞ ‡∏Ñ‡∏≠‡∏¢‡πÄ‡∏≠‡∏≤‡πÉ‡∏à‡πÉ‡∏™‡πà‡πÄ‡∏™‡∏°‡∏≠‡πÜ ‡πÅ‡∏•‡∏∞‡∏ó‡∏±‡∏ô‡∏™‡∏°‡∏±‡∏¢‡∏°‡∏≤‡∏Å‡πÄ‡∏•‡∏¢‡∏Ñ‡πà‡∏∞‡∏î‡∏π‡∏´‡∏£‡∏π‡∏°‡∏≤‡∏Å‡∏Ñ‡πà‡∏∞‡∏Ç‡∏≠‡∏ö‡∏Ñ‡∏∏‡∏ì‡∏™‡∏≥‡∏´‡∏£‡∏±‡∏ö‡πÇ‡∏£‡∏á‡∏û‡∏¢‡∏≤‡∏ö‡∏≤‡∏•‡∏î‡∏µ‡πÜ‡∏ó‡∏µ‡πà‡∏°‡∏µ‡∏Ñ‡∏∏‡∏ì‡∏´‡∏°‡∏≠‡πÅ‡∏•‡∏∞‡πÅ‡∏û‡∏ó‡∏¢‡πå‡∏ö‡∏∏‡∏Ñ‡∏•‡∏≤‡∏Å‡∏£‡∏ó‡∏µ‡πà‡∏°‡∏µ‡∏Ñ‡∏∏‡∏ì‡∏†‡∏≤‡∏û‡πÅ‡∏ö‡∏ö‡∏ô‡∏µ‡πâ‡∏ô‡∏∞‡∏Ñ‡∏∞ ‡∏õ‡∏£‡∏∞‡∏ó‡∏±‡∏ö‡πÉ‡∏à‡∏à‡∏£‡∏¥‡∏á‡πÜ‡∏Ñ‡πà‡∏∞,1
‡πÅ‡∏û‡∏á‡∏°‡∏≤‡∏Å‡πÄ‡∏•‡∏¢....,1
‡∏™‡∏≤‡∏°‡∏µ‡∏ï‡πâ‡∏≠‡∏á‡πÄ‡∏Ç‡πâ‡∏≤‡∏´‡πâ‡∏≠‡∏á‡∏â‡∏∏‡∏Å‡πÄ‡∏â‡∏¥‡∏ô ‡∏ï‡∏≠‡∏ô‡πÅ‡∏£‡∏Å‡πÄ‡∏Ç‡πâ‡∏≤‡∏´‡πâ‡∏≠‡∏á‡∏â‡∏∏‡∏Å‡πÄ‡∏â‡∏¥‡∏ô‡∏™‡∏°‡∏¥‡∏ï‡∏¥‡πÄ‡∏ß‡∏ä‡∏™‡∏∏‡∏Ç‡∏∏‡∏°‡∏ß‡∏¥‡∏ó ‡∏û‡∏¢‡∏≤‡∏ö‡∏≤‡∏•‡∏ô‡πâ‡∏≠‡∏¢‡∏´‡∏°‡∏≠‡∏ô‡πâ‡∏≠‡∏¢ ‡πÑ‡∏°‡πà‡∏°‡∏µ‡∏Ñ‡∏ô‡∏ï‡πâ‡∏≠‡∏ô‡∏£‡∏±‡∏ö‡∏´‡∏ô‡πâ‡∏≤‡∏´‡πâ‡∏≠‡∏á‡∏â‡∏∏‡∏Å‡πÄ‡∏â‡∏¥‡∏ô ‡∏õ‡∏£‡∏∞‡∏Ñ‡∏≠‡∏á‡∏™‡∏≤‡∏°‡∏µ‡πÄ‡∏î‡∏¥‡∏ô‡πÄ‡∏Ç‡πâ‡∏≤‡∏´‡πâ‡∏≠‡∏á‡∏î‡πâ‡∏ß‡∏¢‡∏ï‡∏±‡∏ß‡πÄ‡∏≠‡∏á ‡∏ó‡∏∏‡∏Å‡∏≠‡∏¢‡πà‡∏≤‡∏á‡∏î‡∏≥‡πÄ‡∏ô‡∏¥‡∏ô‡∏Å‡∏≤‡∏£‡∏ä‡πâ‡∏≤ ‡∏à‡∏∂‡∏á‡∏Ç‡∏≠‡∏¢‡πâ‡∏≤‡∏¢‡∏£‡∏û.‡πÑ‡∏õ‡∏ö‡∏≥‡∏£‡∏∏‡∏á‡∏£‡∏≤‡∏©‡∏ó‡∏µ‡πà‡∏ã‡∏∂‡πà‡∏á‡πÑ‡∏õ‡πÄ‡∏õ‡πá‡∏ô‡∏õ‡∏£‡∏∞‡∏à‡∏≥‡∏≠‡∏¢‡∏π‡πà‡πÅ‡∏•‡πâ‡∏ß ‡πÄ‡∏°‡∏∑‡πà‡∏≠‡∏ú‡∏π‡πâ‡∏õ‡πà‡∏ß‡∏¢‡πÄ‡∏õ‡πá‡∏ô‡πÄ‡∏Ñ‡∏™‡∏ó‡∏µ‡πà‡∏ï‡πâ‡∏≠‡∏á‡πÉ‡∏ä‡πâ‡∏£‡∏ñ‡∏Ç‡∏≠‡∏á‡πÇ‡∏£‡∏á‡∏û‡∏¢‡∏≤‡∏ö‡∏≤‡∏•‡πÑ‡∏õ‡∏™‡πà‡∏á‡πÄ‡∏ó‡πà‡∏≤‡∏ô‡∏±‡πâ‡∏ô‡πÄ‡∏û‡∏£‡∏≤‡∏∞‡∏≠‡∏≤‡∏à‡πÄ‡∏Å‡∏¥‡∏î‡∏Ñ‡∏ß‡∏≤‡∏°‡πÄ‡∏™‡∏µ‡πà‡∏¢‡∏á ‡∏ï‡∏≠‡∏ô‡∏ô‡∏±‡πâ‡∏ô‡πÄ‡∏õ‡πá‡∏ô‡πÄ‡∏ß‡∏•‡∏≤6‡πÇ‡∏°‡∏á‡πÄ‡∏¢‡πá‡∏ô ‡∏ó‡∏≤‡∏á‡∏™‡∏°‡∏¥‡∏ï‡∏¥‡πÄ‡∏ß‡∏ä‡πÅ‡∏à‡πâ‡∏á‡∏ß‡πà‡∏≤‡∏ï‡πâ‡∏≠‡∏á‡∏£‡∏≠‡∏£‡∏ñ2‡∏ó‡∏∏‡πà‡∏°‡∏ñ‡∏∂‡∏á‡∏à‡∏∞‡πÑ‡∏õ‡∏™‡πà‡∏á‡πÑ‡∏î‡πâ ‡∏ó‡∏≤‡∏á‡πÄ‡∏£‡∏≤‡∏à‡∏∂‡∏á‡πÇ‡∏ó‡∏£‡πÑ‡∏õ‡∏´‡∏≤‡∏ö‡∏≥‡∏£‡∏∏‡∏á‡∏£‡∏≤‡∏©‡πÄ‡∏≠‡∏á ‡∏ó‡∏≤‡∏á‡∏ô‡∏±‡πâ‡∏ô‡∏™‡πà‡∏á‡∏£‡∏ñ‡∏°‡∏≤‡∏£‡∏±‡∏ö‡∏û‡∏£‡πâ‡∏≠‡∏°‡∏´‡∏°‡∏≠‡∏ó‡∏±‡∏ô‡∏ó‡∏µ ‡∏û‡∏≠‡∏ñ‡∏∂‡∏á‡∏´‡πâ‡∏≠‡∏á‡∏â‡∏∏‡∏Å‡πÄ‡∏â‡∏¥‡∏ô‡∏Ç‡∏≠‡∏á‡∏£‡∏û. ‡∏ó‡∏±‡πâ‡∏á‡∏´‡∏°‡∏≠‡πÅ‡∏•‡∏∞‡∏û‡∏¢‡∏≤‡∏ö‡∏≤‡∏•‡∏ó‡∏≥‡∏á‡∏≤‡∏ô‡∏£‡∏ß‡∏î‡πÄ‡∏£‡πá‡∏ß‡∏°‡∏µ‡∏Ñ‡∏ß‡∏≤‡∏°‡∏ï‡∏∑‡πà‡∏ô‡∏ï‡∏±‡∏ß ‡πÉ‡∏ô‡∏´‡πâ‡∏≠‡∏á‡∏â‡∏∏‡∏Å‡πÄ‡∏â‡∏¥‡∏ô‡∏ô‡∏±‡πâ‡∏ô‡∏°‡∏µ‡πÄ‡∏à‡πâ‡∏≤‡∏´‡∏ô‡πâ‡∏≤‡∏ó‡∏µ‡πà‡πÄ‡∏õ‡πá‡∏ô‡∏à‡∏≥‡∏ô‡∏ß‡∏ô‡∏°‡∏≤‡∏Å‡∏ã‡∏∂‡πà‡∏á‡∏ï‡πà‡∏≤‡∏á‡∏Å‡∏±‡∏ö‡∏ö‡∏£‡∏£‡∏¢‡∏≤‡∏Å‡∏≤‡∏®‡∏ó‡∏µ‡πà‡∏™‡∏°‡∏¥‡∏ï‡∏¥‡πÄ‡∏ß‡∏ä‡πÇ‡∏î‡∏¢‡∏™‡∏¥‡πâ‡∏ô‡πÄ‡∏ä‡∏¥‡∏á ‡πÄ‡∏°‡∏∑‡πà‡∏≠‡∏ó‡∏≥‡∏Å‡∏≤‡∏£‡∏ï‡∏£‡∏ß‡∏à‡∏û‡∏ö‡∏ß‡πà‡∏≤‡∏ï‡πâ‡∏≠‡∏á‡πÄ‡∏õ‡∏¥‡∏î‡∏´‡πâ‡∏≠‡∏á‡∏™‡πà‡∏≠‡∏á‡∏Å‡∏•‡πâ‡∏≠‡∏á ‡πÅ‡∏ï‡πà‡∏´‡∏°‡∏≠‡∏Å‡∏•‡∏±‡∏ö‡πÑ‡∏õ‡πÅ‡∏•‡πâ‡∏ß ‡∏ó‡∏≤‡∏á‡∏£‡∏û.‡πÄ‡∏£‡∏µ‡∏¢‡∏Å‡∏´‡∏°‡∏≠‡∏Å‡∏•‡∏±‡∏ö‡∏°‡∏≤‡πÉ‡∏´‡πâ ‡πÅ‡∏•‡∏∞‡πÄ‡∏õ‡∏¥‡∏î‡∏´‡πâ‡∏≠‡∏á‡∏™‡πà‡∏≠‡∏á‡∏Å‡∏•‡πâ‡∏≠‡∏á‡∏ó‡∏±‡πâ‡∏á‡∏ó‡∏µ‡πà‡∏õ‡∏¥‡∏î‡πÑ‡∏õ‡πÅ‡∏•‡πâ‡∏ß‡πÄ‡∏õ‡πá‡∏ô‡∏Å‡∏£‡∏ì‡∏µ‡∏â‡∏∏‡∏Å‡πÄ‡∏â‡∏¥‡∏ô ‡∏ó‡∏±‡πâ‡∏á‡∏ä‡∏±‡πâ‡∏ô‡∏ô‡∏±‡πâ‡∏ô‡πÑ‡∏õ‡∏°‡∏∑‡∏î‡πÅ‡∏•‡∏∞‡∏°‡∏µ‡πÅ‡∏Ñ‡πà‡∏´‡πâ‡∏≠‡∏á‡∏ô‡∏µ‡πâ‡∏ó‡∏µ‡πà‡πÄ‡∏õ‡∏¥‡∏î‡∏™‡∏ß‡πà‡∏≤‡∏á‡πÄ‡∏û‡∏∑‡πà‡∏≠‡∏™‡πà‡∏≠‡∏á‡∏Å‡∏•‡πâ‡∏≠‡∏á‡πÉ‡∏´‡πâ‡∏™‡∏≤‡∏°‡∏µ‡∏î‡∏¥‡∏â‡∏±‡∏ô ‡∏´‡∏•‡∏±‡∏á‡∏à‡∏≤‡∏Å‡∏ô‡∏±‡πâ‡∏ô‡∏Å‡πá‡πÅ‡∏≠‡∏î‡∏°‡∏¥‡∏ó‡∏ó‡∏µ‡πà‡∏£‡∏û.‡πÄ‡∏õ‡πá‡∏ô‡πÄ‡∏ß‡∏•‡∏≤3‡∏Ñ‡∏∑‡∏ô ‡∏Ñ‡∏∏‡∏ì‡∏´‡∏°‡∏≠‡∏°‡∏≤‡πÄ‡∏¢‡∏µ‡πà‡∏¢‡∏°‡∏ä‡πà‡∏ß‡∏á‡πÄ‡∏ä‡πâ‡∏≤‡∏ï‡∏£‡∏á‡πÄ‡∏ß‡∏•‡∏≤‡∏ó‡∏∏‡∏Å‡∏Ñ‡∏£‡∏±‡πâ‡∏á ‡∏≠‡∏ò‡∏¥‡∏ö‡∏≤‡∏¢‡∏ú‡∏•‡∏•‡∏∞‡πÄ‡∏≠‡∏µ‡∏¢‡∏î ‡∏û‡∏π‡∏î‡∏à‡∏≤‡∏î‡∏µ‡∏°‡∏≤‡∏Å ‡πÑ‡∏°‡πà‡πÄ‡∏•‡∏µ‡πâ‡∏¢‡∏á‡∏Ñ‡∏ô‡πÑ‡∏Ç‡πâ ‡πÄ‡∏°‡∏∑‡πà‡∏≠‡πÄ‡∏´‡πá‡∏ô‡∏ß‡πà‡∏≤‡∏û‡∏≠‡πÑ‡∏´‡∏ß‡∏Å‡πá‡πÉ‡∏´‡πâ‡πÑ‡∏õ‡∏ô‡∏≠‡∏ô‡∏û‡∏±‡∏Å‡∏ï‡πà‡∏≠‡∏ó‡∏µ‡πà‡∏ö‡πâ‡∏≤‡∏ô‡πÅ‡∏•‡πâ‡∏ß‡∏ô‡∏≥‡∏¢‡∏≤‡∏Å‡∏•‡∏±‡∏ö‡πÑ‡∏õ‡∏ó‡∏≤‡∏ô‡πÄ‡∏≠‡∏á ‡∏û‡∏¢‡∏≤‡∏ö‡∏≤‡∏•‡πÉ‡∏à‡πÄ‡∏¢‡πá‡∏ô ‡∏û‡∏π‡∏î‡∏à‡∏≤‡∏î‡∏µ‡∏°‡∏≤‡∏Å ‡∏£‡∏ß‡∏°‡∏ñ‡∏∂‡∏á‡πÅ‡∏°‡πà‡∏ö‡πâ‡∏≤‡∏ô‡πÅ‡∏•‡∏∞‡∏Ñ‡∏ô‡∏™‡πà‡∏á‡∏Ç‡∏≠‡∏á ‡∏ó‡∏∏‡∏Å‡∏≠‡∏¢‡πà‡∏≤‡∏á‡∏•‡∏á‡∏ï‡∏±‡∏ß‡πÑ‡∏°‡πà‡∏°‡∏µ‡∏Ñ‡∏ß‡∏≤‡∏°‡∏ï‡∏¥‡∏î‡∏Ç‡∏±‡∏î ‡∏≠‡∏∏‡∏õ‡∏Å‡∏£‡∏ì‡πå‡∏ï‡πà‡∏≤‡∏á‡πÜ‡πÉ‡∏ô‡∏´‡πâ‡∏≠‡∏á‡∏û‡∏±‡∏Å‡∏ü‡∏∑‡πâ‡∏ô‡∏ú‡∏π‡πâ‡∏õ‡πà‡∏ß‡∏¢‡πÉ‡∏ä‡πâ‡∏á‡∏≤‡∏ô‡∏á‡πà‡∏≤‡∏¢‡πÅ‡∏•‡∏∞‡∏™‡∏∞‡∏î‡∏ß‡∏Å‡∏™‡∏ö‡∏≤‡∏¢ ‡πÄ‡∏õ‡πá‡∏ô‡∏≠‡∏∏‡∏õ‡∏Å‡∏£‡∏ì‡πå‡∏ó‡∏µ‡πà‡∏Ñ‡∏≥‡∏ô‡∏∂‡∏á‡∏ñ‡∏∂‡∏á‡∏ú‡∏π‡πâ‡∏õ‡πà‡∏ß‡∏¢‡∏≠‡∏¢‡πà‡∏≤‡∏á‡πÅ‡∏ó‡πâ‡∏à‡∏£‡∏¥‡∏á ‡∏à‡∏∂‡∏á‡∏ó‡∏≥‡πÉ‡∏´‡πâ‡∏Ñ‡∏£‡∏±‡πâ‡∏á‡∏´‡∏ô‡πâ‡∏≤‡∏ï‡πà‡∏≠‡πÉ‡∏´‡πâ‡πÄ‡∏õ‡πá‡∏ô‡∏°‡∏≤‡∏Å‡∏ô‡πâ‡∏≠‡∏¢‡πÅ‡∏Ñ‡πà‡πÑ‡∏´‡∏ô‡∏Å‡πá‡∏à‡∏∞‡∏°‡∏≤‡πÉ‡∏ä‡πâ‡∏ö‡∏£‡∏¥‡∏Å‡∏≤‡∏£‡∏ó‡∏µ‡πà‡∏ô‡∏µ‡πà‡∏≠‡∏µ‡∏Å‡πÅ‡∏ô‡πà‡∏ô‡∏≠‡∏ô,1
‡∏™‡∏∏‡∏î‡∏¢‡∏≠‡∏î‡∏ö‡∏£‡∏¥‡∏Å‡∏≤‡∏£‡∏Å‡πá‡∏î‡∏µ‡∏ô‡∏∞,1
‡∏ä‡∏≠‡∏ö‡∏ö‡∏£‡∏¥‡∏Å‡∏≤‡∏£‡∏õ‡∏£‡∏∞‡∏ó‡∏±‡∏ö‡πÉ‡∏à ‡∏û‡∏ô‡∏±‡∏Å‡∏á‡∏≤‡∏ô‡∏ô‡πà‡∏≤‡∏£‡∏±‡∏Å‡∏ó‡∏∏‡∏Å‡∏Ñ‡∏ô‡πÄ‡∏•‡∏¢ ‡∏ä‡∏≠‡∏ö‡πÄ‡∏¢‡∏µ‡πà‡∏¢‡∏°,1
‡∏õ‡∏£‡∏∞‡∏™‡∏ö‡∏Å‡∏≤‡∏£‡∏ì‡πå‡∏Ñ‡∏•‡∏≠‡∏î‡∏•‡∏π‡∏Å ‡∏õ‡∏£‡∏∞‡∏ó‡∏±‡∏ö‡πÉ‡∏à‡∏°‡∏≤‡∏Å‡∏ó‡∏µ‡πà‡∏™‡∏∏‡∏î‡∏Ñ‡∏∑‡∏≠‡∏Ñ‡∏∏‡∏ì‡∏´‡∏°‡∏≠‡πÉ‡∏´‡πâ‡∏Ñ‡∏≥‡πÅ‡∏ô‡∏∞‡∏ô‡∏≥‡∏î‡∏µ ‡∏ï‡∏£‡∏á‡πÑ‡∏õ‡∏ï‡∏£‡∏á‡∏°‡∏≤ ‡∏ô‡∏∂‡∏Å‡∏ñ‡∏∂‡∏á‡πÉ‡∏à‡∏Ç‡∏≠‡∏á‡∏Ñ‡∏ô‡πÄ‡∏õ‡πá‡∏ô‡πÅ‡∏°‡πà‡∏°‡∏≤‡∏Å ‡πÄ‡∏•‡∏∑‡∏≠‡∏Å‡∏™‡∏¥‡πà‡∏á‡∏ó‡∏µ‡πà‡πÄ‡∏´‡∏°‡∏≤‡∏∞‡∏Å‡∏±‡∏ö‡πÄ‡∏£‡∏≤‡∏à‡∏£‡∏¥‡∏á‡πÜ‡πÑ‡∏°‡πà‡πÉ‡∏ä‡πà‡∏™‡∏¥‡πà‡∏á‡∏ó‡∏µ‡πà‡∏ï‡πâ‡∏≠‡∏á‡∏Å‡∏≤‡∏£‡∏Ç‡∏≤‡∏¢‡πÄ‡∏£‡∏≤ ‡∏™‡∏ñ‡∏≤‡∏ô‡∏ó‡∏µ‡πà‡πÅ‡∏•‡∏∞‡∏û‡∏¢‡∏≤‡∏ö‡∏≤‡∏•‡∏î‡∏µ‡∏Ñ‡πà‡∏∞ ‡πÄ‡∏õ‡πá‡∏ô‡∏´‡πà‡∏ß‡∏á‡πÄ‡∏õ‡πá‡∏ô‡πÉ‡∏¢‡∏ï‡∏•‡∏≠‡∏î,1
‡πÑ‡∏õ‡∏ú‡πà‡∏≤‡∏ï‡∏±‡∏î‡∏Ñ‡∏•‡∏≠‡∏î‡∏•‡∏π‡∏Å‡∏°‡∏≤‡πÄ‡∏°‡∏∑‡πà‡∏≠ ‡∏ß‡∏±‡∏ô‡∏ó‡∏µ‡πà 5 ‡∏°‡∏Ñ. 60 ‡∏ó‡∏µ‡πà‡∏ú‡πà‡∏≤‡∏ô‡∏°‡∏≤ ‡∏´‡∏ö‡∏±‡∏á‡∏à‡∏≤‡∏Å‡∏ú‡πà‡∏≤‡πÄ‡∏™‡∏£‡πá‡∏à‡∏Å‡πá‡πÑ‡∏õ‡∏≠‡∏ô‡∏π‡πà‡∏ó‡∏µ‡πà‡∏´‡πâ‡∏≠‡∏á‡∏û‡∏±‡∏Å ‡πÄ‡∏à‡πâ‡∏≤‡∏´‡∏ô‡πâ‡∏≤‡∏ó‡∏µ‡πà‡∏ó‡∏µ‡πà‡∏î‡∏π‡πÅ‡∏•‡πÉ‡∏´‡πâ‡∏Ñ‡∏ß‡∏≤‡∏°‡πÉ‡∏™‡πà‡πÉ‡∏à‡∏°‡∏≤‡∏Å ‡∏Ñ‡∏≠‡∏ô‡πÉ‡∏´‡πâ‡∏Å‡∏≥‡∏•‡∏±‡∏á‡πÉ‡∏à‡∏ï‡∏ö‡∏≠‡∏î ‡πÄ‡∏û‡∏£‡∏≤‡∏∞‡πÑ‡∏°‡πà‡∏°‡∏µ‡∏ô‡πâ‡∏≥‡∏ô‡∏°‡πÉ‡∏´‡πâ‡∏•‡∏π‡∏Å‡∏ó‡∏≤‡∏ô ‡πÄ‡∏à‡πâ‡∏≤‡∏´‡∏ô‡πâ‡∏≤‡∏ó‡∏µ‡πà‡∏Å‡πá‡∏û‡∏¢‡∏≤‡∏¢‡∏≤‡∏°‡πÉ‡∏´‡πâ‡∏•‡∏π‡∏Å‡∏°‡∏≤‡∏î‡∏π‡∏î‡∏Å‡∏£‡∏∞‡∏ï‡∏∏‡πâ‡∏ô‡∏ó‡∏∏‡∏Å 3 ‡∏ä‡∏°. ‡πÅ‡∏•‡∏∞‡πÄ‡∏ô‡∏∑‡πà‡∏≠‡∏á‡∏à‡∏≤‡∏Å‡∏¢‡∏±‡∏á‡πÉ‡∏™‡πà‡∏™‡∏≤‡∏¢‡∏™‡∏ß‡∏ô‡∏õ‡∏±‡∏™‡∏™‡∏≤‡∏ß‡∏∞‡∏≠‡∏¢‡∏π‡πà‡∏ó‡∏≥‡πÉ‡∏´‡πâ‡πÄ‡∏î‡∏¥‡∏ô‡πÑ‡∏°‡πà‡πÑ‡∏î‡πâ ‡πÄ‡∏à‡πâ‡∏≤‡∏´‡∏ô‡πâ‡∏≤‡∏ó‡∏µ‡πà‡∏Å‡πá‡∏Ñ‡∏≠‡∏¢‡∏û‡∏≤‡∏•‡∏π‡∏Å‡∏°‡∏≤‡∏™‡πà‡∏á‡πÉ‡∏´‡πâ‡∏ó‡∏∏‡∏Å 3 ‡∏ä‡∏°. ‡∏ä‡πà‡∏ß‡∏¢‡∏≠‡∏∏‡πâ‡∏°‡∏•‡∏π‡∏Å‡πÄ‡∏Ç‡πâ‡∏≤‡πÄ‡∏ï‡πâ‡∏≤‡∏ô‡∏°‡πÉ‡∏´‡πâ ‡∏Ñ‡∏≠‡∏¢‡∏î‡∏π‡πÅ‡∏• ‡πÅ‡∏•‡∏∞‡πÄ‡∏õ‡∏•‡∏µ‡πà‡∏¢‡∏ô‡∏ù‡∏±‡πà‡∏á‡πÉ‡∏´‡πâ ‡πÄ‡∏õ‡πá‡∏ô‡πÄ‡∏ß‡∏•‡∏≤ 2 ‡∏ß‡∏±‡∏ô ‡∏Å‡∏ß‡πà‡∏≤‡∏à‡∏∞‡πÄ‡∏î‡∏¥‡∏ô‡πÑ‡∏î‡πâ ‡πÅ‡∏ï‡πà‡∏ô‡πâ‡∏≥‡∏ô‡∏°‡∏Å‡πá‡∏¢‡∏±‡∏á‡πÑ‡∏°‡πà‡∏≠‡∏≠‡∏Å ‡πÄ‡∏à‡πâ‡∏≤‡∏´‡∏ô‡πâ‡∏≤‡∏ó‡∏µ‡πà‡∏Å‡πá‡∏Ñ‡∏≠‡∏¢‡∏°‡∏≤‡∏ï‡∏£‡∏ß‡∏à‡πÄ‡∏ä‡πá‡∏Ñ‡πÄ‡∏ï‡πâ‡∏≤‡∏ô‡∏°‡πÉ‡∏´‡πâ ‡∏°‡∏≤‡∏ä‡πà‡∏ß‡∏¢‡∏ö‡∏µ‡∏ö ‡∏ä‡πà‡∏ß‡∏¢‡πÉ‡∏´‡πâ‡∏Å‡∏≥‡∏•‡∏±‡∏á‡πÉ‡∏à ‡πÅ‡∏•‡∏∞‡πÅ‡∏ô‡∏∞‡∏ô‡∏≥‡∏Ñ‡∏ß‡∏≤‡∏°‡∏£‡∏π‡πâ‡πÄ‡∏Å‡∏µ‡πà‡∏¢‡∏ß‡∏Å‡∏±‡∏ö‡∏Å‡∏≤‡∏£‡∏™‡∏£‡πâ‡∏≤‡∏á‡∏ô‡πâ‡∏≥‡∏ô‡∏° ‡∏à‡∏ô‡∏ß‡∏±‡∏ô‡∏ó‡∏µ‡πà‡∏à‡∏∞‡∏≠‡∏≠‡∏Å‡∏à‡∏≤‡∏Å‡∏£.‡∏û. ‡∏ô‡πâ‡∏≥‡∏ô‡∏°‡∏ñ‡∏∂‡∏á‡∏°‡∏≤ ‡∏ï‡∏¥‡∏î‡∏Å‡πâ‡∏ô‡∏Ç‡∏ß‡∏î ‡πÄ‡∏à‡πâ‡∏≤‡∏´‡∏ô‡πâ‡∏≤‡∏ó‡∏µ‡πà‡∏Å‡πá‡∏°‡∏≤‡∏ï‡∏£‡∏ß‡∏à‡πÄ‡∏ä‡πá‡∏Ñ‡πÄ‡∏ï‡πâ‡∏≤‡∏ô‡∏°‡πÉ‡∏´‡πâ ‡∏û‡∏π‡∏î‡πÉ‡∏´‡πâ‡∏Å‡∏≥‡∏•‡∏±‡∏á‡πÉ‡∏à ‡∏ß‡πà‡∏≤‡∏°‡∏µ‡∏ô‡∏°‡πÉ‡∏´‡πâ‡∏•‡∏π‡∏Å‡∏ó‡∏≤‡∏ô‡πÅ‡∏•‡πâ‡∏ß‡∏ô‡∏∞ ‡∏û‡∏¢‡∏≤‡∏¢‡∏≤‡∏°‡πÉ‡∏´‡πâ‡∏•‡∏π‡∏Å‡∏î‡∏π‡∏î‡∏Å‡∏£‡∏∞‡∏ï‡∏∏‡πâ‡∏ô ‡∏û‡∏£‡πâ‡∏≠‡∏°‡πÉ‡∏´‡πâ‡∏´‡∏ô‡∏±‡∏á‡∏™‡∏∑‡∏≠ ‡∏°‡∏≤‡∏≠‡∏ò‡∏¥‡∏ö‡∏≤‡∏¢‡∏Å‡∏≤‡∏£‡πÄ‡∏•‡∏µ‡πâ‡∏¢‡∏á‡∏•‡∏π‡∏Å‡∏î‡πâ‡∏ß‡∏¢‡∏ô‡∏°‡πÅ‡∏°‡πà‡πÄ‡∏û‡∏¥‡πà‡∏°‡πÄ‡∏ï‡∏¥‡∏° ‡∏õ‡∏£‡∏∞‡∏ó‡∏±‡∏ö‡πÉ‡∏à‡∏°‡∏≤‡∏Å‡πÜ‡πÜ‡∏Ñ‡πà‡∏∞,1
‡πÄ‡∏õ‡πá‡∏ô‡∏Å‡∏≤‡∏£‡∏ö‡∏£‡∏¥‡∏Å‡∏≤‡∏£‡∏ó‡∏µ‡πà‡∏î‡∏µ‡πÄ‡∏≠‡∏≤‡πÉ‡∏à‡πÉ‡∏™‡πà‡∏î‡∏π‡πÅ‡∏•‡∏î‡∏µ‡∏ó‡∏∏‡∏Å‡∏≠‡∏¢‡πà‡∏≤‡∏á‡∏°‡∏µ‡∏Å‡∏≤‡∏ô‡∏ï‡πâ‡∏≠‡∏ô‡∏£‡∏±‡∏ö‡∏ó‡∏µ‡πà‡∏î‡∏µ‡∏°‡∏µ‡∏Å‡∏≤‡∏£‡∏™‡∏≠‡∏ö‡∏ñ‡∏≤‡∏°‡∏ï‡∏•‡∏≠‡∏î‡πÄ‡∏ß‡∏•‡∏≤‡πÄ‡∏≠‡∏≤‡πÉ‡∏à‡πÉ‡∏™‡πà‡∏°‡∏µ‡∏Ñ‡∏ß‡∏≤‡∏°‡πÄ‡∏õ‡πá‡∏ô‡∏´‡πà‡∏ß‡∏á,1
‡πÄ‡∏õ‡πá‡∏ô‡πÇ‡∏£‡∏á‡∏û‡∏¢‡∏≤‡∏ö‡∏≤‡∏•‡∏ó‡∏µ‡πà‡πÄ‡∏ô‡πâ‡∏ô‡∏Ñ‡∏∏‡∏ì‡∏†‡∏≤‡∏û‡∏Å‡∏≤‡∏£‡∏£‡∏±‡∏Å‡∏©‡∏≤‡πÅ‡∏•‡∏∞‡∏ö‡∏£‡∏¥‡∏Å‡∏≤‡∏£‡∏ó‡∏µ‡πà‡πÄ‡∏õ‡πá‡∏ô‡∏≠‡∏±‡∏ô‡∏î‡∏±‡∏ö‡∏´‡∏ô‡∏∂‡πà‡∏á‡πÉ‡∏ô‡∏õ‡∏£‡∏∞‡πÄ‡∏ó‡∏®‡πÑ‡∏ó‡∏¢‡∏Ñ‡πà‡∏∞ ‡∏Ñ‡∏ô‡πÉ‡∏ô‡∏Ñ‡∏£‡∏≠‡∏ö‡∏Ñ‡∏£‡∏±‡∏ß‡∏°‡∏≤‡∏£‡∏±‡∏Å‡∏©‡∏≤‡∏ó‡∏µ‡πà‡∏ô‡∏µ‡πà‡∏ö‡πà‡∏≠‡∏¢ ‡∏û‡∏ô‡∏±‡∏Å‡∏á‡∏≤‡∏ô‡∏ï‡∏•‡∏≠‡∏î‡∏à‡∏ô‡∏Ñ‡∏∏‡∏ì‡∏´‡∏°‡∏≠‡πÅ‡∏•‡∏∞‡∏û‡∏¢‡∏≤‡∏ö‡∏≤‡∏•‡∏°‡∏µ‡∏°‡∏≤‡∏£‡∏¢‡∏≤‡∏ó‡∏î‡∏µ‡∏°‡∏≤‡∏Å ‡πÄ‡∏Ñ‡∏¢‡∏ú‡πà‡∏≤‡∏ï‡∏±‡∏î‡∏•‡∏≥‡πÑ‡∏™‡πâ‡∏Ñ‡∏∏‡∏ì‡∏¢‡∏≤‡∏¢ ‡πÅ‡∏Ñ‡πà 5 ‡∏ô‡∏≤‡∏ó‡∏µ ‡πÄ‡∏™‡∏£‡πá‡∏ï ‡∏≠‡∏≠‡∏Å‡∏°‡∏≤‡∏¢‡∏≤‡∏¢‡∏î‡∏π‡∏ä‡∏¥‡∏•‡∏°‡∏≤‡∏Å ‡πÑ‡∏ß‡πâ‡∏ß‡∏≤‡∏á‡πÉ‡∏à‡∏ó‡∏µ‡πà‡∏ô‡∏µ‡πà‡∏°‡∏≤‡∏Å‡∏Ñ‡πà‡∏∞ ‡∏ñ‡πâ‡∏≤‡∏ï‡πâ‡∏≠‡∏á‡∏Å‡∏≤‡∏£‡∏à‡∏∞‡πÄ‡∏ã‡∏ü‡∏ä‡∏µ‡∏ß‡∏¥‡∏ï‡∏Ñ‡∏ô‡∏ó‡∏µ‡πà‡πÄ‡∏£‡∏≤‡∏£‡∏±‡∏Å ‡∏≠‡∏¢‡∏≤‡∏Å‡πÉ‡∏´‡πâ‡πÄ‡∏•‡∏∑‡∏≠‡∏î‡∏•‡∏á‡∏ó‡∏∏‡∏ô‡∏ó‡∏µ‡πà‡∏ô‡∏µ‡πà‡πÄ‡∏•‡∏¢‡∏Ñ‡πà‡∏∞ ‡∏£‡∏±‡∏ö‡∏£‡∏≠‡∏á‡∏ß‡πà‡∏≤‡πÑ‡∏°‡πà‡πÄ‡∏™‡∏µ‡∏¢‡∏Ñ‡∏ß‡∏≤‡∏°‡∏£‡∏π‡πâ‡∏™‡∏∂‡∏Å‡πÅ‡∏ô‡πà‡∏ô‡∏≠‡∏ô‡∏Ñ‡πà‡∏∞,1
‡∏≠‡∏±‡∏ô‡∏î‡∏±‡∏ö‡∏Ñ‡∏∑‡∏≠‡∏î‡πâ‡∏≤‡∏ô‡∏Å‡∏≤‡∏£‡∏£‡∏±‡∏Å‡∏©‡∏≤ ‡∏Ñ‡∏∏‡∏ì‡∏´‡∏°‡∏≠‡πÄ‡∏Å‡πà‡∏á‡∏Ñ‡πà‡∏∞  ‡∏ö‡∏£‡∏¥‡∏Å‡∏≤‡∏£‡∏î‡∏µ  ‡∏≠‡∏≤‡∏Ñ‡∏≤‡∏£‡∏™‡∏ñ‡∏≤‡∏ô‡∏ó‡∏µ‡πà‡∏™‡∏ß‡∏¢  ‡∏™‡∏∞‡∏≠‡∏≤‡∏î ‡∏°‡∏≤‡∏Å‡πÜ,1
‡∏ö‡∏£‡∏¥‡∏Å‡∏≤‡∏£‡∏î‡∏µ  ‡∏£‡∏ß‡∏î‡πÄ‡∏£‡πá‡∏ß  ‡πÅ‡∏ï‡πà‡πÅ‡∏û‡∏á,1
‡πÄ‡∏õ‡πá‡∏ô‡∏Ñ‡∏ô‡πÑ‡∏Ç‡πâ‡∏Ç‡∏≠‡∏á‡∏ó‡∏µ‡πà‡∏ô‡∏µ‡πà‡∏ï‡∏±‡πâ‡∏á‡πÅ‡∏ï‡πà‡πÄ‡∏£‡∏¥‡πà‡∏°‡∏ï‡∏±‡πâ‡∏á‡∏Ñ‡∏£‡∏£‡∏†‡πå ‡πÑ‡∏î‡πâ‡∏£‡∏±‡∏ö‡∏Å‡∏≤‡∏£‡∏î‡∏π‡πÅ‡∏•‡∏î‡∏µ‡∏°‡∏≤‡∏Å ‡∏ó‡∏±‡πâ‡∏á‡∏Ñ‡∏£‡∏≠‡∏ö‡∏Ñ‡∏£‡∏±‡∏ß‡∏ï‡∏±‡∏ß‡πÄ‡∏≠‡∏á‡πÅ‡∏•‡∏∞‡πÅ‡∏•‡∏∞‡∏Ç‡∏≠‡∏á‡∏û‡∏µ‡πà‡∏ô‡πâ‡∏≠‡∏á‡πÑ‡∏ä‡πâ‡∏ö‡∏£‡∏¥‡∏Å‡∏≤‡∏£‡∏ó‡∏µ‡πà‡∏ô‡∏µ‡πà ‡∏´‡∏°‡∏≠‡πÅ‡∏•‡∏∞‡∏û‡∏¢‡∏≤‡∏ö‡∏≤‡∏• ‡∏ö‡∏∏‡∏Ñ‡∏Ñ‡∏•‡∏≤‡∏Å‡∏£‡∏ó‡∏∏‡∏Å‡∏Ñ‡∏ô‡∏°‡∏µ‡∏Ñ‡∏ß‡∏≤‡∏°‡πÄ‡∏≠‡∏≤‡πÑ‡∏à‡πÑ‡∏™‡πà‡∏Ñ‡∏ô‡πÑ‡∏Ç‡πâ ‡πÄ‡∏ß‡∏•‡∏≤‡∏ó‡∏µ‡πà‡πÄ‡∏£‡∏≤‡πÄ‡∏à‡πá‡∏ö‡∏õ‡πà‡∏ß‡∏¢‡πÑ‡∏õ‡πÇ‡∏£‡∏á‡∏û‡∏¢‡∏≤‡∏ö‡∏≤‡∏• ‡∏™‡∏¥‡πà‡∏á‡∏ó‡∏µ‡πà‡∏≠‡∏¢‡∏≤‡∏Å‡πÑ‡∏î‡πâ‡∏Ñ‡∏∑‡∏≠‡∏Å‡∏≤‡∏£‡πÄ‡∏≠‡∏≤‡πÑ‡∏à‡πÑ‡∏™‡πà ‡πÄ‡∏´‡∏°‡∏∑‡∏≠‡∏ô‡πÄ‡∏£‡∏≤‡πÄ‡∏õ‡πá‡∏ô‡∏Ñ‡∏ô‡∏™‡∏≥‡∏Ñ‡∏±‡∏ç ‡πÄ‡∏û‡∏£‡∏≤‡∏∞‡∏Ñ‡∏ô‡πÄ‡∏£‡∏≤‡πÄ‡∏ß‡∏•‡∏≤‡∏õ‡πà‡∏ß‡∏¢‡∏à‡∏¥‡∏ï‡πÉ‡∏à‡∏°‡∏±‡∏Å‡∏≠‡∏≠‡πà‡∏ô‡πÅ‡∏≠ ‡∏Å‡∏≤‡∏£‡πÄ‡∏≠‡∏≤‡πÉ‡∏à‡πÑ‡∏™‡πà‡πÄ‡∏õ‡πá‡∏ô‡∏™‡∏¥‡πà‡∏á‡∏™‡∏≥‡∏Ñ‡∏±‡∏ç,1
‡∏£‡∏û ‡∏ö‡∏≥‡∏£‡∏∏‡∏á‡∏£‡∏≤‡∏©‡∏é‡∏£‡πå‡πÄ‡∏õ‡πá‡∏ô ‡∏£‡∏û ‡∏ó‡∏µ‡πà‡πÑ‡∏õ‡∏£‡∏±‡∏ö‡∏Å‡∏≤‡∏£‡∏£‡∏±‡∏Å‡∏©‡∏≤‡πÇ‡∏£‡∏Ñ‡πÄ‡∏õ‡πá‡∏ô‡πÇ‡∏£‡∏á‡∏û‡∏¢‡∏≤‡∏ö‡∏≤‡∏•‡∏´‡∏•‡∏±‡∏Å‡∏Ç‡∏≠‡∏á‡∏Ñ‡∏£‡∏≠‡∏ö‡∏Ñ‡∏£‡∏±‡∏ß‡∏°‡∏≤‡∏ô‡∏≤‡∏ô‡∏£‡πà‡∏ß‡∏° 30 ‡∏õ‡∏µ‡πÅ‡∏•‡πâ‡∏ß ‡πÇ‡∏î‡∏¢‡πÄ‡∏â‡∏û‡∏≤‡∏∞‡πÇ‡∏£‡∏Ñ‡πÄ‡∏ö‡∏≤‡∏´‡∏ß‡∏≤‡∏ô‡∏ó‡∏µ‡πà‡πÄ‡∏õ‡πá‡∏ô‡πÇ‡∏£‡∏Ñ‡πÄ‡∏£‡∏∑‡πâ‡∏≠‡∏£‡∏±‡∏á‡∏ã‡∏∂‡πà‡∏á‡∏ï‡πâ‡∏≠‡∏á‡∏°‡∏≤‡∏û‡∏ö‡πÅ‡∏û‡∏ó‡∏¢‡πå‡∏ó‡∏∏‡∏Å 3-4 ‡πÄ‡∏î‡∏∑‡∏≠‡∏ô‡πÄ‡∏û‡∏∑‡πà‡∏≠‡∏ó‡∏≥‡∏Å‡∏≤‡∏£‡∏ï‡∏£‡∏ß‡∏à‡πÄ‡∏•‡∏∑‡∏≠‡∏î‡πÅ‡∏•‡∏∞‡∏£‡∏±‡∏ö‡∏¢‡∏≤‡∏≠‡∏¢‡πà‡∏≤‡∏á‡∏ï‡πà‡∏≠‡πÄ‡∏ô‡∏∑‡πà‡∏≠‡∏á ‡πÑ‡∏î‡πâ‡∏ó‡∏≥‡∏Å‡∏≤‡∏£‡∏£‡∏±‡∏Å‡∏©‡∏≤‡∏°‡∏≤‡∏£‡πà‡∏ß‡∏° 4 ‡∏õ‡∏µ ‡∏•‡πà‡∏≤‡∏™‡∏∏‡∏î‡πÄ‡∏î‡∏∑‡∏≠‡∏ô‡∏ò‡∏±‡∏ô‡∏ß‡∏≤‡∏Ñ‡∏° 2559 ‡∏à‡∏≤‡∏Å‡∏ú‡∏•‡∏Å‡∏≤‡∏£‡∏ï‡∏£‡∏ß‡∏à‡πÄ‡∏•‡∏∑‡∏≠‡∏î ‡πÅ‡∏û‡∏ó‡∏¢‡πå‡πÑ‡∏î‡πâ‡πÅ‡∏ô‡∏∞‡∏ô‡∏≥‡πÉ‡∏´‡πâ‡πÑ‡∏õ‡∏û‡∏ö‡πÅ‡∏û‡∏ó‡∏¢‡πå‡πÅ‡∏ú‡∏ô‡∏Å‡πÑ‡∏ï ‡πÄ‡∏û‡∏£‡∏≤‡∏∞‡∏°‡∏µ‡∏Å‡∏≤‡∏£‡∏ö‡πà‡∏á‡∏ö‡∏≠‡∏Å‡∏ß‡πà‡∏≤ ‡πÑ‡∏ï‡∏ó‡∏≥‡∏á‡∏≤‡∏ô‡πÑ‡∏°‡πà‡∏Ñ‡πà‡∏≠‡∏¢‡∏î‡∏µ ‡πÅ‡∏•‡∏∞‡∏°‡∏µ‡∏Ñ‡πà‡∏≤‡πÅ‡∏Ñ‡∏•‡πÄ‡∏ã‡∏µ‡∏¢‡∏°‡∏≠‡∏≠‡∏Å‡∏ã‡∏≤‡πÄ‡∏•‡∏ó‡∏Ñ‡πà‡∏≠‡∏ô‡∏Ç‡πâ‡∏≤‡∏á‡∏™‡∏π‡∏á ‡∏ã‡∏∂‡πà‡∏á‡∏≠‡∏≤‡∏à‡∏°‡∏µ‡∏ú‡∏•‡πÉ‡∏´‡πâ‡πÄ‡∏Å‡∏¥‡∏î‡∏ô‡∏¥‡πà‡∏ß‡πÉ‡∏ô‡πÑ‡∏ï‡πÑ‡∏î‡πâ ‡πÄ‡∏°‡∏∑‡πà‡∏≠‡πÑ‡∏î‡πâ‡∏û‡∏ö‡πÅ‡∏û‡∏ó‡∏¢‡πå‡πÄ‡∏â‡∏û‡∏≤‡∏∞‡∏ó‡∏≤‡∏á‡πÅ‡∏ú‡∏ô‡∏Å‡πÑ‡∏ï ‡∏û‡∏ç.‡∏ô‡∏†‡∏¥‡∏™‡∏ß‡∏î‡∏µ ‡∏£‡∏π‡πâ‡∏™‡∏∂‡∏Å‡∏õ‡∏£‡∏∞‡∏ó‡∏±‡∏ö‡πÉ‡∏à‡∏Ñ‡∏∏‡∏ì‡∏´‡∏°‡∏≠‡∏°‡∏≤‡∏Å‡πÜ ‡∏Ñ‡∏∏‡∏ì‡∏´‡∏°‡∏≠‡∏≠‡∏ò‡∏¥‡∏ö‡∏≤‡∏¢‡πÅ‡∏•‡∏∞‡πÉ‡∏´‡πâ‡∏Ñ‡∏≥‡πÅ‡∏ô‡∏∞‡∏ô‡∏≥‡πÄ‡∏£‡∏∑‡πà‡∏≠‡∏á‡∏Å‡∏≤‡∏£‡∏î‡∏π‡πÅ‡∏•‡∏™‡∏∏‡∏Ç‡∏†‡∏≤‡∏û ‡∏Å‡∏≤‡∏£‡∏î‡∏∑‡πà‡∏°‡∏ô‡πâ‡∏≥‡πÉ‡∏´‡πâ‡πÄ‡∏´‡∏°‡∏≤‡∏∞‡∏™‡∏° ‡∏≠‡∏≤‡∏´‡∏≤‡∏£‡∏ï‡πà‡∏≤‡∏á‡πÜ‡∏ó‡∏µ‡πà‡∏ó‡∏≤‡∏ô‡πÑ‡∏î‡πâ‡∏´‡∏£‡∏∑‡∏≠‡∏≠‡∏≤‡∏´‡∏≤‡∏£‡∏≠‡∏∞‡πÑ‡∏£‡∏ó‡∏µ‡πà‡∏Ñ‡∏ß‡∏£‡∏´‡∏•‡∏µ‡∏Å‡πÄ‡∏•‡∏µ‡πà‡∏¢‡∏á‡∏≠‡∏¢‡πà‡∏≤‡∏á‡∏•‡∏∞‡πÄ‡∏≠‡∏µ‡∏¢‡∏î ‡πÅ‡∏•‡∏∞‡πÑ‡∏°‡πà‡∏£‡∏≥‡∏Ñ‡∏≤‡∏ç‡∏´‡∏£‡∏∑‡∏≠‡∏´‡∏á‡∏∏‡∏î‡∏´‡∏á‡∏¥‡∏î‡∏ó‡∏µ‡πà‡∏Ñ‡∏ô‡πÑ‡∏Ç‡πâ‡∏≠‡∏¢‡πà‡∏≤‡∏á‡πÄ‡∏£‡∏≤‡∏ñ‡∏≤‡∏°‡∏à‡∏∏‡∏Å‡∏à‡∏¥‡∏Å‡∏•‡∏∞‡πÄ‡∏≠‡∏µ‡∏¢‡∏î ‡∏Ñ‡∏∏‡∏ì‡∏´‡∏°‡∏≠‡∏≠‡∏ò‡∏¥‡∏ö‡∏≤‡∏¢‡πÅ‡∏•‡∏∞‡∏Ñ‡∏∏‡∏¢‡∏û‡∏£‡πâ‡∏≠‡∏°‡∏Å‡∏±‡∏ö‡∏¢‡∏¥‡πâ‡∏°‡πÑ‡∏õ‡∏ï‡∏•‡∏≠‡∏î‡∏Å‡∏≤‡∏£‡∏™‡∏ô‡∏ó‡∏ô‡∏≤‡∏≠‡∏¢‡πà‡∏≤‡∏á‡πÄ‡∏õ‡πá‡∏ô‡∏Å‡∏±‡∏ô‡πÄ‡∏≠‡∏á‡∏ó‡∏±‡πâ‡∏á‡πÜ‡∏ó‡∏µ‡πà‡πÄ‡∏û‡∏¥‡πà‡∏á‡∏û‡∏ö‡∏Å‡∏±‡∏ô‡∏Ñ‡∏£‡∏±‡πâ‡∏á‡πÅ‡∏£‡∏Å ‡πÅ‡∏•‡∏∞‡∏Ñ‡∏∏‡∏ì‡∏´‡∏°‡∏≠‡πÅ‡∏ô‡∏∞‡∏ô‡∏≥‡πÉ‡∏´‡πâ‡πÄ‡∏Å‡πá‡∏ö‡∏õ‡∏±‡∏™‡∏™‡∏≤‡∏ß‡∏∞‡πÅ‡∏ö‡∏ö 24 ‡∏ä.‡∏°.‡πÄ‡∏û‡∏∑‡πà‡∏≠‡∏ó‡∏≥‡∏Å‡∏≤‡∏£‡∏ï‡∏£‡∏ß‡∏à‡∏ß‡∏¥‡πÄ‡∏Ñ‡∏£‡∏≤‡∏∞‡∏´‡πå‡∏≠‡∏¢‡πà‡∏≤‡∏á‡∏•‡∏∞‡πÄ‡∏≠‡∏µ‡∏¢‡∏î‡πÄ‡∏û‡∏∑‡πà‡∏≠‡πÉ‡∏´‡πâ‡πÑ‡∏î‡πâ‡∏ú‡∏•‡∏ï‡∏£‡∏ß‡∏à‡∏ó‡∏µ‡πà‡∏ä‡∏±‡∏î‡πÄ‡∏à‡∏ô ‡πÅ‡∏•‡∏∞‡∏°‡∏µ‡∏Å‡∏≤‡∏£‡∏ô‡∏±‡∏î‡πÅ‡∏û‡∏ó‡∏¢‡πå‡∏Ñ‡∏£‡∏±‡πâ‡∏á‡∏ï‡πà‡∏≠‡πÜ‡πÑ‡∏õ‡πÄ‡∏û‡∏∑‡πà‡∏≠‡∏ü‡∏±‡∏á‡∏ú‡∏•‡πÅ‡∏•‡∏∞‡∏£‡∏±‡∏Å‡∏©‡∏≤‡∏≠‡∏¢‡πà‡∏≤‡∏á‡∏ï‡πà‡∏≠‡πÄ‡∏ô‡∏∑‡πà‡∏≠‡∏á ‡∏Ñ‡∏£‡∏≠‡∏ö‡∏Ñ‡∏£‡∏±‡∏ß‡∏£‡∏π‡πâ‡∏™‡∏∂‡∏Å‡∏õ‡∏£‡∏∞‡∏ó‡∏±‡∏ö‡πÉ‡∏à‡∏Ñ‡∏∏‡∏ì‡∏´‡∏°‡∏≠‡∏°‡∏≤‡∏Å‡πÜ ‡∏ó‡∏≥‡πÉ‡∏´‡πâ‡∏™‡∏ö‡∏≤‡∏¢‡πÉ‡∏à‡πÅ‡∏•‡∏∞‡∏≠‡∏ö‡∏≠‡∏∏‡πà‡∏ô‡πÉ‡∏à‡∏ó‡∏µ‡πà‡∏°‡∏µ‡∏Ñ‡∏∏‡∏ì‡∏´‡∏°‡∏≠‡∏Ñ‡∏≠‡∏¢‡∏î‡∏π‡πÅ‡∏•‡πÅ‡∏•‡∏∞‡∏£‡∏±‡∏Å‡∏©‡∏≤‡πÉ‡∏´‡πâ‡∏Ñ‡πà‡∏∞ ‡∏ñ‡∏∑‡∏≠‡∏ß‡πà‡∏≤‡πÄ‡∏õ‡πá‡∏ô‡∏Ñ‡∏ß‡∏≤‡∏°‡∏õ‡∏£‡∏∞‡∏ó‡∏±‡∏ö‡πÉ‡∏à‡∏ó‡∏µ‡πà‡∏™‡∏∏‡∏î‡∏≠‡∏¢‡πà‡∏≤‡∏á‡∏´‡∏ô‡∏∂‡πà‡∏á‡πÉ‡∏ô‡∏õ‡∏µ 2559 ‡∏Ç‡∏≠‡∏á‡∏Ñ‡∏£‡∏≠‡∏ö‡∏Ñ‡∏£‡∏±‡∏ß‡πÄ‡∏£‡∏≤‡∏Ñ‡πà‡∏∞,1
"‡∏£‡∏∞‡∏ö‡∏ö‡∏Ñ‡∏≠‡∏•‡∏•‡πÄ‡∏ã‡∏ô‡πÄ‡∏ï‡∏≠‡∏£ ‡∏î‡∏µ ‡∏£‡∏ß‡∏î‡πÄ‡∏£‡∏ß ‡∏û‡∏∏‡∏î‡πÑ‡∏û‡πÄ‡∏£‡∏≤‡∏∞ ‡∏°‡∏µ‡∏Ñ‡∏ß‡∏≤‡∏°‡∏£‡∏∏‡πâ‡∏î‡πâ‡∏≤‡∏ô‡∏Å‡∏≤‡∏£‡∏û‡∏¢‡∏≤‡∏ö‡∏≤‡∏• ‡πÑ‡∏°‡πà‡πÉ‡∏ä‡πà‡∏°‡∏µ‡∏´‡∏ô‡πâ‡∏≤‡∏£‡∏±‡∏ö‡πÇ‡∏ó‡∏£‡∏®‡∏±‡∏û‡∏ó‡πå‡πÄ‡∏ó‡πà‡∏≤‡∏ô‡∏±‡πâ‡∏ô
‡∏°‡∏µ‡∏Å‡∏≤‡∏£‡∏õ‡∏£‡∏∞‡πÄ‡∏°‡∏¥‡∏ô‡∏Å‡∏≤‡∏£‡πÉ‡∏´‡πâ‡∏ö‡∏£‡∏¥‡∏Å‡∏≤‡∏£
‡∏Å‡∏≤‡∏£‡∏ó‡∏≥‡∏á‡∏≤‡∏ô‡πÉ‡∏ô‡∏™‡πà‡∏ß‡∏ô‡∏≠‡∏∑‡πà‡∏ô‡∏à‡∏±‡∏î‡∏ß‡πà‡∏≤‡∏î‡∏µ ‡∏£‡∏ß‡∏î‡πÄ‡∏£‡∏ß ‡∏ó‡∏µ‡πà‡∏™‡∏≥‡∏Ñ‡∏±‡∏ç ‡∏°‡∏µ‡πÅ‡∏û‡∏ó‡∏¢‡πå‡∏ó‡∏µ‡πà‡∏°‡∏µ‡∏Ñ‡∏∏‡∏ì‡∏†‡∏≤‡∏û",1
‡∏ö‡∏£‡∏£‡∏¢‡∏≤‡∏Å‡∏≤‡∏®‡∏î‡∏µ ‡∏ö‡∏£‡∏¥‡∏Å‡∏≤‡∏£‡∏î‡∏µ‡∏°‡∏≤‡∏Å ‡∏°‡∏µ‡∏≠‡∏∏‡∏õ‡∏Å‡∏£‡∏ì‡πå‡∏ó‡∏≤‡∏á‡∏Å‡∏≤‡∏£‡πÅ‡∏û‡∏ó‡∏¢‡πå‡∏ó‡∏µ‡πà‡∏ó‡∏±‡∏ô‡∏™‡∏°‡∏±‡∏¢,1
‡∏ó‡∏±‡πâ‡∏á 2 ‡∏£‡∏û. ‡πÑ‡∏°‡πà‡πÅ‡∏ï‡∏Å‡∏ï‡πà‡∏≤‡∏á‡∏Å‡∏±‡∏ô‡πÄ‡∏£‡∏¥‡πà‡∏°‡∏ï‡∏±‡πâ‡∏á‡πÅ‡∏ï‡πà ‡∏£‡∏õ‡∏†. ‡πÅ‡∏°‡πà‡∏ö‡πâ‡∏≤‡∏ô. ‡πÄ‡∏Ñ‡∏≤‡∏£‡πå‡πÄ‡∏ï‡∏≠‡∏£‡πå ‡∏û‡∏¢‡∏≤‡∏ö‡∏≤‡∏•‡πÅ‡∏•‡∏∞‡∏´‡∏°‡∏≠. ‡∏ú‡∏°‡πÄ‡∏Ç‡πâ‡∏≤‡πÉ‡∏à‡πÄ‡∏•‡∏¢‡∏ß‡πà‡∏≤‡πÅ‡∏ï‡πà‡∏•‡∏∞‡∏Ñ‡∏ô‡∏Ñ‡∏∑‡∏≠‡∏Ñ‡∏ô‡∏ó‡∏µ‡πà‡∏ó‡∏≥‡∏á‡∏≤‡∏ô‡∏´‡∏ô‡∏±‡∏Å‡∏°‡∏≤‡∏Å ‡∏ô‡∏≠‡∏ô‡∏ô‡πâ‡∏≠‡∏¢. ‡πÅ‡∏•‡∏∞‡πÅ‡∏ö‡∏Å‡∏£‡∏±‡∏ö‡∏Ñ‡∏ß‡∏≤‡∏°‡∏≠‡∏∂‡∏î‡∏≠‡∏±‡∏î ‡∏Ñ‡∏ß‡∏≤‡∏°‡∏Å‡∏î‡∏î‡∏±‡∏ô‡∏Ç‡∏≠‡∏á‡∏ä‡∏µ‡∏ß‡∏¥‡∏ï‡∏Ñ‡∏ô‡∏≠‡∏∑‡πà‡∏ô ‡πÅ‡∏•‡∏∞‡∏Ñ‡∏ß‡∏≤‡∏°‡∏£‡πç‡πâ‡∏™‡∏∂‡∏Å‡∏ó‡∏µ‡πà‡∏ö‡∏≤‡∏á‡∏≠‡∏¢‡πà‡∏≤‡∏á‡∏Å‡πá‡∏ï‡πâ‡∏≠‡∏á‡∏¢‡∏≠‡∏°‡πÄ‡∏™‡∏µ‡∏¢‡πÄ‡∏û‡∏£‡∏≤‡∏∞‡∏≠‡∏î‡∏ó‡∏ô‡πÑ‡∏°‡πà‡πÑ‡∏î‡πâ‡∏ï‡πà‡∏≠‡∏™‡∏¥‡πà‡∏á‡∏ó‡∏µ‡πà‡∏≠‡∏¢‡∏π‡πà‡∏ï‡∏£‡∏á‡∏´‡∏ô‡πâ‡∏≤. ‡∏ú‡∏°‡πÄ‡∏´‡πá‡∏ô‡∏£‡∏≠‡∏¢‡∏¢‡∏¥‡πâ‡∏° ‡πÅ‡∏•‡∏∞‡∏Å‡∏≤‡∏£‡∏ó‡∏±‡∏Å‡∏ó‡∏≤‡∏¢. ‡πÄ‡∏Ñ‡∏¢‡πÄ‡∏à‡∏≠‡πÄ‡∏´‡∏ï‡∏∏‡∏Å‡∏≤‡∏£‡∏ì‡πå‡∏ó‡∏µ‡πà‡πÑ‡∏°‡πà‡πÇ‡∏≠‡πÄ‡∏Ñ‡πÄ‡∏•‡∏¢. ‡∏Å‡πá‡∏°‡∏µ‡∏Å‡∏≤‡∏£‡∏™‡πà‡∏á‡∏Ç‡πâ‡∏≠‡∏Ñ‡∏ß‡∏≤‡∏°‡πÑ‡∏õ‡∏ó‡∏≤‡∏á‡πÄ‡∏ß‡πá‡∏ö. ‡πÑ‡∏î‡πâ‡∏£‡∏±‡∏ö‡∏Å‡∏≤‡∏£‡πÅ‡∏Å‡πâ‡πÑ‡∏Ç‡∏ó‡∏µ‡πà‡∏£‡∏ß‡∏î‡πÄ‡∏£‡πá‡∏ß‡πÅ‡∏•‡∏∞‡πÄ‡∏õ‡∏•‡∏µ‡πà‡∏¢‡∏ô‡πÅ‡∏õ‡∏•‡∏á‡πÅ‡∏ö‡∏ö‡∏ó‡∏±‡∏ô‡∏ó‡∏µ‡∏à‡∏ô‡∏ï‡∏Å‡πÉ‡∏à. ‡∏Å‡∏≤‡∏£‡πÉ‡∏™‡πà‡πÉ‡∏à‡πÄ‡∏£‡∏∑‡πà‡∏≠‡∏á‡∏¢‡∏≤ ‡πÅ‡∏•‡∏∞‡πÄ‡∏ß‡∏•‡∏≤‡∏£‡∏≠‡∏ï‡∏£‡∏ß‡∏à‡∏£‡∏≠‡∏¢‡∏≤ ‡πÄ‡∏à‡πâ‡∏≤‡∏´‡∏ô‡πâ‡∏≤‡∏ó‡∏µ‡πà ‡∏ó‡∏±‡πâ‡∏á‡∏ó‡∏µ‡πà‡∏á‡∏≤‡∏ô‡∏•‡πâ‡∏ô‡∏°‡∏∑‡∏≠ ‡πÅ‡∏ï‡πà‡∏Å‡∏•‡∏±‡∏ö‡πÄ‡∏î‡∏¥‡∏ô‡∏°‡∏≤‡∏´‡∏≤‡πÅ‡∏•‡πâ‡∏ß‡∏™‡∏≠‡∏ö‡∏ñ‡∏≤‡∏°‡∏ó‡∏∏‡∏Å‡∏Ñ‡∏£‡∏±‡πâ‡∏á‡πÄ‡∏û‡∏£‡∏≤‡∏∞‡πÄ‡∏´‡πá‡∏ô‡πÄ‡∏£‡∏≤‡∏ô‡∏±‡πà‡∏á‡∏£‡∏≠‡∏ô‡∏≤‡∏ô. ‡∏ö‡∏≤‡∏á‡∏ó‡∏µ‡∏•‡∏∑‡∏°. ‡∏ö‡∏≤‡∏á‡∏ó‡∏µ‡∏°‡∏∂‡∏ô ‡πÄ‡∏†‡∏™‡∏±‡∏ä‡∏à‡∏∞‡∏™‡∏±‡∏á‡πÄ‡∏Å‡∏ï‡∏∏‡∏û‡∏§‡∏ï‡∏¥‡∏Å‡∏£‡∏£‡∏°‡∏Ç‡∏≠‡∏á‡πÄ‡∏£‡∏≤‡πÅ‡∏•‡πâ‡∏ß‡∏Ñ‡∏≠‡∏¢‡∏¢‡πâ‡∏≥‡∏Ñ‡∏≠‡∏¢‡πÄ‡∏ï‡∏∑‡∏≠‡∏ô ‡∏ö‡∏≤‡∏á‡∏Ñ‡∏£‡∏±‡πâ‡∏á‡∏°‡∏µ‡πÇ‡∏ó‡∏£‡∏°‡∏≤‡∏´‡∏≤‡πÄ‡∏û‡∏£‡∏≤‡∏∞‡πÄ‡∏£‡∏≤‡πÅ‡∏û‡πâ‡∏¢‡∏≤‡πÅ‡∏•‡∏∞‡∏ö‡∏≤‡∏á‡∏ó‡∏µ‡∏Å‡πá‡πÑ‡∏°‡πà‡∏°‡∏µ‡∏™‡∏ï‡∏¥ ‡∏™‡∏¥‡∏ó‡∏ò‡∏¥‡πå‡∏ó‡∏µ‡πà‡πÉ‡∏ä‡πâ‡∏Å‡πá‡∏õ‡∏£‡∏∞‡∏Å‡∏±‡∏ô‡∏™‡∏±‡∏á‡∏Ñ‡∏° ‡πÅ‡∏ï‡πà‡πÄ‡∏Ç‡∏≤‡∏Å‡πá‡∏î‡∏π‡πÅ‡∏•‡πÄ‡∏£‡∏≤‡πÑ‡∏î‡πâ‡∏™‡∏∏‡∏î‡πÜ ‡∏ó‡∏∏‡∏Å‡∏ß‡∏±‡∏ô‡∏ô‡∏µ‡πâ‡∏Å‡∏•‡∏±‡∏ö‡πÑ‡∏õ‡πÄ‡∏¢‡∏µ‡πà‡∏¢‡∏°‡∏´‡∏≤‡∏ï‡∏•‡∏≠‡∏î‡πÅ‡∏°‡πâ‡∏à‡∏∞‡∏ï‡πâ‡∏≠‡∏á‡∏¢‡πâ‡∏≤‡∏¢‡∏™‡∏ñ‡∏≤‡∏ô‡∏ó‡∏µ‡πà‡πÄ‡∏û‡∏£‡∏≤‡∏∞‡∏•‡∏∑‡∏°‡∏û‡∏ß‡∏Å‡πÄ‡∏Ç‡∏≤‡πÑ‡∏°‡πà‡∏•‡∏á‡∏à‡∏£‡∏¥‡∏á‡πÜ,1
‡∏£‡∏π‡πâ‡∏™‡∏∂‡∏Å‡∏ó‡∏µ‡πà‡∏ô‡∏µ‡πà‡∏à‡∏∞‡πÄ‡∏ô‡πâ‡∏ô‡πÑ‡∏õ‡∏Å‡∏±‡∏ö‡∏Å‡∏≤‡∏£‡∏£‡∏±‡∏Å‡∏©‡∏≤‡∏ä‡∏≤‡∏ß‡∏ï‡πà‡∏≤‡∏á‡∏ä‡∏≤‡∏ï‡∏¥‡∏°‡∏≤‡∏Å‡∏Ç‡∏∂‡πâ‡∏ô‡∏Ñ‡πà‡∏∞ ‡πÅ‡∏ï‡πà‡∏Å‡πá‡∏¢‡∏±‡∏á‡πÄ‡∏´‡πá‡∏ô‡∏ß‡πà‡∏≤‡∏°‡∏µ‡∏Ñ‡∏∏‡∏ì‡∏´‡∏°‡∏≠‡∏ó‡∏µ‡πà‡∏¢‡∏±‡∏á‡∏°‡∏µ‡∏Ñ‡∏∏‡∏ì‡∏†‡∏≤‡∏û‡∏≠‡∏¢‡∏π‡πà‡∏ö‡πâ‡∏≤‡∏á (‡πÅ‡∏ï‡πà‡πÑ‡∏°‡πà‡∏°‡∏≤‡∏Å‡πÄ‡∏ó‡πà‡∏≤‡∏ñ‡πâ‡∏≤‡πÄ‡∏ó‡∏µ‡∏¢‡∏ö‡∏Å‡∏±‡∏ö ‡∏£‡∏û. ‡∏ó‡∏µ‡πà‡∏≠‡∏∑‡πà‡∏ô) ‡πÄ‡∏Ñ‡∏¢‡πÑ‡∏õ‡∏´‡∏≤‡∏Ñ‡∏∏‡∏ì‡∏´‡∏°‡∏≠‡∏™‡∏π‡∏ï‡∏¥‡∏ó‡πà‡∏≤‡∏ô‡∏´‡∏ô‡∏∂‡πà‡∏á‡πÄ‡∏û‡∏∑‡πà‡∏≠‡∏ï‡∏£‡∏ß‡∏à‡πÄ‡∏£‡∏∑‡πà‡∏≠‡∏á‡∏õ‡∏£‡∏∞‡∏à‡∏≥‡πÄ‡∏î‡∏∑‡∏≠‡∏ô‡∏°‡∏≤‡πÅ‡∏ö‡∏ö‡πÑ‡∏°‡πà‡∏õ‡∏Å‡∏ï‡∏¥ ‡∏Ñ‡∏∏‡∏ì‡∏´‡∏°‡∏≠‡∏à‡∏±‡∏ö‡πÄ‡∏£‡∏≤‡∏™‡πà‡∏á‡∏ó‡∏≥ test ‡∏´‡∏•‡∏≤‡∏¢‡∏ï‡∏±‡∏ß‡∏°‡∏≤‡∏Å ‡πÅ‡∏•‡∏∞‡πÄ‡∏°‡∏∑‡πà‡∏≠‡πÄ‡∏£‡∏≤‡∏Å‡∏•‡∏±‡∏ö‡∏°‡∏≤‡∏´‡∏≤‡∏£‡∏≠‡∏ö‡∏ó‡∏µ‡πà 2 ‡πÅ‡∏ï‡πà‡∏Å‡∏•‡∏±‡∏ö‡πÑ‡∏î‡πâ‡πÄ‡∏à‡∏≠‡∏Ñ‡∏∏‡∏ì‡∏´‡∏°‡∏≠‡∏≠‡∏µ‡∏Å‡∏ó‡πà‡∏≤‡∏ô ‡∏ó‡πà‡∏≤‡∏ô‡∏ô‡∏µ‡πâ‡∏ö‡∏≠‡∏Å‡∏ß‡πà‡∏≤ ‡∏≠‡πâ‡∏≤‡∏ß‡∏ó‡∏≥‡πÑ‡∏°‡∏ï‡πâ‡∏≠‡∏á‡∏ó‡∏≥‡∏ï‡∏±‡πâ‡∏á‡∏´‡∏•‡∏≤‡∏¢‡∏ï‡∏±‡∏ß ‡∏°‡∏±‡∏ô‡πÑ‡∏°‡πà‡πÄ‡∏Å‡∏µ‡πà‡∏¢‡∏ß‡∏Å‡∏±‡∏ô‡πÄ‡∏•‡∏¢ ‡πÄ‡∏£‡∏≤‡πÄ‡∏ã‡πá‡∏á‡∏°‡∏≤‡∏Å‡∏Ñ‡πà‡∏∞ ‡πÑ‡∏°‡πà‡∏Ñ‡∏¥‡∏î‡∏à‡∏∞‡∏Å‡∏•‡∏±‡∏ö‡πÑ‡∏õ‡∏´‡∏≤‡∏´‡∏°‡∏≠‡∏™‡∏π‡∏ï‡∏¥‡∏Ñ‡∏ô‡πÄ‡∏î‡∏¥‡∏° ‡πÄ‡∏•‡∏¢‡∏õ‡∏£‡∏∂‡∏Å‡∏©‡∏≤‡∏Ñ‡∏∏‡∏ì‡∏´‡∏°‡∏≠‡∏Ñ‡∏ô‡∏ó‡∏µ‡πà‡∏™‡∏≠‡∏á ‡∏Ç‡∏≠‡∏≠‡∏ô‡∏∏‡∏ç‡∏≤‡∏ï‡∏¥‡πÄ‡∏≠‡πà‡∏¢‡∏ô‡∏≤‡∏°‡∏ô‡∏∞‡∏Ñ‡∏∞ ‡∏Ñ‡∏∏‡∏ì‡∏´‡∏°‡∏≠‡∏¢‡∏∏‡∏Ñ ‡∏ó‡πà‡∏≤‡∏ô‡∏ô‡πà‡∏≤‡∏£‡∏±‡∏Å‡∏°‡∏≤‡∏Å‡πÜ‡∏Ñ‡πà‡∏∞ ‡πÉ‡∏´‡πâ‡∏Ñ‡∏≥‡πÅ‡∏ô‡∏∞‡∏ô‡∏≥‡πÅ‡∏•‡∏∞‡∏Ç‡πâ‡∏≠‡∏ß‡∏¥‡∏ô‡∏¥‡∏à‡∏â‡∏±‡∏¢‡∏ä‡∏±‡∏î‡πÄ‡∏à‡∏ô‡∏°‡∏≤‡∏Å‡∏Ñ‡πà‡∏∞ ‡∏ñ‡πâ‡∏≤‡∏†‡∏≤‡∏û‡∏£‡∏ß‡∏°‡∏ô‡∏±‡πâ‡∏ô‡∏¢‡∏±‡∏á‡∏ñ‡∏∑‡∏≠‡∏ß‡πà‡∏≤‡πÇ‡∏≠‡πÄ‡∏Ñ‡∏≠‡∏¢‡∏π‡πà‡∏Ñ‡πà‡∏∞ ‡∏õ‡∏£‡∏∞‡∏ó‡∏±‡∏ö‡πÉ‡∏à‡∏Ñ‡∏∏‡∏ì‡∏´‡∏°‡∏≠‡∏¢‡∏∏‡∏Ñ‡∏°‡∏≤‡∏Å‡πÜ‡∏Ñ‡πà‡∏∞,1
‡∏ï‡∏≠‡∏ô‡πÅ‡∏£‡∏Å‡∏ô‡∏∂‡∏Å‡∏ß‡πà‡∏≤‡πÄ‡∏õ‡πá‡∏ô‡∏î‡∏π‡πÑ‡∏ö‡πÅ‡∏•‡∏ô‡∏î‡πå‡∏Ñ‡∏£‡∏±‡∏ö‡∏ú‡∏°‡πÄ‡∏•‡∏∑‡∏≠‡∏Å‡πÑ‡∏õ‡∏õ‡∏£‡∏∂‡∏Å‡∏©‡∏≤‡∏ó‡∏µ‡πà‡∏ô‡∏µ‡πà‡∏ï‡∏≠‡∏ô‡πÄ‡∏î‡πá‡∏Å‡∏Å‡∏ß‡πà‡∏≤‡∏ô‡∏µ‡πâ ‡∏£‡∏π‡πâ‡∏™‡∏∂‡∏Å‡πÄ‡∏î‡∏µ‡πã‡∏¢‡∏ß‡∏ô‡∏µ‡πâ‡∏ó‡∏µ‡πà‡∏ô‡∏µ‡πà‡πÑ‡∏°‡πà‡∏Ñ‡πà‡∏≠‡∏¢‡∏î‡∏π‡πÅ‡∏•‡∏Ñ‡∏ô‡πÑ‡∏ó‡∏¢‡∏î‡∏µ‡πÄ‡∏ó‡πà‡∏≤‡∏ä‡∏≤‡∏ï‡∏¥‡∏≠‡∏∑‡πà‡∏ô‡∏Ñ‡∏£‡∏±‡∏ö ‡πÑ‡∏°‡πà‡∏ó‡∏£‡∏≤‡∏ö‡∏ú‡∏°‡∏Ñ‡∏¥‡∏î‡πÑ‡∏õ‡πÄ‡∏≠‡∏á‡∏£‡∏∂‡∏õ‡πà‡∏≤‡∏ß ‡πÅ‡∏ï‡πà‡∏™‡∏±‡∏á‡πÄ‡∏Å‡∏ï‡∏ô‡∏≤‡∏á‡∏û‡∏¢‡∏≤‡∏ö‡∏≤‡∏•‡∏ó‡∏µ‡πà‡∏ô‡∏µ‡πà‡∏Å‡πá‡πÑ‡∏°‡πà‡∏Ñ‡πà‡∏≠‡∏¢‡πÄ‡∏õ‡πá‡∏ô‡∏°‡∏¥‡∏ï‡∏£‡∏°‡∏≤‡∏Å‡∏Ñ‡∏£‡∏±‡∏ö ‡πÄ‡∏Ñ‡∏¢‡∏û‡∏≤‡∏†‡∏£‡∏£‡∏¢‡∏≤‡πÑ‡∏õ‡∏´‡∏≤‡∏´‡∏°‡∏≠‡∏Ñ‡∏£‡∏±‡πâ‡∏á‡∏ô‡∏∂‡∏á‡∏Ñ‡∏£‡∏±‡∏ö ‡∏£‡∏≠‡∏ô‡∏≤‡∏ô‡∏°‡∏≤‡∏Å‡πÜ‡∏ó‡∏±‡πâ‡∏á‡∏ó‡∏µ‡πà‡πÑ‡∏õ‡∏ñ‡∏∂‡∏á‡∏Å‡πà‡∏≠‡∏ô‡∏Ñ‡∏ô‡πÅ‡∏£‡∏Å‡πÜ‡πÅ‡∏ï‡πà‡∏ä‡∏≤‡∏ß‡∏ï‡πà‡∏≤‡∏á‡∏ä‡∏≤‡∏ï‡∏¥‡∏ó‡∏µ‡πà‡∏õ‡∏¥‡∏î‡∏´‡∏ô‡πâ‡∏≤ ‡∏°‡∏≤‡∏ñ‡∏∂‡∏á‡∏õ‡∏∏‡πä‡∏ö ‡∏£‡∏≠‡πÑ‡∏°‡πà‡∏ô‡∏≤‡∏ô‡πÄ‡∏Ç‡πâ‡∏≤‡∏ó‡∏±‡∏ô‡∏ó‡∏µ‡∏Ñ‡∏£‡∏±‡∏ö ‡∏ú‡∏°‡πÑ‡∏°‡πà‡∏Ñ‡πà‡∏≠‡∏¢‡∏õ‡∏£‡∏∞‡∏ó‡∏±‡∏ö‡πÉ‡∏à‡πÄ‡∏•‡∏¢‡∏Ñ‡∏£‡∏±‡∏ö,0
