reviews,ratings,reviews_en
เป็นโรงพยาบาลที่ดีมากมารยาทการดี มีความเอาใจใส่คนไข้ หมอเก่งมาก. พยาบาลไม่ทำสีหน้ารำคาญค่ะ โรงอาหาร สะอาด ดีมากค่ะในส่วนของแผนกสูนตินารี ในเรื่องบองวัคซีนแลเรื่องภูมิแพ้ในเด็กตรวจละเอียด รักษาที่นี่หายที่นี่ มีการเอกซเรย์ผ่านเครื่องมือทันสมัย ผู้เชี่ยวชาญพูดเพราะเป็นกันเองลูกชายได้นอนโรงพยาบาลรักษาตัวที่นี่มีส่วนลดอาหารอร่อยมากค่ะ พยาบาลสดใสมีของเล่นเอาใจเด็ก,1,"Hospitals are very well behaved. There's a very good doctor patient. Nurses do not bother me face cafeteria clean, very good in front of the Immaculate missionary diameter. The Banco vaccine and the detection of allergies in children. This treatment is here The X-ray machines through modern Experts say it is a friendly boy was admitted to hospital here is very special food. Nursing bright toys those children"
รู้สึกได้รับความรู้จากบทความนี้มากๆครับ และสามารถนำไปใช้เป็นประโยชน์ในชีวิตประจำวันได้ เหมาะสมกับผู้อาจทุกเพศทุกวัย ผู้อ่านสามารถเข้าใจในบทความได้ง่าย เพราะบทความด้านการแพทย์จากโรงพยาบาลเป็นศัพท์ที่เข้าใจง่าย ไม่ซับซ้อนครับ ผมจะช่วยชี้แนะและบอกกล่าวความรู้นี้ต่อครับ และก็ส่วนตัวใช้บริการที่นี่มาหลายครั้งครับ ทำให้ไว้วางใจในการใช้บริการครับ,1,"I gained knowledge from this article very much. And can be applied in everyday life. It may fit all ages. In the article, readers can understand easily. This article from the medical hospital in simple terms. It is not complicated I will help guide and inform this knowledge to you. And it's available here many times. Put their trust in the service."
รู้สึกได้รับความรู้จากบทความนี้มากๆครับ และสามารถนำไปใช้เป็นประโยชน์ในชีวิตประจำวันได้ เหมาะสมกับผู้อาจทุกเพศทุกวัย ผู้อ่านสามารถเข้าใจในบทความได้ง่าย เพราะบทความด้านการแพทย์จากโรงพยาบาลเป็นศัพท์ที่เข้าใจง่าย ไม่ซับซ้อนครับ ผมจะช่วยชี้แนะและบอกกล่าวความรู้นี้ต่อครับ และก็ส่วนตัวใช้บริการที่นี่มาหลายครั้งครับ ทำให้ไว้วางใจในการใช้บริการครับ,1,"I gained knowledge from this article very much. And can be applied in everyday life. It may fit all ages. In the article, readers can understand easily. This article from the medical hospital in simple terms. It is not complicated I will help guide and inform this knowledge to you. And it's available here many times. Put their trust in the service."
โรงพยาบาลบำรุงราษฎร์ ให้บริการดีเยี่ยม พยาบาล ให้ความต้อนรับเป็นอย่างดี อุปกรณ์ครบครันทันสมัย ราคาย่อมเยา รักษาทุกโรคถูกทาง ตัวยา กินดีมาก หายไวๆ บริการสะดวกและรวดเร็ว ไม่ต้องรอนาน อยากให้คนที่ไม่เคยมาใช้บริการ มาลองใช้ดูนะคะ ใคร ที่ อยู่ใกล้ๆ ลองไปใช้บริการดูได้นะคะคุณหมอเป็นกันเองค่ะถามอะไรตอบได้ค่ะ ให้ความมั่นใจกับคน ไข้ได้อย่างดีเยี่ยม,1,"Bumrungrad Hospital Providing excellent care to welcome as well. Fully equipped modern, affordable health care is a very good way to eat well soon not have to wait long, fast and convenient services to people who have never used the service. Let's take a look at who it is, try to see it provides a friendly doctor asked me answer it. To reassure people Excellent fever"
รู้สึกได้รับความรู้จากบทความนี้มากๆครับ และสามารถนำไปใช้เป็นประโยชน์ในชีวิตประจำวันได้ เหมาะสมกับผู้อาจทุกเพศทุกวัย ผู้อ่านสามารถเข้าใจในบทความได้ง่าย เพราะบทความด้านการแพทย์จากโรงพยาบาลเป็นศัพท์ที่เข้าใจง่าย ไม่ซับซ้อนครับ ผมจะช่วยชี้แนะและบอกกล่าวความรู้นี้ต่อครับ และก็ส่วนตัวใช้บริการที่นี่มาหลายครั้งครับ ทำให้ไว้วางใจในการใช้บริการครับ,1,"I gained knowledge from this article very much. And can be applied in everyday life. It may fit all ages. In the article, readers can understand easily. This article from the medical hospital in simple terms. It is not complicated I will help guide and inform this knowledge to you. And it's available here many times. Put their trust in the service."
รักษาและกาาบริการดีมากเลยครับ คุณหมอ และ พยาบาลใจดีคอยให้คำแนะนำช่วยเหลือในทุกๆอย่างครับ ที่นี่ เป็นโรงบาลที่ตอบโตทย์ของใครๆหายคน เคยมา รักษาแล้ว ครั้งนึงรู้สึก ประทับใจอุปกรณ์เครื่องมือการรักษาต่างๆอละคุณหมอที่ มากด้วยประสบการณ์และคอย แนะนำสิ่ง ต่าางๆอยู่เสมอๆ ขอแนะนำให้ ทุกท่าน ลองมาได้สัมผัสกับการรักษาที่ครบเครื่อง ในทุกๆด้านๆและ ขอบอกเลยครับ พยาบาล ที่ นี้ใส่ใจดูแล เป็นกันเองมากครับ,1,"Maintain and linear service very good doctors and nurses to advise kindly help me in everything here at the hospital response Bay of missing people who had been treated once felt. Impressive tool in the treatment of a doctor. By experienced guides and all other cordless always recommend that you try to be exposed to the treatment machine. In every way, and I would say that this medical care is very friendly."
เพิ่งไปฉีดวัคซันมาค่ะพยาบาลมือเบามากกกกกกก ไม่เจ็บเลยไปฉีดมา4เข็มค่ะ5555555 คุณหมอใจดีมาก พยาบาลก็ดูเเลดีมากเช่นกันค่ะ ได้ความรู้จากบทความของโรงพยาบาลนี้มากเช่นกัน บุคลากรทางการแพทย์ของที่นี่มีความเป็นมืออาชีพ เอาใจใส่เเละดูเเลผู้ป่วยดีมากค่ะ ไม่เสียเวลารอนานด้วย โรงพยาบาลทันสมัยเเละสะอาดมากเช่นกันค่ะ รู้สึกดีที่ได้ใช่บริการของที่นี่ค่ะ,1,"Sun comes to vaccinations just very gently nurse kg. It does not hurt to have a needle injected into 4 5555555. You are very kind Nurses look after it very good as well. Knowledge of the articles of this hospital as well. The medical staff here are very professional. There were very good look after patients. Do not waste time waiting for a long time Hospitals were modern, very clean as well. Feels good to be of service here."
รู้สึกได้รับความรู้จากบทความนี้มากๆค่ะ และสามารถนำไปใช้เป็นประโยชน์ในชีวิตประจำวันได้ เหมาะสมกับผู้อาจทุกเพศทุกวัย ผู้อ่านสามารถเข้าใจในบทความได้ง่าย เพราะบทความด้านการแพทย์จากโรงพยาบาลเป็นศัพท์ที่เข้าใจง่าย ไม่ซับซ้อนค่ะ ดิฉันจะช่วยชี้แนะและบอกกล่าวความรู้นี้ต่อค่ะ  และก้ส่วนตัวใช้บริการที่นี่มาหลายครั้งค่ะ ทำให้ไว้วางใจในการใช้บริการค่ะ,1,"I gained knowledge from this article very much. And can be applied in everyday life. It may fit all ages. In the article, readers can understand easily. This article from the medical hospital in simple terms. Not too complicated It will help guide and inform this knowledge to you. And personal service here many times here. Puts trust in using our services."
ส่วนตัวแล้วใช้บริการที่นี่ตั้งแต่เด็กจำความได้เลยค่ะ มาฉีดวัคซีนที่นี่ทุกปี ประทับใจทุกครั้งที่มาเลยค่ะ คุณหมอน่ารักมากๆ มีความเป็นกันเอง สามารถอธิบายสิ่งต่างๆให้เราเข้าใจง่ายมากค่ะ พี่พยาบาลดูแลดี เอาใจใส่ทุกรายละเอียดค่ะ ถึงแม้บางครั้งจะต้องรอนานนิดหน่อย แต่เป็นโรงพยาบาลที่ดีมากเลยค่ะ มีสิ่งอำนวยความสะดวกครบ สะอาด รู้สึกประทับใจทุกครั้ง,1,"Personally, I use here since I can remember it. The vaccination every year. Every time I touched it. You're so cute A friendly Can explain things very easy for us to understand. Take good care Pay attention to all the details here Although sometimes have to wait a little longer. The hospital was very good. Facilities include a full clean impression every time."
บริกาารดีมากค่ะ พูดเพราะ ดูแลดี ไปหาหมอครั้งแรกค่ะ เพราะไปเยี่ยมญาต ส่งนตัวแล้วอยู่จังหวัดเลย บริการดีมากๆค่ะ เป็นกันเอง พูดเพราะ ดูแลเราดีมากๆค่ะ น่ารักมากๆ ทั้งหมอ ทั้งพยาบาล ถามพูดคุยเป็นกันเองมากค่ะ เราก็นักว่า เออนั่งคุยอยู่กับแม่รึป่าว 5555555556 ไม่คืดเลยว่านั่งคุยอยู่กะหมอ ใจดีมากค่ะ อารมณ์ดี ชวนพูดชวนหัวเราะตลอดเวลา ไม่ทำให้เครียดเลยค่ะ คุณแม่มีาามทืรกยที่ไปด้วยแกก็หัวเราะมีความสุขไปด้วย,1,"Brit myself very good talk to the doctor first because good care of me. I went to visit relatives Then send in the province. Service was very friendly talk, because we care very good, very lovely, both doctors and nurses asked to talk to each other very much, we just whether I sit and talk with the mother Pao 5555555556 not subconsciously that talk. it is very kind doctor says it's good I laugh all the time. I strained my The Christian Science Mother Miaa that cluttered with glasses, laughing, happy with."
"คุณหมอดูแลดีมากเป็นกันเองไม่ตึงเครียด
สบายๆ พยาบาลก็เฟรลี่ เป็นกันเอง ดูแลแบบสบายๆ คุณหมอและพยาบาลดูเชี่ยวชาญมากอะ ไม่เด๋อๆด๋าๆ หมอนี่คือดผุอาการก็รู้เลยอะว่าเป็นอะไร คือแบบมันดีมาก โรงพยาบาลนี้ บริการดี อะไรดีหมดเลย ห้องน้ำก็สะอาดไม่วุ่นวายเหมือน โรงพยาบาลอื่นๆ ทุกคนน่ารักมากๆๆ เราชอบมากๆเลย ขอบคุณที่รับฟังความเห็นเรา",1,"You take very good care of themselves, not tension.
Frey's casual nurses were friendly caring casual doctors and nurses do not see very specialized awkward doctor on Con Dao is the decay symptoms, it knew that it was nothing. This is a very good hospital, good service, something good out of it clean, the bathroom was not as busy. Other hospitals Everyone seems to love so much. We love you very much Thank you for hearing us."
คุณหมอมีความรู้ดีมากค่ะเมื่อเทียบกับรพ.ชั้นนำอื่นๆที่ไป ให้ความรู้เรื่องโรคโดยละเอียดมากๆ มีการติดตามอาการดีมากๆ ข้อเสียคือรอนานมากไป,1,"You know very well compared to the hospital leading to the other. Knowledge about the disease, very detailed. Follow the signs very well. The downside is that to wait very long."
สวัสดีค่ะ ก่อนอื่นขอแนะนำตัวก่อนนะคะ เราอายุ 24 เป็นพนักงานบริษัทเอกชนแห่งหนึ่งในกรุงเทพ ทำงานเป็น ออดิท ค่ะ คืองานที่ทำ ค่อนข้างหนัก แล้วตัวเองเป็นภูมิแพ้ ร่างกายอ่อนแอ เจออะไรนิดหน่อยก็ไม่สบายแร้ว และครั้งล่าสุดป่วยเป็นไข้ จนต้องนั่งแทกซี่ไปโรงพยาบาลตั้งแต่เช้า ซึ่งแบบ ณ จุดๆนั้น เราไอเยอะมาก ตัวร้อน และก้น้ำมูกไหล แล้วพี่พยาบาลก้มาเอาน้ำชาอุ่นๆ ให้ดื่ม วัดไข้ อะไรประมาณนี้ พอพบคุณหมอ แล้วสรุปได้แอดมิท นอนที่โรงพยาบาล และ ความรู้สึกตอนนั้น ต้องนอนโรงพยาบาลคนเดียว เพื่อนไม่มีใครมาเยี่ยมเลยสักคน เพราะติดธุระบ้าง หรือ อาจจะไม่รู้บ้าง รวมถึงป๊ากับแม่อยู่ต่างจังหวัดไม่อยากให้ท่านขับรถมาหาเรา ซึ่งลำบาก กลัวอุบัติเหตุมาก สุดท้าย เราเลยเลือกที่จะนอนคนเดียวในห้องพิเศษ แหะๆ อาจจะงง เกริ่นมาทั้งหมด คืออะไร แต่ที่เราอยากจะบอก คือ คุณเข้าใจความรู้สึกของคนป่วย ยังเด็กอยู่ จิตใจอ่อนแอ น้อยใจ ไม่มีเพื่อนมาเยี่ยมหรือนอนเฝ้า มาตัวเปล่า แค่กระเป๋าเงินใบเล็กๆกับโทรสับ ณ จุดๆนั้น คือร้องไห้ น้ำตาซึม พอนอนบนเตียงปั๊ป ด้วยความที่เปนคนติดถุงเท้ามากกกกก ถ้าไม่ใส่จะนอนไม่หลับ พี่พยาบาลก้หามาให้ เราไม่มีสายชาร์จโทสับ พี่ก้ไปยืมมาให้ พี่พยาบาลที่คอยมาฉีดยา เอายามาให้กิน วัดไข้ คงงงที่แบบ อยู่คนเดียวตลอด เหงามั๊ย ?? จนสุดท้าย พี่เค้าก้เข้ามาและก้ชวนคุย นู่นนั่นนี่ให้เรารู้สึกดี ไม่คืดเรื่องน้อยใจ บลาๆ ซึ่งแบบ เป็นสิ่งที่เรารู้สึกประทับใจกับบุคลากรของที่นี่มากกก เหมือนเด็กน้อยที่นั่งซึมเหงาๆ แล้วแบบมีคนเดินเข้ามาฉุดให้เราลุกไปวิ่งเล่น ความรู้สึกประมาณนี้เลยค่ะ แบบ เห้ยยย คือเค้าใส่ใจเรานะ สังเกตเรา ว่าเราเปนยังไง ทั้งอาการ และ อารมณ์ของเรา พอเห็นว่าเราไม่มีใคร ก้จะเข้ามาชวนคุย ไม่ใช่แค่พยาบาลที่ทำหน้าที่แค่เดินเข้ามา ฉีดยา ให้ยา และก้เดินจากไปปป เรารู้สึกว่า เรื่องความรู้สึกเป็นเรื่องที่ละเอียดอ่อน และ สำคัญมากกกก สำหรับเรา ดังนั้น เราเลยรู้สึกระทับใจกับโรงพยาบาลนี้มากจริงๆ ไม่ใช่เพราะสถานที่ที่ไฮโซ ใหญ่โต เหมือนโรงแรม แต่เป็นเพราะความใส่ใจที่เค้าดูแลเราต่างหากกก :) อาจจะยาวไปสักนืด แต่แค่อยากบอกเล่าเรื่องดีดีให้คนได้รับรู้กันค่ะ // ครั้งก่อนหน้านี้ มาหาหมอที่แผนกสูติ ระหว่างนั่งรอคุณหมอ พี่พยาบาลเหนขาเราเป็นแผลหกล้ม แดงๆ มีหนองที่หัวเข่า ก้มานั่งทำแผลให้ก่อนน เรารู้สึกว่า ความใส่ใจที่เค้ามอบให้คนไข้เป็นสิ่งที่ทำให้เราประทับใจมากๆค่ะ,1,"Hello, first of all, I'd like to introduce myself. We are 24, a private company employee in Bangkok. I work as an audition, which is quite a heavy job and I am allergic. Physically weak Found something a bit uncomfortable And the last time I became ill Until having to take the taxi to the hospital since the morning, which at that point we coughed a lot, hot and runny Then the nurse came to bring warm tea to drink to measure the fever. About this, once you see a doctor and then summarize the admin Slept at the hospital and feeling at that time Must stay in the hospital alone No one visits friends. Because some errands or maybe not knowing Including my father and mother in other provinces, do not want you to drive to us, which is very afraid of accidents. Finally, we choose to sleep alone in a special room. May be confused. Introduce all. You understand the feelings of the sick, still young, weak, weak, have no friends to visit or lie alone, just a small purse and chopped at that point is crying. Bring tears well enough bed gas year. As a person who wears socks a lot If not wearing, will not sleep. The nurse searched for him. We do not have a charging cable, Hack Master I borrowed it. The nurse who waited for the injection Bring medicine to take to measure the fever. Would be confused that alone all the time, lonely ?? Finally, he entered and invited him to talk That is what makes us feel good. Not feeling hurt or hurt, which is something that we are very impressed with the people of this place. Like a lonely little child And then someone walks in to pull us up and play This kind of feeling like, hey, is that he cares about us, observing us how we are, both our symptoms and our emotions. Will come in to chat Not just the nurse who just came in, gave the medicine, and walked away. We felt that the feelings were very sensitive and important to us, so we felt very distressed at this hospital. really It's not because of the large high-rise hotel like the hotel, but because of the attention they take care of me :) It might be a long time. But just want to tell a good story for people to get to know // // Previous time Come to the doctor at the obstetrics department While sitting waiting for the doctor The nurse saw the leg, we had red wounds, pus on the knees. Before sitting to make a wound, I felt that the attention he gave to the patients was something that impressed us so much."
รพ.ที่ดีสะอาด มีมาตรฐาน บริการดี บรรยากาศดีเยี่ยม ใช้บริการเเล้วรุ้สึกถึงความเป็นมืออาชีพ,1,"Hospital clean, good standard, good service, nice. I'm used to the feel of professionalism."
ได้เลือกให้คุณหมอที่โรงพยาบาลบำรุงราษฎร์ดูแลสุขภาพของลูกๆ ทั้ง 3 คน ตั้งแต่แรกเกิด ในการรับวัคซีน รักษาอาการเจ็บป่วยรวมถึงการดูแลด้านพัฒนาการต่างๆ ให้เหมาะสมตามวัยของลูก รู้สึกประทับใจในตัวอาจารย์หมอที่ดูแลลูกๆ เพราะท่านน่ารักมากเอาใจใส่ในการตรวจและดูแลสุขภาพของเด็กๆ เป็นอย่างมากค่ะ,1,"You have chosen the hospital care of children from birth to 3. The vaccine Ailments, including overseeing the development. According to the age of the child The instructors were impressed by the doctors who care for children. Because he is very attentive to the care and health of children. As much"
คุณหมอเอาใจใส่ละเอียดเป็นอย่างมาก แล้งอธิบายผลอย่างละเอียดรู้สึกประทับใจมาก และที่สำคัญคุณหมอเก่งมากค่ะ,1,There is a very fine doctor. Drought explained thoroughly impressed. And the doctor very much.
ไปฝากท้อง และคลอดลูกที่โรงพยาบาลบํารุงราษฎร์ มาคะ ประทับใจทุกอย่าง ตั้งแต่สถานที่ ห้องคลอดและห้องพัก หมอและพยาบาล เรามีอาการแทรกซ้อนหลังคลอดได้รับการดูแลอย่างดี ราคาแพคเกตคลอดที่นี่ค่อนข้างแพง แต่ถ้าเทียบกับคุณภาพและบริการแล้ว สำหรับเราคุ้มมาก แพคเกตเหมาจ่ายไม่มีบวกเพิ่ม,1,"ฝaktgag and to give birth at a hospital, Bumrungrad was not impressed at all. Since the Delivery and room doctors and nurses, we had complications after birth has been well maintained. Price packet delivery that is quite expensive. But compared with the quality and service. Very good for us Packet paid no added plus."
เจ้าหน้าที่มีการสอบถามอาการโดยละเอียดด้วยอธัยศรัย เป็นกันเอง มีความเป็นห่วงใจโดยจริงใจ  ไม่เสแสร้ง,1,Officials with the symptoms detailed by the Aberrant friendly Talks are concerned by sincere love unfeigned.
ลูกผมอายุ2ขวบ3เดือน อาทิตย์ที่ 8มค เช้า และบ่ายโมง ถ่ายเป็นเลือด2ครั้ง ปริมาณมาก เหมือนผู้หญิงมีประจำเดือน แพทย์ใส่ใจมากอยู่จนเลยเวลา ตรวจเช็คสาเหตุ พร้อมกับให้หมอศัลยกรรม หมอส่องกล้อง มาStand by ซึ่ง ผมไปหาตอน 15:30น. กว่าจะรอผลรอวินิจฉัย 22:00 คิดว่าต้องผ่าคืนนั้นแล้ว สรุปให้เลือดมาก่อน ครึ่งถุง เพราะลูกชายความเข้มข้นเลือดต่ำกว่าค่ามาตรฐาน นอนโรงพยาบาล5วัน คุณหมอหลายท่านช่วยกันตรวจวิเคราะห์รักษาดูแล จนเรารู้สึกอุ่นใจว่าถ้าเกิดเหตุอะไรต้องช่วยได้ทันท่วงทีแน่นอน,1,"My children, aged 2 years and 3 months Sunday, Jan. 8 o'clock in the morning and afternoon sessions of two bloody much like a woman's menstruation. Medical care is very poor at the time. Check the cause With a doctor's surgery, endoscopy, the doctor came to the Stand by which I now 15:30. I will wait for the results of diagnostic 22:00 that night to dissect it. The first half of the blood bag because his blood concentrations below the standard. 5-day hospital stay Many doctors assisted diagnostic care. And we feel peace of mind that if anything, the scene must be timely indeed."
พนักงานบำรุงราษฎร์มีการบริการที่เสมอภาคทั้งผู้มาใช้บริการหรือพนักงานด้วยกันเองประทับใจมากๆ,1,Bumrungrad employees are provided equally to both service users and employees themselves very impressed.
การบริการเป็นเลิศ ทีมแพทย์-พยาบาล-จนท.เก่งมาก รวดเร็ดกับการตอนรับบริการ และมีมาตรฐานความปลอดภัยสูง,1,Service Excellence A team of doctors - nurses - until. Very good. Jared stretch with the service. And with high safety standards
ตอนนี้ป่วยไม่สบาย คุณหมอบริการดีมากๆค่ะ เจ้าหน้าที่ก็ทำหน้าที่ได้รวดเร็วเป็นอีกหนึ่งความประทับใจที่ใช้บริการที่นี่ค่ะ และสะดวกกับการมีรถรับส่งจาก รพ.จนถึงสถานีรถไฟฟ้า บีทีเอสด้วยนะคะ,1,Now ill Doctor service very good. Authorities had acted quickly become one the impression that the service here. And enjoy the convenience of a shuttle. Hospital to train station BTS too.
สิ่งอำนวยความสะดวกเยอะมากๆ มีครบทุกอย่างร้านอาหารเยอะ ไม่ต้องออกไปหากินด้านนอกรพ. แพทย์มีความเชียวชาญเฉพาะทางเยอะ ส่วนตัวเรารักษาประจำกับหมออุ้ย เป็นแพทย์ที่เชียวชาญด้านผิวหนัง ตอนแรกๆที่เริ่มรักษาเรามีอาการลอกเป็นขุยบ่อยมาก ใช้ครีมแพงๆดีๆที่บอกมาไม่ได้ผล จนมีโอกาสรักษาที่บำรุงราษฎร์ สังเกตุยาที่ใช้จะเป็นยาเกรดA ต่างจากที่อื่นๆที่เคยใช้มา รักษาติดต่อกันเป็นระยะเวลาเกือบๆ2เดือน อาการดีขึ้นมาก แต่ติดอย่างนึงที่รู้สึกไม่ประทับใจคือผู้ป่วยแทบตะวันออกกลางเยอะไปหน่อย ทำให้การเดินเรื่องหรือบางสิ้งล่าช้า พยายาลมัวบริการแต่ชาวตะวันออกกลาง ทำให้ผู้ป่วยในประเทศอย่างเราขาดการบริการที่สมควรจะได้รับ,1,"Facilities lot. It's All restaurants too. Do not leave food outside the hospital. Medical professionals are not the only way. We maintain the privacy of the doctor Uighur. A doctor who specializes in dermatology. Now that we have started to treat the symptoms often flaky. The cream is so good that it did not work. It is likely that treatment of the Bumrungrad Notice the use of the drug is administered to grades A. Unlike the others who have tried it. Maintain contact for a period of almost two months. Fared much better But one thing I do not appreciate is that patients rarely have the Middle East too. The story nd or delayed. Michael Moore's prescription drug services, but the Middle East. Patients in the country, we lack the services they deserve."
โรงพยาบาลสะอาด บริการดีเลิศ เเพทย์เฉพาะทางเก่ง,1,Hospital cleaning services reach only the Bay Area so good.
ดูแลดีมากสะดวกสบายกว่าที่อื่น,1,Great care is much more convenient than others.
โดยรวมแล้วดีมากค่ะ ระยะเวลาการรักษารวดเร็ว การบริการดีมากค่ะ แต่ค่ารักษาพยาบาลสูงไปหน่อยนะคะ,1,"Overall, very good Treatment duration fast The service is very good But high medical bills to do it."
( หมอแย่มากค่ะ ),0,(I very much worse)
กำลังศึกษาข้อมูลอยู่ครับ ข้อมูลแน่นมากครับ,1,He was studying information Information on tight
ราคาอย่างเทพ บริการอย่างไพร่!!! ช้า ใช้เวลานาน ทั้งตอนมีคนใช้บริการเยอะ และมีคนใช้บริการน้อยก็ยังช้า นัดเวลานึงได้ตรวจอีกเวลานึงตลอด และเป็นเวลาที่ช้ากว่าที่นัดไปประมาณ 1 ชั่วโมงทุกครั้ง (ในกรณีที่มาตรงเวลานัดนะ) ถ้ามาไม่ตรงเวลานัดก็เลื่อนไปอีกประมาณ 1 ชั่วโมง รวมเป็นสองชั่วโมง คนแก่ที่บ้านทั้งคุณปู่ คุณย่ามาที่นี่ปีนึงอย่างน้อยคนละ 4 ครั้งต่อปี ต่อคน (อย่างน้อยนะคะ) บุคคลากรไม่มีหัวใจบริการ ให้คะแนนการบริการที่นี่เต็ม 5 ให้แค่ 2.5 ถึง2.8 พอ ทำงานพลาดเกือบทุกครั้งด้วย ส่วนราคาเหรอ แพงชิบหาย!!! ที่ได้มาไม่สมกับที่จ่ายไปเลย ควรอบรมมารยาทเจ้าหน้าที่ใหม่นะคะ สีหน้า ท่าทางน่าตบดีค่ะ เวลาถามที่ทำงานพลาด ไม่เคยตอบคำถามได้เลย แถมทำหน้าเก็บกดอยากจะลุกขึ้นมาตบเราอีก แต่ข่มไว้สุดฤทธิ์อะไรประมาณนั้น,0,"It's very common for service !!! It takes a long time and now people are using it. And there was also a little slow. I've looked at it one more time as well. And a time later than that date to about 1 hour each time. (In case of timely shots, but) if it is not timely appointment was delayed for about one hour to two hours. The older the house, the grandfather. Grandma came here a year at least four times a year per person (at least me) personnel heartless service. The rating service here 5 to 2.5 to 2.8, just enough to miss work almost every time the price was too expensive chips !!! Not worthy to be paid to it. Training new staff to be polite facial expression seems too good spanking. Miss time at work The question has never been answered I do not want to keep pushing up the plate again. But keep in mind inordinately something like that."
มั่นใจในการรักษาดูแลคนไข้อย่างครอบครัวเดียวกันขอบคุณคุณหมอมากๆครับ,1,"Confident of maintaining patient to patient, family doctor, thank you very much."
บริการดี รวดเร็วทันใจ สมกับราคาที่ต้องจ่าย,1,"Good service, fast money to be paid."
ผมคูณรุ่งเรืองสีสานเข้าผ่ากระดูกทับเสั้นอาการไม่ดีขื้นเลยอาการแย่ลง,0,I multiply glorious color weaves through bone superimposed Popular Audio bad symptom reservoirs has worsened.
ชอบบบ,1,Like AMC
ฝากท้องกับคุณหมอบุญชัย ประทับใจมากค่ะ,1,ฝaktgag with Dr. BOONCHAI Very impressive
ความทรงจำที่ดีเเบะที่มันไม่มีทางกลับมาอีก,1,"Remembering Toba well, it never comes back again."
ขอร้องเรียนหน่อย หมอมาวินพูดจาไม่สุภาพ ให้คำตอบไม่ชัดเจนกับคนไข้ 1.ทางหมอให้เจาะชิ้นเนื้อไปวิเคราะห์ ผลออกไม่ชัดเจนต้องให้ผ่าแล้ววิเคราะห์ใหม่ แล้วจะเสียเงินทำไม2รอบ 2.ทางคนไข้สงสัยว่าหินปูนที่เกาะที่เต้านมเกิดจากอะไรหมอตอบว่า ไม่ใช่หมูใช่แมวจะตอบได้งัย งงมั้ยค่ะ นี้หมาหรือหมอค่ะ(แสดงว่าจะมั่นใจโรงพยาบาลนี้ได้อย่างไร),0,"Complaints Forum Doctor's not polite The answer is not obvious to the patient. 1. the physician to biopsy analysis. The result is a clear need to dissect and analyze new. Why then would lose two laps. 2. patients with suspected breast limestone islands caused by what doctors said. Yes, cats, pigs, and not have to answer me and I know it is a dog or a doctor here (be sure that this hospital is?)."
สามีก็ไปรักษาตัวอยู่ 10 กว่าวัน ทางโรงพยาบาลดูแล เป็นอย่างดี โดยรวมดีมากค่ะ ขอบคุณมากค่ะสำหรับการบริการ ที่ดีเยี่ยมมากๆ ค่ะ,1,"My husband went to the hospital within 10 days of hospital care, as well as very good. Thank you for your service Very good"
ประทับใจในการบริการที่ดี แพทย์มีความสามารถสูง สมราคา,1,Impressed by the good service Doctors are highly reasonable prices.
มาตราฐานการบริการดีมาก ประทับใจและติดตามข่าวสารในเพจมาตลอด มีข้อมูลดีๆ มาแบ่งปันเยอะเลย ชอบครับ,1,Very good standard of service Impression and keep the pages always have good information to share so much like me.
ประทับใจมากมาเป็นลูกค้าเกือบทุกเดือน,1,Customers are impressed almost every month.
รักษาที่นี่ทั้งครอบครัวค่ะ ลูกสองคนฝากท้องและคลอดที่บำรุงราษฎร์ สะดวกค่ะรวดเร็วไม่ต้องรอนานยกเว้นถ้าไม่ได้นัดคุณหมอล่วงหน้าจะรอนานนิดนึงค่ะ,1,"Here treat the whole family ฝaktgag two children and a maternity hospital. You do not have to wait long, fast, convenient, except if you have not made an appointment in advance to wait a little longer here."
คุณภาพสูง บริการเยี่ยม(ไปผ่าคลอด) ใครบอกว่าแพง คุณลองมาใช้บริการแล้วหรือยัง,1,"High quality services, visit (to caesarean sections), who said that expensive, you try to use the service or not."
บริการดีค่ะ..เอาใจใส่คนไข้ดีมาก,1,Service good.. There's a very good patient.
ประทับใจ คุณหมออรรถ นานา มากๆ ในความเมตตาและใส่ใจถึงความกังวลของผู้ป่วย ตลอดจนคำแนะนำเกี่ยวกับแนวทางในการรักษาที่ตรงจุดและครอบคลุม _/\_ เจ้าหน้าที่พยาบาลตลอดจนรปภก็เอาใจใส่ช่วยเหลือมีจิตบริการ,1,"I appreciate your kindness and utility in numerous, very attentive to the concerns of patients. As well as advice about how to maintain a comprehensive, cogent and _ / \ _ nursing staff as well as the security guard was there to help with spiritual services."
อุ่นใจ ว่าลูกแม่จะปลอดภัยและหายดีแน่นอน,1,"Peace of mind that their children are safe, and the mother was well, of course."
บริการดีที่สุดค่ะ...บริการเร็วดีเวลาลูกน้อยไม่สบายรู้สึกอุ่นใจคะเพราะเร็วดี...,1,Service not the best ... fast service at little discomfort felt at ease because it was fast ...
เมื่อก่อนรักษาที่นี่ตอนนี้เปลื่ยนแล้ว,1,"Before treatment here now, then change it."
แพงมว๊ากกกกเป็นธุรกิจมากกว่า,0,"Business is pretty expensive, that's over."
ต้อนรับดีมากๆครับ บริการประทับใจ หมอเฉพาะทางเก่งมาก รักษาตรงจุด ถึงราคาจะสูงไปหน่อย แต่ถ้าเทียบกับบริการถือว่าคุ้มครับ,1,Very good reception Excellent Service Specialist doctors are very good at keeping the price point is too high. But if the service is worth it.
สุดยอด,1,zenith
แอร์หนาวขนลุกเลย,1,Air chilling creepy yet
ยอดเยี่ยม ทุกบริการ คุณภาพเกินร้อย,1,Excellent service quality over every cent.
ดูแลดี บริการเป็นกันเอง สะอาด ปลอดภัย,1,"Service is friendly, clean and well maintained."
หมอรักษาดีมากๆค่ะ. พยาบาลบริการและให้ความช่วยเหลือดีค่ะ,1,Very good doctor. Nursing services and assistance there.
วิวัฒนาการ และ เทคโนโลยี และ คณะแพทย์ ชั้นหนึ่งค่ะ,1,And the evolution of technology and the medical one.
ขอบคุณที่ดูแลและใส่ใจดีค่ะ^_^,1,Thanks to the great care and attention you ^ _ ^.
เป็นโรงพยาบาลที่ดี บริการดี คุณหมอก็เก่ง ให้คำปรึกษาดี อธิบายโรคที่เราเป็นให้เราฟัง เข้าใจง่าย และให้กำลังใจคนไข้ดีมากเลยค่ะ,1,"A hospital doctor was good, good service, good counseling. We describe a disease that is easy to understand and encourage patients is very good."
เส้นทางไม่สะดวกเลยไปทางราชประสงค์ก็เป็นทางวันเวย์.รถเมล์วิ่งทางเดียว..ทางเข้า-ทางออกซอยก็แคบๆ.รถเฉี่ยวกันประจำ...,0,"The path is not easy at all to the whim of the day, it's Wayne. Bus one way.. The entrance - exit lane is narrow. Bus plying regularly ..."
ใครก็ยอมรับบำรุงราษฎร์เป็นหนึ่งคะสถานที่นั่งสบายหมอก็เก่งช่วงนี้แดงหายแล้วร่างกายแข็งแรงก็ไม่ได้ไปคะขอบคุณอาจารย์กับหมอๆที่รักษาคะ. ต่างจากมารักษามากคะขอบคุณคะ,1,"Who was admitted to hospital as a good place to sit with a good doctor is the red body recovered was not going to thank the teachers, the doctors who treat them. Thank you very differently to treatment."
ครั้งแรกที่เข้ามาโรงพยาบาลบำรุงราษฎร์รู้สึกประทับใจ พนักงานบริการต้อนรับดี พูดจาไพเราะ การบริการเยี่ยมมากค่ะ,1,"The first hospital was impressed. Reception staff great service, great eloquence to much."
บริการเป็นเลิศ,1,Service Excellence
ช้า. แต่ดูแลดีนะจร้า,1,Slow. But take me with it.
หาวิธีรักษาโลกไว้รัสตับอักเสบบีคับ,1,Find a cure for the hepatitis B here.
ลูกหนูเพิ่งได้5เดือน คุณหมอสงสัยว่าจะเป็นผนังหัวใจรั่ว รอตรวจอีกที แต่ตอนนี้หนูคิดมากจนนอนไม่หลับเลยค่ะ กลัวลูกจะเป็น,1,"Biceps just 5 months The doctor suspected a leaky heart wall waiting again, but now I think I could not sleep. Fear can be a"
แพงระยับ ระดับ5,1,Expensive shimmer 5
รอนานมาก แต่พอตรวจก็ไม่ถึง5นาทีค่ะ ตอนไปรอชำระเงินก็นานมากเหมือนกัน,0,"Make a very long wait, but it's less than 5 minutes. Now to wait for payment, it's much the same."
แพงมากๆ,1,Very expensive
ลูกก็เกิดที่นี่รักษาที่นี่ บริการดีค่ะ หมอเก่งเยอะ พยาบาลก็เก่ง,1,"I was born here, this treatment provides good doctors, good nurses, but also excelled."
แย่สุด ตรวจแปปๆ ไม่ละเอียด ชุ่ยๆ เจอมา3แผนกละ จ่ายเงินก็แพง ไม่ได้ขอมันตรวจฟรี หมอแม่งเฮงซวย แพงไม่ได้หมายถึงดีเสมอไป,0,"Worst check all the details are not met slovenly Division 3 percent pay dearly. I did not check it for free Doctor, your mother blasted Expensive does not always mean better."
ใช่คะเห็นด้วยกับการบริการที่แย่เรายอมจ่ายเงินที่แพงเพราะต้องการบริการที่ดีกว่าที่อื่น ถ้าเทียบรพ.กรุงเทพ (ขอเอ่ยชื่อเลยนะคะ)ดีกว่าที่นี่เยอะ,0,"Yes, I agree with the terrible service we pay expensive because they want better services elsewhere. Compared hospital in Bangkok (Mentioned to me) a lot better here."
บริการต้อนรับดีคับ,1,Good reception
หมอเค้าดีจริง....เป็นเพราะน้องเราเอง...ขอให้หมอทุกคนทำดีต่อไปน่ะคับ,1,I actually really good .... because it is our own ... I ask everyone to do well here.
หมอเค้าดีจริง....เป็นเพราะน้องเราเอง...ขอให้หมอทุกคนทำดีต่อไปน่ะคับ,1,I actually really good .... because it is our own ... I ask everyone to do well here.
การบริการดี พนักงานบริการด้วยความเป็นกันเองมากค่ะ,1,The service staff is very friendly with me.
มีโอกาสได้พาสามีมารับบริการ ที่นี่ เมื่อวันที่29.พ.ค 2558 และ ได้ออกจาก โรงบาล วันที่31 พ.ค 2558 อยาก บอก กับทางโรงบาล ว่า ขอบคุณ มากจริงๆ สำหรับ การบริการที่ดี ที่สุด แสนจะประทับใจ ดีใจและตื้นตันใจสำหรับความกรุณาของ. คุณหมอนพ.โชติกร คุณวัฒน์ อายุรแพทย์โรคหัวใจ และ ผู้จัดการ คุณติ๊ก ขอขอบคุณจากใจจริงค่ะ,1,A chance to take your husband's been here on 29. May. 2558 and was released from hospital on 31 May. 2558 she told the hospital that I really for the good unsurprising. impressive Joy and gratitude for the kindness. May your pillow. You Chote arm MD Cardiologist and Manager you tick heartfelt thank you.
บริการดี พยาบบาลใจดี หมออธิบายชัดเจนค่ะ,1,"Good service, good governance Yap doctor explained it clearly."
เข้าไปคิดว่าเป็นโรงแรม สถานที่น่าเที่ยวมากค่ะ บริการดีสุดๆ แม่เราไปหาหมอ แทบจะอุ้มเลย อิอิ,1,The idea that a hotel Place to see very good deal if we go to the doctor could not hold it.
หมอวิชพันธ์ หูคอจมูก แย่สุดๆ เจ็บด้านในคอมีเสมหะให้อ้าปากแล้วนั่งทางในบอกไม่มีอะไร เสียเงินไปฟรีๆแถมไม่พูดอะไร ไม่ถามไม่อะไร ให้อ้าปาก แหย่ๆในปากถือว่าจบและได้เงินไป แพงไม่ได้หมายความว่ามาตรฐานดีทุกคนนะ เลี้ยงไข้ เห็นแก่เงิน ขี้โกง,0,"Doctor Norwich Union ENT most terrible pain in the throat, phlegm to open his mouth and say nothing, sit in meditation. Get free money to not say anything. Do not ask, do not open my mouth to poke around in your mouth and have the money to finish it. Expensive does not mean that the good people I feed a fever for money cheaters."
คุณหมอมีความเชี่ยวชาญเฉพาะด้านทุกแขนง ตรวจค้นหาโรคอย่างละเอียด ให้คำปรึกษาที่ดี,1,You have specific expertise in all areas. Check carefully for disease Good counseling
บริการดีประทับใจมากๆ คุณหมอใจดี คุณพยาบาลเอาใจใส่สุดๆ ยอดเยี่ยมจริง,1,Good service at a very good doctor your medical care even more. Really great
เมื่อวานไปตรวจนิ่วในถุงนำ้ดีคะ ได้รับการบริการดีคะ ตลอดจนการนัดหมายและรายละเอียดการนัดผ่าตัดคะ,1,Yesterday went stones in the gallbladder. Service was good As well as appointments and details of the meeting have surgery.
บริการดี แต่แพง!!!,1,"Service is good, but expensive !!!"
โรงพยาบาลที่บริการดีที่สุดเท่าที่เคยไปมา ราคาก้อแพงที่สุดด้วยเช่นกันน่ะ,1,The hospital offers the best ever to come. But for the most expensive as well.
บริการดีค่ะรวดเร็ว คุณหมอใจดี ดูห่วงใยคนไข้จริงๆ,1,"Fast service, good medical care, patients look really good."
หรูหรามาก เกินที่จะเป็น ร.พ,1,The more luxurious than it is. May.
นานมากในการรอ ทุกอย่างใข้เวลาในการรอเแนชั่วโมง,0,In the very long wait Everything takes time to wait any voting hours.
คุณหมอเก่งและดูแลดี บริการดี,1,Dr. Atta and good service.
ดีมากกับการรักษาเฉพาะทาง,1,"Very good, with specialized treatment."
ประทับใจที่สุดค่ะ,1,Impressed me the most
รถติดมาก,0,Car lot
ไม้อยากให้เปันเลยแบบนี้เพราะว่ามันสิ่งที่ไม้ดีต่อสุขภาพของเรา,0,Epa not want to do this because it is bad for our health.
รักษาหายเร็วมาก ดีด้วยที่นอนก็ดีแต่ราคาก็ไม่ได้แพงมาก,1,Very fast cure With a good mattress is good but the price is not very expensive.
ยอดเยี่ยมค่ะ,1,Wonderful it
คุณหมอใจดี พยาบาลน่ารักคร้า ^_^,1,"Your doctor, nurse generous lovely extra. ^ _ ^"
บริการดีเยี่ยม พนักงานพูดจาเพราะ แต่เสียอย่างเดวสตาร์บัค ที่นั่งน้อยเกินไป,1,Excellent Service The staff speak It's like a Star Buck. Too few seats
บริการดีมากครับ เอาใจใส่ผู้ป่วยดี,1,Service is very good Better patient care
ดีครับ ดูแล้วมีประโยชน์กับผู้คนมาก ก็ช่วยเผยแพร่ประโยชน์มากๆผมไม่สนใจกับธุระกิจ เห็นว่ามีประโยชน์ ชอบ ขอบคุณ.,1,"Well, looks useful to more people. It allows publishing useful, I do not care about businesses. I appreciate that useful."
บริการดีค่ะ เอาใจใส่คนไข้ดี,1,"Good service, good patient care"
บริการดีสุดยอดค่ะ,1,The service is good enough
ขอบคุณคุณหมอและ ทุกๆคนด้วยคะ,1,Thanks to the doctors and everyone with it.
ถือได้ว่าเป็นโรงพยาบาลชั้นนำได้เลยครับการบริการดีมากครับ,1,It is a leading hospital here has a very good service.
ดีมากๆ,1,Good
ดีเยี่ยมทุกอย่าง,1,Excellent everything
บริการที่เป็นหนึ่ง,1,The service is one
ขอบโรงพยาบาลนี้มีที่ให้นั่งพักสบายๆ,1,The hospital has to sit comfortably.
เป็นโรงพยาบาลที่มีหมอเก่งๆมากมายครับ,1,"A hospital doctor, but many do."
ค่าหมอแพงไปครับ,1,The Doctor is offline
สมบูรณ์แบบในทุกด้าน การรักษา บริการ บุคคลากร👍👍👍,1,Perfect in every medical service personnel.
"ญาติไปรักษาที่นี่ ดีมากๆทุกด้านครับ แต่ไม่ต้องเสียเงินค่ารักษา ค่าห้องฟรี แถมยังได้เงินชดเชยรายได้อีกวันละ6,000บาท เพราะมีประกันสุขภาพ",1,"Relative to the Treatment here Good on all fronts But do not waste money on keeping the room free plus the income compensation of 6,000 baht per day. Because health insurance"
คุณชัยอนันต์แผนกหัวใจและคุณหมออนุวัฒณ์แหนกติดเชื้อน่ารักมากดูแลคุณวันชัยมา2ปีกว่าแล้วอย่างดีมาตลอดค่ะ เชื่อมั่นที่นี่ค่ะ,1,"Mr. Anan heart department and Dr. Anuwat on the location of infection very day after you finish came two years ago, well over here. Sentiment here"
ราคาแพงมากทั้งค่าห้องและค่าผ่าตัดควรจะมีส่วนลดเพื่อคนไข้ที่มารักษาประจำ.....และควรมีส่วนลดหลายธนาคาร,0,The more expensive the room and the surgery should have special treatment for patients who regularly ..... and there should be a discount of several banks.
บอกเลยว่ารอบบนี้เจอกะตัวเลย มาก่อนชาวต่างชาตินิดนึงแต่เรียกต่างชาติตรวจก่อน ดูเค้าทำ เราก็จ่ายตังน่ะ แบ่งชั้นกันชัดเจนน่ะ เซ็งมาก,1,"Said that around this time he met them. First foreigners, but little known foreign inspectors see before they do, we're paying for it. What's more distinct stratification."
รอพบหมอครับ,1,Wait to see the doctor
โดยรวมดีมากครับ ยกเว้น แผนก การเงิน ชั้น 15 ไม่ยิ้มแย้ม แจ่มใส เลยครับ จะดูแลเป็นพิเศษก็เฉพาะชาวต่างชาติ จนทำให้ผมรู้สึก ถึงการแบ่ง และพึงปฏิบัติ ควรปรับปรุงในจุดนี้,1,"Overall very good except for the Finance Department, 15th Floor, beaming does take extra care not only for foreigners. It makes sense to me and share best practices. Should improve in this spot"
ช่วยอบรมมารยาท พยาบาลที่ชั้น 11 ด้วยนะคะ แย่มาก,0,Etiquette training aid Hospital on the 11th floor too terrible.
อันดับ1ของเอเซีย,1,1 in Asia
เข้ามาตรวจสุขภาพที่โรงพยาบาล บริการดีประทับใจมากๆค่ะ คุณหมอให้คำแนะนำพร้อมอธิบายรายละเอียดการของผลการตรวจดีมาก ปีหน้าจะกลับมาตรวจที่นี่อีกแน่นอนค่ะ,1,"Health check into the hospital. Service was very good impression Doctor advises, explaining details of the results are very good. Next year to check back here for sure."
เป็น รพ.ในเครือที่ดีเยี่ยมมากค่ะ..เป็น รพ.ที่ดูแล้วมีความมั่นคง..มาทำงานอยู่ในเครือนี้แล้วมีความสุข.ถึงจะมียุคลากรบ้างคนบ้างที่..ไม่คอยดีเท่าไหร่..แต่โดยรวมสวนมากดีเยี่ยม,1,"A hospital in excellent, very good.. Is. Hospital to see stability.. To work in this happy. Despite the drag of somebody who.. Does not look good.. But overall a great garden."
ของดี..,1,Well ..
สวดยอดปายเลยเพ่,1,Back to Top Pai's Pepe
บริการดีมาก เอาใจใส่ ให้รายละเอียดอย่างชัดเจน เมื่อจะทำการรักษา สถานที่มีทุกอย่างครบครัน ทันสมัย อุปกรณ์พร้อม บุคลากรพร้อม,1,The service is great attention to detail clearly. When will treat All locations are fully equipped with modern equipment and personnel.
ดีมากเลยคะเยี่ยม,1,Very good visit
ดีพยาบาลดูแลดีพูดไพเราะเสนาะหู,1,Good nursing care a lyrical speech.
พาคุณตามาหาหมอประจำครับ พยาบาลเอาใจใส่และจำได้ คอยถามไถ่ตลอด มาแล้วรู้สึกดีทุกครั้งครับ,1,Take your eye doctor for it. Nursing care and remember I ask all I feel better every time.
มารักษาที่นี่บริการดีมากๆค่ะห้องพิเศษที่นี่ เหมือนโรงแรมเลยค่ะ.นอนรักษามาหลายวันละ เจ้าหน้าที่ดูแลดีมากๆค่ะ,1,Maintain that this service is very good room here. Hotels like it. I maintain a few days. Very good staff
โรงพยาบาลบำรุงราษฎร์เป็นโรงพยาบาลบริการประทับใจคุณหมอเขาเก่งมากคะ,1,"Bumrungrad Hospital is a hospital doctor, he impressed me very much."
การดูแลรักษาดีมาก แต่ค่ารักษาแพงมากสำหรับคนไทย,1,Maintaining good But the treatment is very expensive for Thailand.
อยากให้ไปเปิดแฟ้มคนไข้เก่าดูเลยค่ะจะได้รู้ว่าเป็นคนไข้ประจำมานานมากขนาดไหน คุณหมอเก่งและน่ารักมากเช่นคุณหมอภิญโญ หอศิลป์ผู้เขี่ยวชาญโรคปอด คุณหมออีกท่านชื่ออะไรก็ลืมที่ดูแลระบบลำไส้ขอโทษค่ะทีลืมชื่อเดี๋ยวนึกออกจะมาโพสต์ให้ คุณหมออนนท์ การแอดมิทก็ได้รับการดูแลจากพยาบางและผู้ช่วยจนบางครั้งรู้สึกว่าเยอะไปหรือเปล่า ไปแอดมิดจนพนักงานจำได้แต่ขอติเรื่องอาหารที่เราเป็นคนไข้ประจำควรมีเรคคอร์ดว่าผู้ป่วยทานอะไรหรือไม่ทานอะไรแล้วก็แอบไม่อร่อยอีกต่างหาก,1,"Want to open a patient look older, I will know a patient for a long time yet. Doctor smart and cute as doctors increasingly. Gallery, the kickoff specialist lung disease. The doctor's name is forgotten, the administrator intestinal Sorry for forgetting a name I think is posted, you have the joy to add Smith was in charge of the Drug and assistants sometimes feel it. Are you going? Mid to add staff to remember, but your comments about the food we should have a regular patient records that the patient eat or not eat, then I do not taste right."
การบริการทางการแพทย์ดีมาก,1,Excellent medical services
เป็นโรงพยาบาลที่ดีมากครับ เอาใจใส่ในทุกๆรายละเอียด คุณหมอ พยาบาล และ เจ้าหน้าที่ทุกคนเต็มที่ ยิ้มแย้ม ทำให้ผมรุ้สึกอุ่นใจและวางใจมาตลอดที่ได้มารักษาที่นี่ครับ,1,"The hospital is very good. Pay attention to detail doctors, nurses and all staff made me feel at ease and smiling fully trust all that has been preserved here."
บริการดี แพทย์ทำการตรวจรักษาและให้คำแนะนำเป็นอย่างดี แต่ราคาค่อนข้างแพง,1,"Good service, medical examination and treatment recommendations as well. But expensive"
บริการดีมากเลยคะ อบอุ่นจริงๆ,1,"Service is very good, really warm."
ครอบครัวของคุณน้าสามีรักษาสุขภาพทีนี่ค่ะ,1,My husband and your family stay healthy here.
เป็นโรงพยาบาลที่ไว้วางใจให้ดูแลลูก ชื่นชอบหมอ อรรถสิทธิ์ ดูและลูกดีมาก แต่ขอชี้แนะ ในการบริการเพื่อพิจารณาปรับปรุงให้ดียิ่งยิ่งขึ้นไปนะคะ 1.ที่นอนคนเฝ้าไข้ แข็งไป 2.ระบบทีวี มันขัดข้อง สัญญาณเสียง การ์ตูนพากษ์ไทยเสียงขาดๆหายๆ เบาๆดังๆ 3.ช่องการ์ตูนพากษ์ไทยมีช่องเดียว เพิ่มก็ดีนะคะ,1,"A hospital trust to take care of the ball like I Athasit and see the ball very good, but suggestions to improve the service even more to me. 1. The mattress was hard to look after it crashes 2. TV sound cartoon voiceovers sound Thailand spotty light 3. Loud cartoon voiceovers Thailand with one box. Add it here"
เคยเข้าไปครับ แต่ไปทำงาน พนง ดูดี ตั้งแต่ รปภ ถึงหมอ ดูบริการเป็นกันเอง รพ.หรูหรา ดีครับ,1,"I had to go to work, but holding up well since the guards to see the doctor, friendly service hospital, luxury good."
โรงพยาบาลที่ไว้วางใจได้ เมื่อคุณเจ็บป่วยใช้บริการแล้วสบายใจขอบคุณคุณหมอทุกท่าน,1,"The hospital trust When you get sick of the service and peace of mind thanks to all of you, Doctor."
พนักงานบางคนเสียมารยาทมากๆ คือจะเข้าห้องคนป่วยก็ไม่เคาะประตูก่อน อยากจะเดินก็เดินเข้ามาเฉยเลย ทำงานมือถือก็ไม่ปิดเสียง,0,Some employees are very rude. He is a sick man was knocking on the door first. It would also entered dormancy yet. Mobile working is not muted.
ที่นี่มีอาจารย์หมอที่เก่งและดีๆมีจรรยาบรรณหลายท่านค่ะ,1,This is a good teacher and a good doctor is precluded many of you here.
ก็ใช้บริการที่นี่มาตลอดจนลูกคนที่สามแล้ว คุณหมอก็คนเดิมทั้งเราและลูก รักที่นี่และวางใจที่นี่ที่สุดคะ,1,I used to come here and then her third child. Your doctor is the same for both us and our children. Love it here and trust me on this one.
รักบำรุงราษฎร์ที่สุดเลย,1,Bumrungrad love most
ประสบการณ์หลายอย่าเลยค่ะที่นี่ทั้งเรื่องของ ผญ.ๆๆ ที่เราไม่เคยรู้และทั้งเรื่องผ่าตัดหมอนรองกระดูกทับเส้นแถมกระดูกเคลื่อนอีก! สุดยอดเลยค่ะขอบคุณที่ทำให้เราได้ระวังและดูแลตัวเองมากขึ้น. ยาบางประเภทที่ไม่สมควรใช้อีกมากเลยที่เจอคุณหมอที่นี่แนะนำให้หยุดใช้. ขอบคุณจริงๆค่ะ,1,"Many do not experience it here in the village headman things we never knew about the surgery and cervical vertebra moves over the line, plus more! Whoa! Thank you for allowing us to be careful and take care of themselves more. Certain drugs should not take much longer to see a doctor is recommended to stop using. I really"
นับเป็นบ้านหลังที่2ของเราเลย หยุดก็ยังมา มาดีจัง...,1,It is home to two of my stops was nice to come ...
วันนี้พานายมาโรงพยาบาล,1,This led to the hospital.
ก็ใช้บริการบ่อยครับ เยี่ยมครับแต่แพงจัง!!!,1,Use it frequently But it's great !!!
ขอบคุณประสบการณ์ดีๆๆ จากรพ.บำรุงราษฐ์ค่ะ. ทำให้ได้เรียนรู้ว่าบางครั้งสิ่งแวดล้อมต่างๆๆเป็นปัจจัยที่สำคัญสำหรับคนทำงานอย่างยิ่ง ส่งเสริมให้คนทำงานมีความสุข,1,Thanks to the great experience The hospital Bumrungrat Chet me. Thus learned that sometimes the environment is an important factor for people to work more. Encourage people to work happy.
เคยไปเมื่อสองปี่ที่แล้วตอนลูกสาวเกิดพาลูกสาวไปผ่าตัดกะบังลมรั้วตอนนี้ิาการลูกสาวเป็นปกติดีแล้ว ก็ขอขอบคุณโรงพยาบาลบำรุงราษฏร์ที่ดูแลและรักษาคนไข้เป็นอย่างดีถึงจะแพงไปแต่ก็คุ้มค่ะ....,1,"Had two years ago when her daughter was taken to surgery diaphragm Nigia fence when the daughter is usually good. Thanks to Bumrungrad Hospital, the care and treatment of patients as well as to be more expensive, but well worth it ...."
เป็นลูกค้าอยู่ค่ะ..ดีมากและแพงมากด้วยค่ะ,1,Customers live in.. Very nice and very expensive too.
บริการดีมากค่ะประทับใจ คุณหมอก็พูดจาดี ไม่เหมือนที่อื่น,1,Service very good impression Your doctor is flattering Unlike other
ขอแนะนำเรื่องการบริการนิดนึงน่ะคาบผมตั้งใจบินไปใช้บริการครั้งล่าสุด. 11/11/58 รู้สึกว่าจำนวนพนักงาน พยาบาล ที่คอยอำนวยความสะดวกไม่พอกับจำนวนคนไข้ ทำให้การบริการที่เป็นจุดเด่นของโรงพยาบาลลดลงและที่สำคัญห้องพักผู้ป่วยมีไม่เพียงพอกับจำนวนคนไข้ที่เพิ่มขึ้นทำให้ต้องเปลี่ยนสถานที่รักษาเนื่องมาจากหมอสั่งแอตมิต แต่แผนกคนไข้ในของโรงพยาบาลแจ้งว่าห้องพักเต็มต้องจองคิวเพื่อรอคิวถ้าห้องพักว่างในวันรุ่งขึ้นอยากให้บำรุงราษฏร์ขยายสาขาบริเวณใกล้เคียงเพิ่มขึ้นเพื่อความสะดวกการไปใช้บริการหรือถ้าจะดีมากขยายลงต่างจังหวัดพื้นที่เศรษฐกิจ เช่นพื้นที่ท่องเที่ยวภูเก็ต จะได้สะดวกในการใช้บริการมากขึ้นไม่ต้องเดินทางไกล ขอบคุณครับ,1,"I highly recommend the service a little lesson I intend to take the last flight. 11/11/58 Number of staff nurses felt that their facilities are not enough, the number of patients. The service is the hallmark of hospitals reduced and the patient rooms, a disproportionate number of patients increased, the need to change treatment facilities due to the doctor at the Summit. The department wards of the hospital informed that the room must be booked on a waiting list if the room is empty, the next day I Bumrungrad's expansion area added for the convenience of the service, or if it's good. greatly expanding into rural areas of the economy. Areas such as Phuket It is convenient to use more services without having to travel far thanks."
"ระบบน้ำประปาพังมาก,น้ำเหม็นสนิมทั้งตึกเก่า พนักงานบอกให้เปิดน้ำทิ้งไว้ อยูมา8วันต้องอาบน้ำเหม็นสนิม โรงอาหารราคาแพงเว่อถ้าเทียบกับคุณภาพและปริมาณ เปิด6.30แต่ ซื้ออะไรไม่ได้เพราะยังไม่เสจ น้ำไม่เดือด เพิ่งเปิดร้าน กว่าจะได้กินก๋วยเตี๋ยวต้องรอไปอีกชั่วโมงนึง.การจัดการไม่มีประสิทธิภาพมาก",0,"The water supply system is broken, smelly water, rust and old buildings. The staff told to leave open water. The past 8 days have a nasty rust. The food is expensive compared to the quality and quantity over the opening 6:30, but did not buy anything because it does not boil water Sage recently opened stores. Than to eat noodles have to wait for another hour. The management is very inefficient."
บริการคุณภสพตกนะคับ กวนขันหน่อย,0,You may fall within the post's humor.
แพงค่ะสวนอื่นดีหมดทุกอย่าง,1,Park is not good for everything.
เยี่ยมมากเลยค่ะ,1,Very good
บริการแย่มากทุกครั้งที่โทรมาขอข้อมูลการกับการรักษา หรือการตรวจสุขภาพหรือขอแพคเกจการคลอดบอกจะส่งอีเมลให้ก็ไม่มีโทรมาสามรอบก็บอกจะส่งให้ก็ไม่เห็นส่ง ตรวจสุขภาพก็ไม่มีการแนะนำให้เอาปัสวะไปด้วยโทรไปนัดคิวได้บ่าโมงเจอหมอตอนห้าโมงเย็นก็เหมือนเดิมไม่เคยได้ตามเวลานัดเลยจะรัดคิวเราให้ต่างชาติก่อนเสมอไม่สนใจคนไทย พนักงานแต่ละคนทำงานแย่ไม่มีการประสานงานที่เป็นระบบต่อเนื่อง รอนาน พนักงานไม่สนใจลูกค้า ชอบเอานิสัยส่วนตัวมาตัดสินลูกค้าชอบนินทาลูกค้าในห้องน้ำยาไมได้ตามที่หมอสั่ง เวลาลูกค้โทรมาอัดเสียงใว้ ผู้บริหารเคยฟังบางมัย อัดไว้ทำไมในเมื่อไม่มัฝีการพัฒนางานให้ดีขึ้น,0,"Terrible service every time a call requesting information on the treatment. Or medical examination or request a delivery package that will send an email, it does not call for three rounds, he said that it would not pass. No medical examination is recommended to remove WS to call the shots, crazy hour queue to see a doctor at five o'clock, it's like I do not have time to fasten our cue to foreigners always ignored Thailand. Each employee working poor, no coordination is continuing to wait for employees to ignore customers. I like to judge a personality customer gossip customers in the bathroom medicine does not follow the doctor's orders. Call recording time customer trust. I'm listening to some executives Why not recorded in the anti ulcer development for the better."
ดีหลายสะอาด,1,Many good clean
มารั้งแรกนะแต่ประทับใจ ที่ให้4ดาวเพราะผมประทับใจแผนกรักษาความปลอดภัยครับ บริการดีมากหาที่จอดรถให้เป็นอยาางดีและสะดวกรวดเร็ว,1,"The first time, but impressive 4 stars because I got the impression that the security department here. The service is great for parking and to owe a great convenience."
ให้เต็มถ้าไม่มีเงินในเป๋าคงๆม่รับใช่มะ,1,If there is no money in the wallet to fill any still not been yes.
บริการดีมาก สถานที่หน้าเข้า รักษาดีมาก คุณหมอน่ารัก ไม่แพงอย่างที่คิดค่ะ,1,"Service very good location, next to a very nice treat doctor's not as expensive as you think."
ยังไม่เคยไป แต่มันเป็นโรงพยาบาลในฝัน แต่คนบอกว่า ค่ารักษาแพง ช่วยให้ความเห็นใจคนย่ากจนด้วย,1,"But it has not been to a hospital, but I was told that the treatment helps its sympathy with the people of Kenya."
สุดยอด รพ. ที่รักษาดีสุดยอด และ ราคาก็แพงสวดยอดแช่นกัน,1,"The hospital treated well, and it's expensive to Top Channel together."
ดีมาก สะอาด หมอเก่ง พนักงานทุกคนดีมาก,1,"Very clean, good doctors, all the staff are very good."
ลูกรักษาตัวที่นี้มานาน วันนี้ไปขอใบรับรองแพทย์ มาคะ แต่ได้อะไรมา อยากทราบไหมคะ,0,"I maintain that for a long time. Today I went to my doctor, but I know what I want."
บริการดีเยี่ยมค่ะ,1,"Excellent Service, good"
บริการดีมาก รวดเร็ว ดูแลคนไข้ดี หมอและเครื่องมือพร้อมมาก แต่เงินวางก็สูงลิบเช่นกัน,1,"Service very good, fast, good doctors and patients with a tool. But the place was far too high."
ประทับใจในการบริการ สถานที่ และการอำนวยความสะดวกต่อผู้มาใช้บริการมากๆ ครับ,1,"Impressed by the service, location and convenience to the customers very much."
รอหมอแผนกตานานมาก นัดมา 3 ทุ่ม 20 รอ และรอต่อไป,0,Eye doctors department waiting a very long shot from 3 pm to 20 waiting and waiting.
ดีครับ,1,good
การเดินทางสะดวก คุณหมอก็เก่งคับ,1,Convenient The doctor was very tight
อ.วิสิทธิ์ เฑียรไพฑูร รักษาดี ใส่ใจคนไข้ ให้คำแนะนำอย่างละเอียด แม้ว่าจะเป็นคนไข้เก่า อ.หมอ จะดูประวัติการรักษาเก่าๆก่อนเสมอ ถามทุกครั้งว่ายาที่เคยให้ก่อนหน้ากินแล้วเป็นยังไง กี่วันหาย ทำให้อ.จ่ายยาได้ถูกกับโรคทุกครั้ง และทำให้คนไข้อย่างเรามั่นใจยิ่งขึ้น,1,"In. In the right Montien Prime Witoonchart treatment to patient care instructions carefully. Although it is an older patient. The doctor will treat the old history first. Always ask whether drugs that had previously eaten a few days, I lost the lead. Dispensing with the disease are at all times. And patients make us more confident."
ราคาแพงมาก การบริการช้า เหมือน รพ.รัฐบาล,0,"More expensive, slower services like hospital governments."
"1.การconsult/ตรวจ ของแพทย์ ละเอียด ดีมาก,2. การให้บริการจัดคอวของพยาบาล ดีมากพยายาม เรัยกคุณหมอก่อนที่จะจึ้นไป ราวหวอด ทำให้ไม่ต้องรอนาน 3.การบริการของพนักง่นต้อนรับ แม่บ้าน อยู่ในเกน ดี 4. สถานที่ สะอาดมาก เหมือน โรงแรม มีน้ำผลไม้เสิร์ฟ ไม่มีลิมิต",1,"1. consult / medical examination of a very good resolution, 2. Providing the court the nurse's much better to raise your doctor before Aries It now offered to about fish spawn does not have to wait long. 3. The services of the employees welcome housekeeper in Bougainville 4. The hotel has a very clean juice served without limit."
บริการดีสมราคา,1,"Good service, reasonable prices"
บุคลากรน่ารัก การบริการดีมาก สะดวกเรื่องการสอบถาม,1,"Lovely staff The service is great, For ease of"
ดี,1,good
ประทับใจครับ!!!,1,I was impressed !!!
บริการดี คุณหมอก็เก่ง สะอาดสะดวกปลอดภัย เจ้าหน้าที่ บุคลากรทุกท่านบริการพูดจาดี ประทับมากๆค่ะ,1,"Service was good, clean, safe medical staff personnel can speak good service. Very imprint"
บำรุงราษฎร์เป็นร.พเอกชนที่หนึ่งด้านรักษาพยาบาลของประเทศ,1,Bumrungrad is hard. The private hospital one side of the country.
บริการดีมาก ขนาดคนไข้มีเด็กไปด้วย ยังนำรถเตียงเด็กมาให้เพิ่ม,1,"Good service, very patient with the children. The car has room to improve."
ลูกค้าจ่ายเงินเท่าไหร่ก็ยินดี แต่คุณใช้เวลาบริการนานมาก แค่ตกบันได รอผลเอ็กซเรย์ใช้เวลา4ชั่วโมงกว่า มันเกินไปมาก 30บาทยังเร็วกว่านี้ ปรับปรุงด้วยนะคะ อยากให้มีเจ้าหน้าที่แสดงความรับผิดชอบด้วยค่ะ มันเสียเวลาแบบไม่น่าให้อภัยจริงๆ รอดูการแสดงความจริงใจของโรงพยาบาลนะคะ,0,"Customers are willing to pay much money. You spend long hours just fell down the stairs waiting for X-ray takes 4 hours for it to be too much for 30 baht earlier. Updates with quote Officials wanted to show responsibility with it. It's a waste of time, not really forgiving. Waiting to see the sincerity of the hospital here."
"ค่ารักษาคนไทย ยังโหดขนาดนี้ 8คืน 900,000 บาด ผ่าตัดมะเร็งสมอง",0,Treatment in Thailand This is a brutal night 8 900 000 Bad brain cancer surgery.
ดูแลดีสะดวกสบายคุณหมอเก่งมืออาชีพ,1,You better take a good professional.
วันนี้บอกตรงๆ ผิดหวัง ตรวจสุขภาพ อดข้าวอดน้ำมา ต้องมานั่งรอวัดความดัน นานมากนะครับ ปรับปรุงนิดนึง,0,Today frankly disappointed examination starving it. Have to sit and wait for so much pressure for little improvement.
จากเพื่อนๆบอกต่อกันมา บริการดี ดูแลคนใข้เหมือนญาติเลย,1,Friends tell each other good ones like fever relatives yet.
"คนจนๆอย่างเราหมดสิทธ์ครับเขาสร้างมาเพื่อคนรวยเท่านั้น""",1,"Poor people like us out right here, he's built for the rich only. """
เป็นโรงพยาบาลที่บริการดีมากคะ คุณหมอเก่ง เครื่องมืออุปกรณ์ดีที่สุด แต่ราคาก้อสูงที่สุดด้วยคะ,1,A hospital doctor service is very good equipment best. But the price would be too high.
ประทับใจในด้านการบริการ และเครื่องมือที่ทันสมัยค่ะ,1,Impressive in terms of service And modern tools like
นัดคุณหมอ2ท่าน น่ารักมาก ใจดีแถมอธิบายให้คนไข้เข้าใจถึงโรคที่เป็นอยู่แบบสบายใจไม่กังวลคะ คุณหมอทัตพงศ์(หมอไต) คุณสาริษฐ์ หุตะโกวิท ขอบคุณคะ,1,"Doctor's appointment at 2 very generous, explained to the patient that the disease is not worried and upset. Dr. John Tuttle (kidney doctor), you can share Christ Chet Ta Sankhagowit Thanks."
ดีมากคัพ,1,Good Cup
บริการดีคับ อ.ปรีชา ดูแลเอาใจใส่คนไข้ดีมากๆ สุดยอดเลยคับ,1,The service is good. Wise patient care is very tight at the top.
ไปทำตามาคุณหมอใจดีมาก ชอบมากเลยคะมารอลุ้นกันว่าพอตัดไหมจะสวยไหม :),1,To the eye doctor very kind. I too was waiting for me as I cut it pretty :).
เยี่ยมครับ,1,I visited
คนไข้ต่างชาติมากๆๆๆๆๆ,1,Foreign patients very soon.
ดีมาก,1,very well
หมอเก่งแต่แพง,1,Doctor Good but expensive
บริการ ดีมากค่ะ ทุกคนน่ารัก พูดกับคนไข้ดูแลคนไข้ดีค่ะ,1,"The service is great, everyone I spoke to the patients wards good."
การเดินทางสะดวกเพราะมี Bts และรถรับ-ส่ง ส่วนการให้บริการ มีข้อปรับปรุงนิดหน่อยคือ ระบบชั้นของการให้บริการ ด้วยความที่ไม่ค่อยมีป้ายบอกว่า เจ็บป่วยเรื่องนี้ ต้องไปหาชั้นไหน ทำให้เวลาไปใช้บริการ ต้องถามนางพยาบาลแถวนั้นอยู่เสมอ แต่ถ้าไปตอนประมาณ 2 ทุ่ม ต้องเปลี่ยนเป็นอีกตึก อาจทำให้เกิดความไม่สะดวกได้ ส่วนบุคคลให้บริการดี คอยเอาใจใส่ และมีน้ำดิ่มไว้บริการตลอด,1,"Convenient because Bts and car - part of the service. There was little improvement Tier system of service With rarely signposted. This illnesses You have to go to class Make time to take Ask a nurse is always on the line. At about 2 pm, but if you need to switch to another building. It may cause inconvenience. Personal service is very attentive and drinking water are available throughout."
สุดยอดจริงๆ สมราคา,1,The real money
เป็นโรงบาลที่ดีมากการการบริการดีแต่ เสียอย่าเดียวถามน้องผู้ช่วยว่าหมอยิ่งยงประจำอยู่โรงบาลไหนไม่รู้นี้สิ,1,The hospital is very good but the service is good. Do not just ask my assistant that I Yingyong regular hospital nowhere here.
ฝากท้องกับคุณหมอปรีชา หมอดูแลดีให้คำแนะนำดี จ่ายยาที่จำเนป็นพยาบาลดูแลดีค่ะ,1,ฝaktgag with Dr. Preecha Great care doctor for advice. Dispense medical care to remember names as well.
โรงพยาบาลบํารุงราษฎร์ต้องยอมรับจริงๆค่ะในเรื่องความพร้อมในการให้บริการในหลายๆด้วนทั้งบุคลกรเครื่องมือทางการแพทย์ทุกอย่างครบจริงๆค่ะ ดิฉันเองไม่ลังเลที่เลือกใช้บริการที่นี่ ยังไงก็เลือกที่เป็นที่1ตลอดไปค่ะ,1,"Hospital Bumrungrad have to admit it's really about the availability of services in many express personnel, medical equipment, everything really matured. I do not hesitate to use this service. It was chosen as the first round to it."
บริการดี หมอไม่อัดยา แต่ช่วงนี้คนเยอะ เลยทำให้รอนานค่อนข้างมาก ถ้าจะมาที่นี่แล้วจะเอาเร็วคงไม่ใช่สำหรับปัจจุบัน,1,"Good medicine, but doctors do not cram the crowd. It makes quite a long wait It will soon be here, not for the present."
อาจารย์หมอเก่งมากคะ,1,I have very good teachers
เป็นคนไข้ตั้งแต่ปี2529 ไว้ใจในความใส่ใจและคุณภาพการบริการที่พัฒนาอย่างต่อเนื่อง,1,Patients since 2529 Trust in care and quality of service that is constantly evolving.
มาพบคุณหมอวันนี้ ไม่ประทับใจเลยคะ นัดไว้9.30 กว่าจะได้พบคุณหมอ 11.00 ตรวจ 20นาที ไม่มีใครม่แจ้งนะคะ ว่าจะต้องรอนานเท่าไหร่ ออกมารอใบนัดอีก 30 นาที พอไปสอบถามก็ยังไม่ได้ทำให้ เพราะงานล้นมือ ดิฉันไม่คิดว่าจะต้องใช้เวลามากมายขนาดนี้ในการรอ,0,"The doctor today I was not impressed at all by appointment 9:30 to 11:00 at the doctor examined 20 minutes, no one not notice it. That will have to wait long. Wait out the next 30 minutes, but the inquiry is yet to be made. Because swamped I do not think it would take so much of a wait."
แพงดี,1,very good
ผลตรวจรวดเร็วดีหมอเก่งๆแล้วโรงพยาบาลก็สะอาดดีบริการดีมีครบทุกอย่าง,1,"Make a good doctor knows that the hospital was clean, good service has everything."
แพงๆๆๆๆถามจิงๆๆคิดจะรักษา คนจนๆบ้างปะว่ะ,1,Very soon I think it's a treat. I'm poor perfusion
เยี่ยม,1,visit
แคชเชียที่อยู่ชั้นตรวจกระดูกคือแย่ค่ะ พูดจาและสีหน้าเหวี่ยงมาก ไม่รู้ไปเครียดอะไรมานะคะ ก็ไม่สมควรมาทำแบบนี้ไหมคะ ให้คุยกับทางประกันก็พูดจาเหวี่ยงใส่อารมณ์...,0,"Cache is the top bone is bad enough. And very flattering color cast It's stressful to Mana It's not okay to do this I like. Talk to the insurance parlance, was cast into the mood ..."
รพ.มีการดูแลคนไข้ผ่าคลอดอย่างครบวงจร ราคาแพคเกจอาจจะดูแพงกว่าที่อื่น แต่สิ่งที่ได้รับคือประสบการณ์ของแพทย์และทีมงาน คลอดบางคนคิดว่าที่ว่าที่ไหนก็เหมือนกัน แต่เมื่อเกิดเหตุฉุกเฉินการตัดสินใจของแพทย์ถือว่าสำคัญมาก ตอนผ่าชีพจรเราตก ดีว่าแพทย์วิสัญญีตัดสินใจให้หลับ ทำให้ชีพจรกลับมาเป็นปกติและปลอดภัย ขอบคุณคุณหมอวิสัญญี(ไม่ทราบชื่อ)มากนะคะ ประสบการณ์ของท่านสุดยอดมากจริงๆค่ะ พยาบาลและเจ้าหน้าที่ทุกคนก็ได้รับการเทรนมาอย่างดี สามารถให้คำแนะนำคนไข้ได้ดีมาก ตั้งแต่เรื่องการดูแลแผลไปจนถึงการให้นมบุตร ทั้ง2ท้องผ่าคลอดที่นี่ ประทับใจค่ะ ^^,1,"Hospital care for patients with caesarean sections completely. The package price may seem expensive than elsewhere. But what has been the experience of the doctor and the team. Birth some people thought that I was the same. But when an emergency doctor's decision is very important. We dissect the pulse falls That anesthesia doctors decided to sleep. Make pulse return to normal and safe. Thank you Dr. Anesthesia (name unknown) very much. Your experience really great. Nurses and all staff have been trained well. Can advise patients very well. Ranging from wound care to breastfeeding. 2, abdominal cesarean here impressed me ^^."
บริการดีที่สุดในประเทศไทย ให้ 100 เต็ม,1,Best service in a full 100.
เป็นโรงพยาบาลที่รักษาประจำทั้งครอบครัวกว่า 15 ปี,1,Hospital treatment for the whole family for over 15 years.
ประทับใจทั้งราคา และคุณภาพ,1,Impressive both price and quality
ชอบนะค่ะ สะดวกสบาย รวดเร็วดีค่ะ พยาบาลก็ดูเป็นมิตร แต่ก็ยังมีบ้างที่ดูไม่ค่อยยิ้มแย้มค่ะ,1,I like comfort care was good to see a friendly. But there are some who do not see me smiling.
รู้สึกประทับใจกับการให้คำแนะนำและการบริการค่ะ คอยเอาใจใส่เสมอๆ และทันสมัยมากเลยค่ะดูหรูมากค่ะขอบคุณสำหรับโรงพยาบาลดีๆที่มีคุณหมอและแพทย์บุคลากรที่มีคุณภาพแบบนี้นะคะ ประทับใจจริงๆค่ะ,1,"I was impressed with the advice and service it. Always attentive Elegant and stylish, too much for a great hospital with doctors and medical personnel, the quality is good. Really impressed me"
แพงมากเลย....,1,Very expensive ....
สามีต้องเข้าห้องฉุกเฉิน ตอนแรกเข้าห้องฉุกเฉินสมิติเวชสุขุมวิท พยาบาลน้อยหมอน้อย ไม่มีคนต้อนรับหน้าห้องฉุกเฉิน ประคองสามีเดินเข้าห้องด้วยตัวเอง ทุกอย่างดำเนินการช้า จึงขอย้ายรพ.ไปบำรุงราษที่ซึ่งไปเป็นประจำอยู่แล้ว เมื่อผู้ป่วยเป็นเคสที่ต้องใช้รถของโรงพยาบาลไปส่งเท่านั้นเพราะอาจเกิดความเสี่ยง ตอนนั้นเป็นเวลา6โมงเย็น ทางสมิติเวชแจ้งว่าต้องรอรถ2ทุ่มถึงจะไปส่งได้ ทางเราจึงโทรไปหาบำรุงราษเอง ทางนั้นส่งรถมารับพร้อมหมอทันที พอถึงห้องฉุกเฉินของรพ. ทั้งหมอและพยาบาลทำงานรวดเร็วมีความตื่นตัว ในห้องฉุกเฉินนั้นมีเจ้าหน้าที่เป็นจำนวนมากซึ่งต่างกับบรรยากาศที่สมิติเวชโดยสิ้นเชิง เมื่อทำการตรวจพบว่าต้องเปิดห้องส่องกล้อง แต่หมอกลับไปแล้ว ทางรพ.เรียกหมอกลับมาให้ และเปิดห้องส่องกล้องทั้งที่ปิดไปแล้วเป็นกรณีฉุกเฉิน ทั้งชั้นนั้นไปมืดและมีแค่ห้องนี้ที่เปิดสว่างเพื่อส่องกล้องให้สามีดิฉัน หลังจากนั้นก็แอดมิทที่รพ.เป็นเวลา3คืน คุณหมอมาเยี่ยมช่วงเช้าตรงเวลาทุกครั้ง อธิบายผลละเอียด พูดจาดีมาก ไม่เลี้ยงคนไข้ เมื่อเห็นว่าพอไหวก็ให้ไปนอนพักต่อที่บ้านแล้วนำยากลับไปทานเอง พยาบาลใจเย็น พูดจาดีมาก รวมถึงแม่บ้านและคนส่งของ ทุกอย่างลงตัวไม่มีความติดขัด อุปกรณ์ต่างๆในห้องพักฟื้นผู้ป่วยใช้งานง่ายและสะดวกสบาย เป็นอุปกรณ์ที่คำนึงถึงผู้ป่วยอย่างแท้จริง จึงทำให้ครั้งหน้าต่อให้เป็นมากน้อยแค่ไหนก็จะมาใช้บริการที่นี่อีกแน่นอน,1,"Husband to the emergency room At first the emergency room at Samitivej Sukhumvit. Doctors, nurses less than People welcome the emergency room Reinvigorate husband walks into a room by yourself. Everything was done slowly So let's move the hospital to Bumrungrat where it is already. When the patient is a case that requires the car to the hospital only because of the potential risk. It was 6 o'clock. The hospital stated that the car had to wait until 2 pm will be delivered. We therefore call Bumrungrat own. Then send the car to get a doctor immediately. At the emergency room of the hospital. The doctors and nurses are working quickly awake. In the emergency room, the staff has a lot of atmosphere, as opposed to a hospital altogether. When it detects that the room endoscopy. But back to the doctor The hospital called the doctor back. Endoscopic and open both closed as an emergency. The floor is dark and the only light for endoscopy room is open to the husband. After the administrator at the hospital for 3 nights. You come on time every morning. Describe the effect of raising patients not speak very well. When that was not enough to stay at home and take medication to calm flattering self-care, including women and the delivery man. All seamlessly without interruption Devices in the recovery room, the patient is easy to use and convenient. A device that takes into account the patient experience. It is time to make much use it will come here again."
สุดยอดบริการก็ดีนะ,1,The service is good
ชอบบริการประทับใจ พนักงานน่ารักทุกคนเลย ชอบเยี่ยม,1,Like Excellent Service Employees love everyone likes to visit.
ประสบการณ์คลอดลูก ประทับใจมากที่สุดคือคุณหมอให้คำแนะนำดี ตรงไปตรงมา นึกถึงใจของคนเป็นแม่มาก เลือกสิ่งที่เหมาะกับเราจริงๆไม่ใช่สิ่งที่ต้องการขายเรา สถานที่และพยาบาลดีค่ะ เป็นห่วงเป็นใยตลอด,1,Childbirth experience Most impressive is that doctors give good advice frankly reminded me of a mother so much. Choose what suits us really is not what we want. The Nursing and good Caring and
ไปผ่าตัดคลอดลูกมาเมื่อ วันที่ 5 มค. 60 ที่ผ่านมา หบังจากผ่าเสร็จก็ไปอนู่ที่ห้องพัก เจ้าหน้าที่ที่ดูแลให้ความใส่ใจมาก คอนให้กำลังใจตบอด เพราะไม่มีน้ำนมให้ลูกทาน เจ้าหน้าที่ก็พยายามให้ลูกมาดูดกระตุ้นทุก 3 ชม. และเนื่องจากยังใส่สายสวนปัสสาวะอยู่ทำให้เดินไม่ได้ เจ้าหน้าที่ก็คอยพาลูกมาส่งให้ทุก 3 ชม. ช่วยอุ้มลูกเข้าเต้านมให้ คอยดูแล และเปลี่ยนฝั่งให้ เป็นเวลา 2 วัน กว่าจะเดินได้ แต่น้ำนมก็ยังไม่ออก เจ้าหน้าที่ก็คอยมาตรวจเช็คเต้านมให้ มาช่วยบีบ ช่วยให้กำลังใจ และแนะนำความรู้เกี่ยวกับการสร้างน้ำนม จนวันที่จะออกจากร.พ. น้ำนมถึงมา ติดก้นขวด เจ้าหน้าที่ก็มาตรวจเช็คเต้านมให้ พูดให้กำลังใจ ว่ามีนมให้ลูกทานแล้วนะ พยายามให้ลูกดูดกระตุ้น พร้อมให้หนังสือ มาอธิบายการเลี้ยงลูกด้วยนมแม่เพิ่มเติม ประทับใจมากๆๆค่ะ,1,"To surgical birth, on Jan. 5. 60 past the covering fabric to the finished Chattanooga rooms. Ensuring staff are very attentive. For encouraging the blind I have no milk for children Officials are trying to motivate children to suck every 3 hour, and because the urinary catheter is makes no walks. Officials also will bring your child to send to every 3 hour to carry the ball into the breast care and change the side for 2 days to walk. But milk is not out yet Officials were waiting to check breast compression to help provide support. Advice and knowledge about milk. When it will be removed from. May. Milk bottle attached to his officials came to check the breast. Pep Talk That their children eat dairy again. Trying to stimulate the baby Ready to book Explain breastfeeding more. Impressed me"
เป็นการบริการที่ดีเอาใจใส่ดูแลดีทุกอย่างมีกานต้อนรับที่ดีมีการสอบถามตลอดเวลาเอาใจใส่มีความเป็นห่วง,1,"Service is good, everything is good care Gan good reception all the time in question, there is a concern."
เป็นโรงพยาบาลที่เน้นคุณภาพการรักษาและบริการที่เป็นอันดับหนึ่งในประเทศไทยค่ะ คนในครอบครัวมารักษาที่นี่บ่อย พนักงานตลอดจนคุณหมอและพยาบาลมีมารยาทดีมาก เคยผ่าตัดลำไส้คุณยาย แค่ 5 นาที เสร็ต ออกมายายดูชิลมาก ไว้วางใจที่นี่มากค่ะ ถ้าต้องการจะเซฟชีวิตคนที่เรารัก อยากให้เลือดลงทุนที่นี่เลยค่ะ รับรองว่าไม่เสียความรู้สึกแน่นอนค่ะ,1,Is the designated hospital for treatment and services that are number one in Thailand. The family treated here often. Employees as well as doctors and nurses are very well behaved. Grandma had intestinal surgery just 5 minutes off the line rock grandmother looks very chic. Trust is very If you want to save the lives of people we love. Investors want blood here too. That certainly does not feel bad.
อันดับคือด้านการรักษา คุณหมอเก่งค่ะ  บริการดี  อาคารสถานที่สวย  สะอาด มากๆ,1,"The first is to maintain You have good service, good facilities, very clean."
บริการดี  รวดเร็ว  แต่แพง,1,Service is fast but expensive
เป็นคนไข้ของที่นี่ตั้งแต่เริ่มตั้งครรภ์ ได้รับการดูแลดีมาก ทั้งครอบครัวตัวเองและและของพี่น้องไช้บริการที่นี่ หมอและพยาบาล บุคคลากรทุกคนมีความเอาไจไส่คนไข้ เวลาที่เราเจ็บป่วยไปโรงพยาบาล สิ่งที่อยากได้คือการเอาไจไส่ เหมือนเราเป็นคนสำคัญ เพราะคนเราเวลาป่วยจิตใจมักออ่นแอ การเอาใจไส่เป็นสิ่งสำคัญ,1,"The patients here from the start of pregnancy. Has been very good care Both myself and the family of brothers and Services divisions here, doctors, nurses, staff, everyone took Jaime cricketers patients. When we get sick, to the hospital. What I have is to Jaime cricketers. We as a key Because people are often mentally ill at an exocrine. The cricketers feel it is important"
รพ บำรุงราษฎร์เป็น รพ ที่ไปรับการรักษาโรคเป็นโรงพยาบาลหลักของครอบครัวมานานร่วม 30 ปีแล้ว โดยเฉพาะโรคเบาหวานที่เป็นโรคเรื้อรังซึ่งต้องมาพบแพทย์ทุก 3-4 เดือนเพื่อทำการตรวจเลือดและรับยาอย่างต่อเนื่อง ได้ทำการรักษามาร่วม 4 ปี ล่าสุดเดือนธันวาคม 2559 จากผลการตรวจเลือด แพทย์ได้แนะนำให้ไปพบแพทย์แผนกไต เพราะมีการบ่งบอกว่า ไตทำงานไม่ค่อยดี และมีค่าแคลเซียมออกซาเลทค่อนข้างสูง ซึ่งอาจมีผลให้เกิดนิ่วในไตได้ เมื่อได้พบแพทย์เฉพาะทางแผนกไต พญ.นภิสวดี รู้สึกประทับใจคุณหมอมากๆ คุณหมออธิบายและให้คำแนะนำเรื่องการดูแลสุขภาพ การดื่มน้ำให้เหมาะสม อาหารต่างๆที่ทานได้หรืออาหารอะไรที่ควรหลีกเลี่ยงอย่างละเอียด และไม่รำคาญหรือหงุดหงิดที่คนไข้อย่างเราถามจุกจิกละเอียด คุณหมออธิบายและคุยพร้อมกับยิ้มไปตลอดการสนทนาอย่างเป็นกันเองทั้งๆที่เพิ่งพบกันครั้งแรก และคุณหมอแนะนำให้เก็บปัสสาวะแบบ 24 ช.ม.เพื่อทำการตรวจวิเคราะห์อย่างละเอียดเพื่อให้ได้ผลตรวจที่ชัดเจน และมีการนัดแพทย์ครั้งต่อๆไปเพื่อฟังผลและรักษาอย่างต่อเนื่อง ครอบครัวรู้สึกประทับใจคุณหมอมากๆ ทำให้สบายใจและอบอุ่นใจที่มีคุณหมอคอยดูแลและรักษาให้ค่ะ ถือว่าเป็นความประทับใจที่สุดอย่างหนึ่งในปี 2559 ของครอบครัวเราค่ะ,1,"Bumrungrad Hospital is a hospital to receive treatment at a hospital in the family for 30 years, especially diabetes is a chronic disease that requires a doctor to perform a blood test every 3-4 months and the drug continues. Has treated over 4 years last month, in December 2559 the results of the blood test. Doctors have advised to seek medical department kidneys. It is an indication that Poor kidney function And the relatively high calcium oxalate. This could result in kidney stones. When a doctor kidney specialist Dr. departments. The doctor is very impressed Wadi Pis. Doctor explaining and giving advice on health care. Drinking water suit What foods to eat or avoid food items. And do not bother or upset the patient, we asked fussy detail. The doctor explained with a smile and talk to all the conversation in a friendly in spite of recently met for the first time. And the doctor recommended to collect urine for 24 hrs.. To be analyzed carefully to get a clear diagnosis. And a doctor's appointment next time to hear the results and ongoing treatment. The family doctor is very impressed. Making it comfortable and warm with a doctor to care for and maintain it. Considered one of the most impressive in the year 2559 our family here."
"ระบบคอลลเซนเตอร ดี รวดเรว พุดไพเราะ มีความรุ้ด้านการพยาบาล ไม่ใช่มีหน้ารับโทรศัพท์เท่านั้น
มีการประเมินการให้บริการ
การทำงานในส่วนอื่นจัดว่าดี รวดเรว ที่สำคัญ มีแพทย์ที่มีคุณภาพ",1,"System call stating a fast computer with a sweet strike'm nursing. Not only has the phone
Assessment of Service
Working in sections, that's good, that fast with a qualified physician."
บรรยากาศดี บริการดีมาก มีอุปกรณ์ทางการแพทย์ที่ทันสมัย,1,"Great atmosphere, very good service with modern medical equipment."
ทั้ง 2 รพ. ไม่แตกต่างกันเริ่มตั้งแต่ รปภ. แม่บ้าน. เคาร์เตอร์ พยาบาลและหมอ. ผมเข้าใจเลยว่าแต่ละคนคือคนที่ทำงานหนักมาก นอนน้อย. และแบกรับความอึดอัด ความกดดันของชีวิตคนอื่น และความรํ้สึกที่บางอย่างก็ต้องยอมเสียเพราะอดทนไม่ได้ต่อสิ่งที่อยู่ตรงหน้า. ผมเห็นรอยยิ้ม และการทักทาย. เคยเจอเหตุการณ์ที่ไม่โอเคเลย. ก็มีการส่งข้อความไปทางเว็บ. ได้รับการแก้ไขที่รวดเร็วและเปลี่ยนแปลงแบบทันทีจนตกใจ. การใส่ใจเรื่องยา และเวลารอตรวจรอยา เจ้าหน้าที่ ทั้งที่งานล้นมือ แต่กลับเดินมาหาแล้วสอบถามทุกครั้งเพราะเห็นเรานั่งรอนาน. บางทีลืม. บางทีมึน เภสัชจะสังเกตุพฤติกรรมของเราแล้วคอยย้ำคอยเตือน บางครั้งมีโทรมาหาเพราะเราแพ้ยาและบางทีก็ไม่มีสติ สิทธิ์ที่ใช้ก็ประกันสังคม แต่เขาก็ดูแลเราได้สุดๆ ทุกวันนี้กลับไปเยี่ยมหาตลอดแม้จะต้องย้ายสถานที่เพราะลืมพวกเขาไม่ลงจริงๆ,1,"The second hospital is no different from the security guards. Maid. Counter nurses and doctors. I understand that each person is a person who works very hard to sleep less. And the bear uncomfortable. The pressures of life, others Rํg and felt that something had to be wasted because the patient is not on the front. I saw smiles And greetings. Ever come across an event that is not okay. It has sent a message to the web. Get a quick fix and instant changes to panic. The drug awareness Waiting time for medical staff either overloaded. He then walked over to ask every time they saw us waiting long. Maybe not. Maybe Pharmacy conspired to observe our behavior, then we will repeat the warning. Sometimes we are calling for intolerance and perhaps even unconscious. I have used Social Security But he took care of us even more. I want to visit all the places I have to move because they do not really."
รู้สึกที่นี่จะเน้นไปกับการรักษาชาวต่างชาติมากขึ้นค่ะ แต่ก็ยังเห็นว่ามีคุณหมอที่ยังมีคุณภาพอยู่บ้าง (แต่ไม่มากเท่าถ้าเทียบกับ รพ. ที่อื่น) เคยไปหาคุณหมอสูติท่านหนึ่งเพื่อตรวจเรื่องประจำเดือนมาแบบไม่ปกติ คุณหมอจับเราส่งทำ test หลายตัวมาก และเมื่อเรากลับมาหารอบที่ 2 แต่กลับได้เจอคุณหมออีกท่าน ท่านนี้บอกว่า อ้าวทำไมต้องทำตั้งหลายตัว มันไม่เกี่ยวกันเลย เราเซ็งมากค่ะ ไม่คิดจะกลับไปหาหมอสูติคนเดิม เลยปรึกษาคุณหมอคนที่สอง ขออนุญาติเอ่ยนามนะคะ คุณหมอยุค ท่านน่ารักมากๆค่ะ ให้คำแนะนำและข้อวินิจฉัยชัดเจนมากค่ะ ถ้าภาพรวมนั้นยังถือว่าโอเคอยู่ค่ะ ประทับใจคุณหมอยุคมากๆค่ะ,1,"Here we will focus on the treatment of foreigners more. But it also suggests that doctors still have some. (But not as much as compared to hospital where else) ever going to find a doctor to check your obstetrician about menstruation is not normal. The doctor sent us to handle multiple test and when we come back for the second round, only to see your doctor right away. This says So why do so many options. It's not about me We very sick He will return to the same doctor, obstetrician. So consult your doctor second. Who do you say the name of the doctor you love very much. Advise and diagnose very clearly. If the picture still okay here. I was very much impressed by you."
ตอนแรกนึกว่าเป็นดูไบแลนด์ครับผมเลือกไปปรึกษาที่นี่ตอนเด็กกว่านี้ รู้สึกเดี๋ยวนี้ที่นี่ไม่ค่อยดูแลคนไทยดีเท่าชาติอื่นครับ ไม่ทราบผมคิดไปเองรึป่าว แต่สังเกตนางพยาบาลที่นี่ก็ไม่ค่อยเป็นมิตรมากครับ เคยพาภรรยาไปหาหมอครั้งนึงครับ รอนานมากๆทั้งที่ไปถึงก่อนคนแรกๆแต่ชาวต่างชาติที่ปิดหน้า มาถึงปุ๊บ รอไม่นานเข้าทันทีครับ ผมไม่ค่อยประทับใจเลยครับ,0,"At first thought as Dubailand, I choose to discuss this here now. I do not care now here in Thailand as well as other nations do. I thought to myself I did not know it. The nurse noted that this was not very friendly. I took my wife to the doctor on my time. Wait very long at first, but before the foreigners arrived unexpectedly off waiting for him immediately. I really appreciate it"