reviews,ratings,reviews_en
           บรรยากาศโรงพยาบาลสวยงามมีแอร์เย็นสบาย  เดินทางไปสะดวก  บุคคลากรทุกคนบริการคนไข้ดีมากตั้งแต่เดินไปเลย  ก็จะมีคนคอยแนะนำว่ากรอกประวัติคนไข้ใหม่ยังไงบ้าง  ต้องทำอะไรในขั้นตอนต่อไป  ต้องไปหาหมอชั้นไหน   พอไปถึงหน้าห้องตรวจก็รอคิวไม่นานค่ะ  พยาบาลและคุณหมอใจดี  ค่ารักษาไม่แพง และรักษาดีมากค่ะ ,1,Hospital beautiful atmosphere with cool air. To ease Hospital staffs all very nice to me since. It is recommended that people wait to fill out new patient I know. What to do in the next step. Which floor to go to the doctor As I reached the front of the check was not waiting for me. Nurses and doctors generous The treatment is expensive And maintain very good
มีศูนย์โรงผิวหนังเฉพาะทางที่ดีมากๆ​ คุณหมอทุกคนเก่งมากๆ​ และใจดีมากๆ​ ให้คำปรึกษาดีมากในการรักษา อบอุ่นมากๆ​ พี่ๆพยาบาลก็น่ารัก​ แต่ว่าต้องไปเช้าๆหน่อยเพื่อไปรับคิว​ ยาของที่โรงพยาบาลก็ดีมากๆ​ ราคาไม่แพง​ เข้าถึงได้ง่าย​ ค่าใช้จ่ายโดยวมในการไปรักษาถือว่าไม่แพง​ อีกทั้งยังมีเครื่องมือในการตรวจที่ครบครัน​ มีห้องตรวจเฉพาะด้านหลายห้องมาก​ คุณหมอใจดีมาก​ ตอนไปตรวจครั้งแรกเครียดมาก​ แต่คุณหมอก็ชวนคุยให้หายเครียด​ ทำให้ชอบที่นี้มากๆ​ เวลามาหาหมอก็ไม่ค่อยเก็งเหมือนตอนมาแรกๆ​,1,"Center Specialty Hospital is very good. You are all very kind and very good mentor is great for keeping warm, so my nurse was lovely. You have to go a bit to get to the queue. Of medicine at the hospital, it is very inexpensive, easily accessible. The expected cost of the treatment is affordable. It also provides tools to inspect the facilities. The doctor has a lot of rooms. You are very kind At the first examination stress. But the doctor was invited to make stress disappear. Make love to this very He had little time for speculation, as the first step."
"หมอและพยาบาลบริการดีครับ สุขภาพเรียบร้อยให้การตรวจรักษาอย่างดี
ระบบการจัดคิดตรวจ จ่ายเงิน รับยา รับใบนัด เป็นระเบียบเรียบร้อยเข้าใจง่าย เครื่องมือที่ใช้ตรวจมีความทันสมัย สะอาด และค่าบริการไม่แพงเกินไป ตัวอาคารถือว่าใหม่ แต่ลิฟท์น้อยไปหน่อย ห้องน้ำมีกลิ่นบ้างแต่ถือว่าสะอาดพอสมควร มีพนักงานคอยทำความสะอาดตลอด
มีโรงอาหารและร้านค้าให้เลือกหลากหลาย เพียงพอต่อความต้องการ
การเดินทางมาสะดวก ที่จอดรถมีพอสมควร แต่แนะนำให้นั่งรถสาธารณมาจะดีกว่า",1,"Doctors and nurses serving good Health successfully to treatment well.
System checks that pay patients receive an appointment card, tidy, easy to understand. Monitoring tools are modern, clean and the service is too expensive. The building is new Lift a little less. Bathrooms smell, but is reasonably clean. Staff are constantly cleaning
A cafeteria and a variety of shops. Enough to meet demand
Getting comfortable Parking is enough But to ride the public better."
การให้บริการของพยาบาลและคุณหมอดีมากๆค่ะ โรงพยาบาลมีร้านค้าและตลาดให้ซื้อของเยี่ยมคนไข้ โรงอาหารก็อาหารอร่อย แต่คนเยอะทำให้ต้องรอคิวนานต้องไปแต่เช้ามืดและมักมีปัญหาเรื่องที่นั่งรอกับที่จอดรถไม่พออยู่บ่อยๆ แถมที่นั่งรอบางที่เองก็ร้อนมากๆไม่มีพัดลมให้ จะไปแต่ละทีต้องเตรียมของเตรียมตัวให้พร้อมออกจากบ้านตั้งแต่6โมงเพื่อไปรอคิวและจองที่นั่งรอพบคุณหมอ,1,Services provided by nurses and doctors very good. The hospital has to buy shops and markets of our patients. The food was delicious But he had to wait a long time to go early and often had trouble waiting with not enough parking lot. I'm waiting on some very hot with no fan. Each one will be prepared to be ready to leave home at 6 am to reserve a seat and wait for the doctor.
ที่ โรงพยาบาลราชวิถี ให้การตรวจรักษาและให้บริการดีมากๆ ตั้งแต่คุณหมอ คุณพยาบาล เจ้าหน้าที่ เจ้าหน้าที่เปล คุณหมอคนไข้เยอะมากๆ คุณหมอไม่พักเที่ยงคุณหมอตรวจคิวขอเราไปจนถึงบ่ายโมงกว่าๆ แล้วยังมีคิวคนไข้อีก คุณทานข้าวเที่ยงตอนไหนค่ะ เห็นแล้วอยากให้คุณหมอรักษาสุขภาพด้วย ต้องขอขอบคุณคุณหมอมากๆค่ะ ขอบคุณคุณพยาบาล ขอบคุณเจ้าหน้าที่ทุกท่านเลยค่ะ,1,"Hospital Rajvithi To maintain and service very good. Since your doctor your medical staff officers stretcher. Outpatient doctor lot You do not stay at the doctor checks the queue to get us over the afternoon. Then again, there are the queues of patients You now have lunch. Then I want you to stay healthy. I want to thank you very much. Thank you, nurse Thank you to all the staff it"
ดิฉันเคยไปผ่าตัดตาสองชั้นที่โรงพยาบาลราชวิถีค่ะซึ่งตาของดิฉันจะไม่เท่ากันข้างขวาจะเล็กกว่าข้างซ้ายเพราะมันเกียวกับหนังตาค่ะ ก่อนจะมาผ่าตัดที่โรงพยาบาลนี้ก็มีโรงพยาบาลอื่นแนะนำมาว่าให้ใช้สิทธิ์ของเราค่ะบัตร30บาทในการรักษาดิฉันเป็นคนต่างจังหวัดจึงทำเรื่องส่งตัวมาที่โรงพยบาลราชวิถี ซึ่งคุณหมอก็วินิจฉัย แล้วก็ตกลงจะผ่าตัดดึงหนังตาให้เป็น2ชั้นให้มันเท่ากัน ก็ได้จองคิว รอคิวแระมาณ5-6เดือนค่ะ คุณหมอก็ให้คำปรึกษาดีค่ะและนัดติดตามผลตลอดค่ะ,1,"I had to double eyelid surgery at a hospital here which Rajvithi my eyes are not equal to the right hand over his left eye because it's about me. Prior to surgery, the hospital has also recommended that hospitals make use of my card for 30 baht to treat me as a countryman, so it sent to the hospital's governance Rajvithi. The doctor's diagnosis It agreed to pull eyelid surgery is a 2 story, it was equally reserved in the Carboniferous queues at 5-6 months. Doctor's consultation and good follow-up appointment at me."
เป็นรพ.ที่ดิฉันมั่นใจเรื่องสูตินรีเวชมากค่ะ คุณหมอวินิจฉัยละเอียดและดีที่สุดสำหรับการรักษาผู้หญิงเฉพาะทางค่ะ(ถึงพยาบาลบางคนจะดุและปากเร็วดูบ้างแต่ก็ใช่ว่าจะละเลยคนไข้ค่ะ)ส่วนตัวคือไม่ชอบการบริการของพยาบาลบางท่าน..แต่การรักษาของทีมแพทย์สุดยอดค่ะ..เชี่ยวชาญที่สุดแล้วค่ะ เพราะการรักษาของดิฉันในครั้งนั้นใช้บัตรทองแต่การรักษาเทียบเท่ากันทุกสถานะภาพ โรงพยาบาลนี้ฝากชีวิตไว้ได้แน่นอนค่ะ,1,"The hospital's obstetric I am confident that much. Doctor diagnosis and the best treatment for women only way it (the hospital, someone will scold and mouth as fast as some Yes, but that would be ignoring the patient) and private is not like the services of nurses, some of you.. But the treatment. the medical team here.. the expertise it. The treatment of me at that time the Gold Card, but retaining all comparable status. This hospital has to leave the life course."
โรงพยาบาลราชวิธีเป็นโรงพยาบาลหนึ่งถือผมเข้าบ่อยที่สุดในกรุงเทพมหานครครับเพราะเป็นของรัฐบาลจึงมีค่ารักษาไม่สูง ค่อนข้างถูกด้วยซ้ำจึงทำให้ผมติดใจเรื่องของค่าใช้จ่ายอีกทั้งยังอยู่ใกล้ที่พัก ติดสถานีรถไฟฟ้า BTS ทำให้สะดวกยิ่งขึ้นเพระาต่อให้รอคิวนานแค่ไหนก็ยังไปที่อื่นก่อนได้เพื่อเป็นการประหยัดเวลาแถสที่นั่นยังมีของกินให้มามายเพราะติดห้างสรรพสินค้ามากมายครับ ที่ผมชอบนั่งสุดก็คงจะเป็น Center One เพราะมีแอร์ครับ 555 ทำให้เพลินจะได้ไม่หงุดหงิดตอนรอคิวด้วยครับ อยากให้เพื่อนๆลองเข้าไปใช้บริการดูนะครับสถาบันผิวหนังขาก็โอเคครับเคยเข้าเลยบริากรใช้ได้เลย,1,"Royal Hospital to a hospital in Bangkok, one of the most common hair because the government is not keeping up high. I was quite impressed with it, so the cost is also near the hotel. To BTS, making it even more Raa to wait long before they go elsewhere to save time and banked there, there's lots to eat because many department stores here. I love sitting at the top would be the Air Center One, because I need to make 555 not frustrated with the wait. I see I try to use my legs Skin Institute is OK, but I've yet acceded resources available."
โรงพยาบาลราชวิธีเป็นโรงพยาบาลหนึ่งถือผมเข้าบ่อยที่สุดในกรุงเทพมหานครครับเพราะเป็นของรัฐบาลจึงมีค่ารักษาไม่สูง ค่อนข้างถูกด้วยซ้ำจึงทำให้ผมติดใจเรื่องของค่าใช้จ่ายอีกทั้งยังอยู่ใกล้ที่พัก ติดสถานีรถไฟฟ้า BTS ทำให้สะดวกยิ่งขึ้นเพระาต่อให้รอคิวนานแค่ไหนก็ยังไปที่อื่นก่อนได้เพื่อเป็นการประหยัดเวลาแถสที่นั่นยังมีของกินให้มามายเพราะติดห้างสรรพสินค้ามากมายครับ ที่ผมชอบนั่งสุดก็คงจะเป็น Center One เพราะมีแอร์ครับ 555 ทำให้เพลินจะได้ไม่หงุดหงิดตอนรอคิวด้วยครับ อยากให้เพื่อนๆลองเข้าไปใช้บริการดูนะครับสถาบันผิวหนังขาก็โอเคครับเคยเข้าเลยบริากรใช้ได้เลย,1,"Royal Hospital to a hospital in Bangkok, one of the most common hair because the government is not keeping up high. I was quite impressed with it, so the cost is also near the hotel. To BTS, making it even more Raa to wait long before they go elsewhere to save time and banked there, there's lots to eat because many department stores here. I love sitting at the top would be the Air Center One, because I need to make 555 not frustrated with the wait. I see I try to use my legs Skin Institute is OK, but I've yet acceded resources available."
คุณหมอและเจ้าหน้าที่ บริากรค่อนข้างโอเคครับ เอาใจใส่ผู้ป่วยทุกรายสามารถคุยเล่นกับคุณหมอได้พอสมควรเลยครับ เป็นกันเองแบบสุดๆครับ รอก็ไม่นานมากเท่าไหร่ สามารถเดินไปเล่นบริเวณห้างตรงอนุเสาวรีได้ก่อนครับ จะได้ไม่ร้อนมาก ส่วนแถวของกินแถวนั้นเยอะมากครับอีกทั้งในโรงพยาบาลยังมีโรงอาหารที่ใหญ่มาก ของขายก็เยอะมากครับ ที่สำคัญนะครับผมไม่มีสิทธิอะไรยังจ่ายราคาไม่แพงเลยในเรื่องของค่ารักษาพยาบาลเป็นโรงบาลที่โอเคมากๆเลยในระดับหนึ่งเลยหล่ะครับ,1,"The doctor and staff Ria's arm is quite ok. Pay attention to all patients can talk with your doctor is reasonably good. It was extremely friendly Wait, it's not much. Within walking distance to area shopping at the monument before it. It was not so hot Kinแtw row of the lot and the hospital has a large cafeteria. It's a lot of sales More importantly, I do not have a right to pay less expensive in terms of medical expenses, the hospital that's really a good one for me."
คุณหมอ พยาบาล และเจ้าหน้าที่ มีความเป็นกันเองมาก ทำให้มีความสบายใจเมื่อต้องไปที่โรงพยาบาลนี้  แม้ว่าช่วงนี้จะปรับปรุงสถานที่ และสร้างตึกใหม่อยู่ แต่ก็ยังได้รับบริการที่ดี  สำหรับบรรยากาศภายในโรงพยาบาล ถือว่าดี เพราะภายในมีสวนหย่อม นั่งพักผ่อนได้ หรือหากต้องการฆ่าเวลา ก็มีตลาดนัดให้ไปเดินจับจ่าย ซื้อของ,1,"Doctors, nurses and staff There is a very friendly The peace of mind to go to this hospital. Although this will improve the site. And build a new building It was a great service. For the atmosphere within the hospital as well as a garden. Sit, relax Or to kill time It has a market to go shopping."
"หมออายุรกรรม(ห้องฉุกเฉิด)รอบวันที่30 มิ.ย.2561
บริการได้หวยแตกมากๆ ผมมาเจาะเลือดวัดผลไข้เลือดออกตั้งแต่เวลา 13.00น
ผลออกมาแล้วตั้งนานแต่กลับไม่มาตรวจว่าจะเอาอย่างไรกับคนไข้ปล่อยให้ผมรอจนถึง5.30นผมเดินไปถามหมอ หมอบอกว่าต้องรออีก และหมอทั้งสองท่านก้อยังนั้งอยู่ที่โต๊ะของตัวเองอย่างสบายใจ

ส่วนพยาบาลก้อทำงานตลอดดีหน่อย
แต่ผู้ช่วยพยาบาลนี่ไม่ไหวหาแต่ของกินและจับกลุ่มคุยกันสบายใจเลย",0,"Doctor of Medicine (Emergency rooms appear glamorous) around June 30, 2561.
Service was very poor I come from dengue blood test 13.00.
The result was a long time ago, but did not check whether the patient about letting me wait until 5:30, I went to ask the doctor. The doctor said to wait You and I both know there are seats at the table for their own peace of mind.

The nurses do not work as well.
But this is not a nurse, but a swarm of eating and talking uncomfortable at all."
"26/3/61 ไปรอตรวจที่ชั้น9Aตั้งแต่8โมง ยันบ่าย3. ยังไม่ได้ตรวจเลย. หมอห้องเบอร์5 เป็นผู้หญิง เรายืนแอบมองเห็นเพราะมีคนไข้เปิดประตูไปถามหมอเมื่อไหร่จะเรียกรอนานแล้ว ทั้งๆที่ในห้องก็ไม่มีคนไข้เลย. หมอตอบมาว่า""รอนานยังไงก็ต้องรอค่ะ"" 7 ชั่วโมง ตรวจไป13คน. รอหมอห้องนี้เยอะมาก พอตรวจเสร็จคนไข้ออกมา ก็ไม่กดเรียกคิวต่อไป. แย่มากมีแต่คนไข้ว่า. ",0,"03.26.61 9A to pending class from 8 am until 3 pm has not been reviewed yet. Doctor's room number 5 was a woman standing there because I see the patients when the doctor opened the door and asked to wait a long time. In spite of the patients did not have any. I said, ""Wait for me I have to wait here,"" 7 to 13 hours of people. Doctor's waiting room a lot. Check out the complete patient enough It's not called the next cue. But that is a terrible patient."
บริการดีอยู่ค่ะแต่พยาบาลหญิงแพน ศรรยกรรมชายชั้น8คนตัวอ้วนสูงดำ ไม่รู้ชื่อค่ะเราแค่ถามดีๆกลับด่าเราเช่ยแถมยังทำท่าเป่ปากใส่แล้วเดินหนีอีกคนป่วยปวดท้องเราก็ไม่รู้จะทำไงแค่พูดดีกับเราก็ไม่ได้ยังด่า ชุดที่คุณใส่น่าจะอยู่ทึ่คนดีๆค่ะปากแบบนี้ไม่น่าได้ใส่ชุดดีๆเลยค่ะมีแต่คำด่าป้าเตียงข้างๆและอีกหลายคนก็โดนเหมือนกันค่ะ,0,"Service is good, but the Pan female nurses. Arrow Dental RY male 8th floor of a high fat black. You name it, we just ask you to think most of us also acted Pei mouth and walk away, another sick stomach upset we did not do it just to say we do not know yet. What you wear should be good people respect my mouth is not good to wear it, but damn bed next to me and many other people did not like it."
บริการแย่มาก ข้ามคิว กดเบอร์คนที่มาที่หลังไปก่อนคนมาก่อน ไม่แฟร์ และหมอไม่ค่อยใส่ใจคนไข้ อยากให้ปรับปรุง,0,"Terrible service crossing the queue, press the number who come back to them before, not fair and I do not care patients. Want updates"
พนักที่นี่เค้าไม่แบ่งระว่างการใช้เงินสดหรือบัตรประกันสังคมเค้าบริการดีทุกคน,1,A break here may not have the spare cash to use that card or social security services for all people.
มีความล้าช้า คนใช้บริการมาก พนาบาลดูแลไม่ทั่วถึง,1,People have delayed a lot. Nursing care of uneven
อาจารย์หมอสุรศักดิ์ เก่าเอี้ยน ให้คำแนะนำดี,1,Professor Dr. Surasak old Yang gives good advice.
รพ.ราชวิถี คลีนิกพิเศษ คุณหมอและคุณพยาบาลดูแลดีมาก ตรวจอย่างละเอียดและให้คำแนะนำทุกอย่าง เส้นทางในรพ.ถึงแม้จะคับแคบ แต่มีลูกศรชี้ให้ตามทางเดินทุกช่วงและสามารถสอบถามใครก็ได้ ห้องน้ำสะอาดและสวยงามมาก แผนกERถึงบางครั้งเป็น นศพ.แต่ก็รักษาได้ดีมี อ.หมอคอยกำกับและดูแลอย่างใกล้ชิด เดินทางสะดวกติดรถไฟฟ้า สามารถใช้สิทธิเบิกตรงได้หากเป็นข้าราชการ พยาบาลฝ่ายคัดกรองช่วยให้คำปรึกษาและส่งตัวไปยังแพทย์เฉพาะที่ดีสุดในวันนั้น ถือว่าเป็น รพ.รัฐ ที่ดีพร้อมทุกอย่าง ทั้งบุคลากร เครื่องมือ การเดินทาง ค่าใช้จ่ายที่ค่อนข้างถูกมาก และคลีนิกพิเศษ ที่ไม่ต้องรอนานมาก,1,"Hospital Rajvithi Clinics extra doctors and nurses very good care of you. Thorough inspection and make recommendations for everything. In the hospital, although cramped. However, with an arrow pointing to the passage all over and ask someone. Bathrooms are clean and beautiful ER departments to sometimes be The funeral. It was a great treat. In. The doctor who directed and supervised closely. Easy access to BTS This withdrawal can be exercised if a public official. Nursing assistant department screening, counseling, and referral to a specialist who is considered the best in the hospital a great state with all the personnel, equipment, travel costs are relatively cheap. Clinics and Special Do not wait too long"
ประทับใจในการรักษาของแพทย์ทุกคนที่ตั้งใจให้การช่วยเหลือผู้ป่วย,1,Impressive in its treatment of all physicians who intend to help the patient.
พญาบาล คุณหมอพูดจาดีมากค่ะ ดีกว่าแต่ก่อนเยอะมากกกกกก,1,"Paya Governance doctors speak very good. Better, but not very good."
เป็นมะเร็งที่รังไข่ค่ะ มาหาหมอแรกๆก็กลัวและตื่นเต้นคุณหมอก็ตรวจเพิ่มและส่งตรวจเพิ่มเติมอีกหลายอย่างและหาวันผ่าตัดให้ทันทีเร็วสุดคือสองเดือนครึ่ง คุณหมอและพยาบาลที่นี่พูดเพราะและให้คำแนะนำทีี่ดีมากปฏิบัติกับคนไข้แบบไม่รังเกียจและไม่แยกชนชั้นของคนไข้ ดิฉันรู้สึกขอบพระคุณและชื่นชมคุณหมอคุณพยาบาลที่ราชวิถีที่ให้โอกาสดิฉันมีความสุขกับชีีวิตน้อยๆนี้ต่อไปค่ะ,1,"Ovarian cancer is not The first doctor was scared and excited doctor examine it and add additional tests for several days, and surgery is the fastest two and a half months away. Doctors and nurses say this because great spell and advise patients not treated with disdain and not a separate class of patients. I feel very thankful and appreciate your doctor your medical Rajvithi for the opportunity I was happy with this little Chii switch to it."
บริการขั้นพื้นฐานที่รวดเร็ว เป็นระบบขั้นตอน ไม่ทำให้ผู้ป่วยเสียเวลานาน,1,The basic service is fast A step Patients do not waste time.
คุณหมอและพนักงานบริการดีค่ะ,1,Doctors and staff there.
เป็นโรงพยาบาลของรัฐที่มีการดูแลประชาชนค่อนข้างดี แต่ใช้ระยะเวลาค่อนข้างนาน,1,The public hospitals are caring for the public good. It takes quite a long time
ผ่าตัดเมื่อวันที่ 4/1/60 นอนห้องพิเศษชั้น 8 คุณพยาบาลใจดี ดูแลดีมาก ๆ เข้ามาถามเป็นระยะว่าปวดมั้ย อยากได้ยาแก้ปวดมั้ย,1,Surgery on 04.01.60 bedroom floor 8 you kindly nurse care much into question as it pains me. I want a painkiller.
บริการดี. เป็นมิตร,1,Good service. Friendly
เดินทางสะดวก ทางรพ.มีความพยายามในการให้บริการที่ดี แต่คนใข้มากจริงๆ วันนี้ก็เต็มไปหมด แถวยาวเกือบรอบรพ. :(,1,"Convenient to the hospital in an effort to provide better service. But really Usage Today, it's all over Nearly a long line around the hospital. :("
ต้องปรับปรุงอย่างแรง..ครับ วันนี้ไปตรวจตาถึงรพ.6:30ทำบัตรใหม่พร้อมกับเพื่อนน้องอีกคน ผมได้คิว176 น้องได้คิว170 น้องได้ห้อง1ตรวจเสร็จ10โมง ส่วนผมได้ห้อง6(ขอไม่เอ่ยชื่อคุณหมอละกันครับ)รอจนจะบ่าย2ยังไม่ได้รับการตรวจ ไม่อยากนึกถึงคิวก่อนหน้าผมอีกเท่าไร หลังผมอีกเท่าไร ไม่ไหวครับรับไม่ได้จริงๆที่ต้องใช้เวลา7-8ชั่วโมงเลยไปรายงานไว้ที่ศูนย์ฯของรพ.ให้ปรับปรุงอย่างเร่งด่วนแล้วก็กลับบ้านเลยครับไม่ตรงไม่ตรวจแล้วครับแบบนี้,0,"Improvements to the force.. I. Today, to the eye hospital 6:30 a new card with my younger brother, I've got a queue queue 176 170. It has completed a first review at 10 o'clock. I have 6 rooms (ask your doctor, do not mention the name of it) to wait until the afternoon 2 has not been detected. I think the queue before me much. Behind me how I do not really get to spend 7-8 hours to report it to the Center of the hospital to improve urgently, then went home I did not check it now."
ระบบห่วย บัตรทองตีเปนเสียเงินเอง พยาบาลช้า ไล่ไปห้องนั่นที่นี้ที รอมาตั้งแต่เช้า เปนรพ.ที่แย่มากๆบริการแย่ ไม่รุ้ว่ารักษาคนหรือสัตว์ ปากสุนัขมาก ค่ะ,0,Gold hit the lottery system as a waste of money to own hospital room shortly after that here. Waiting since morning As a hospital that terrible terrible service. Know that people treat animals or dogs mouth very much.
พนักงานปากโถส้วมสุดสุด...ทำหน้าตาก้ไม่ดี,0,Staff super toilet mouth ... do not look good.
มาคลอดลูกที่ รพ พยาบาล ให้ห้องคลอดและ จนท พยาบาล ที่ดูแลในตึกพักคนไข้ น่ารักทุกคน พูดจาดี ดูแล เอาใจใส่ดีมาก รวมไปถึง แม่บ้านทุกคน ขอบคุณ จนท ทุกคนด้วยนะคะ และขอเป็นกำลังใจในการทำงานคะ ตึก พิเศษ 5ก,1,The birth in the hospital delivery room nurse and nursing care for the patient to stay in the building's all very flattering attention to every housewife's all thanks to them. And a morale building that special 5.
อยากจะแนะนำครับ อาคารที่จอดรถถ้าเต็มแล้วทำไมต้องให้ขึ้นไปวนเล่นละครับ รปภ. ก็มีทุกชั้นทำไมไม่ใช้เครื่องมือในการสื่อสารแจ้งกันละครับ วนรถขึ้นไปมันเสียเวลาที่จอดก็ไม่มี หรือเก็บเงินจากการวนรถเล่นหรอครับ เรียนเพื่อทราบ,0,"I would recommend Storey car park is full, if I have to give up to play the part of my security guards. It is all class, why not use the tools of communication to notify each one. It's up to the car park was not a waste of time. Or collecting money from the play too. Learning to learn"
ให้การรักษาดีมาก บริการอื่นดีทุกเรื่องสถานที่เหมาะสม,0,To maintain good Other good all the right places.
ไปรักษาหัวใจที่โรงพยาบาลราชวีถีพยาบาลให้ความช่วยเหลือเป็นอย่างดี,1,To treat heart hospital royal royalty medical assistance as well.
เวรเปลพูดจาไม่ได้เรื่อง ตะโกนด่ากันข้ามหัวคนอื่น แย่ๆ,0,Fate empty talk do not matter Shouting to each other projectiles bad.
พนักงานห้องกรอกประวัติมารยาททรามมาก นึกถึงหัวอกคนกำลังป่วยบ้างนะ มายั่งหน้าบูทใส่คนไข้บ้าหรือเปล่าคุณ,0,Employees fill out a profile so vile manners. Recalling chests are some patients. The sustainable booth next to you is insane patients.
กราบขอบพระคุณ..คุณหมอพุทธิพร เย็นบุตร มากคะ ท่านมีเมตตา จิตใจดี ไม่ดุคนไข้ที่มาหา ดูแลไม่ถือตัว ไม่คิดว่าจะได้พบแพทย์จิตใจดีขนาดนี้ในโรงพยาบาลของรัฐ....ซึ้งน้ำใจคุณหมอมาก เก่งมากด้วย แอบได้ยินนักศึกษาแพทย์คุยกัน ว่าได้เรียนกับอาจารย์เราต้องเป็นแพทย์ที่ดีในอนาคตแน่ ได้ยินแล้วปลื้มใจแทนท่านจัง...,1,"Respectfully thank.. You act cool rationality many children do you have a compassionate heart, not scolded for patients. Take care not hold Doctors did not expect to find this in mind, a state hospital .... which is very generous with your doctor overheard students talking. We have learned that the instructors have a good doctor in the future too. I'm glad to hear you ..."
"ผมไม่คิดอย่างไรกับร.พ.ราชวิถีแต่ที่ร.พ,คีรีรัฐเก็บค่าวันสำคันคนละ๕๐บาทเอาออกเอาในพอกจา่ยตรงก็แพงมากๆ",0,"I do not think about the process. May. But the Rajvithi. May, Kiri state parks charge a day for 50 baht apiece removed the mask in direct expense is very expensive."
สำหรับแพทย์และพยาบาลที่ทำหน้าที่ดีอยู่แล้วก็ขอให้ดีต่อไปนะ แต่ที่ผมจะพูดถึงคือแพทย์และพยาบาลที่ไม่มีจรรยาบรรณ วินิจฉัยโรคมั่วซั่วและไม่ใส่ใจคนใข้ พูดจาหมาไม่แดก และส่วนใหญ่ผมก็มักจะเจอแต่ประเภทนั้น ถ้าพวกคุณไม่เต็มใจจะรักษาแล้วจะเรียนหมอมาทำ...อะไรล่ะครับ แล้วไม่ต้องมาอ้างน่ะครับว่าคนใข้เยอะ ในเมื่อคุณเลือกที่จะจบแพทย์แล้วคุณก็ต้องทำใจยอมรับในหน้าที่ของคุณอยู่แล้ว ถ้าไม่อยากเจอคนใข้หรือไม่เต็มใจจะรักษาก็ไปเป็นยามสิครับ ปล.ถ้ามีโอกาสเดี๋ยวผมจะบันทึกชื่อพร้อมพฤติกรรมมาให้ได้ชื่นชมกันนะครับ,0,"For doctors and nurses who do good anyway, it's good to know. But I will mention is that doctors and nurses who have no ethics. Diagnosis haphazardly and carelessly aided people. I do not speak the Riksdag And most often, I come across, but that category. If you are not willing to keep learning what I do ... it. I do not claim that aided me a lot. When you choose to end the doctor, you have to accept your role in it. If you do not want to see people gain or unwilling to treat it is to guard me. PS. If I had the opportunity to record the names and behavior come to appreciate them."
สงสารคุณหมอ คนไข้40-50คน หมอคนเดียว ยิ่งคนที่เรืยกชื่อวัดความดันชั่งน้ำหนัก คนไข้เป็น100 แต่ทีมไม่ถึง10คน ช้านิดช้าหน่อยก็รอหน่อย คนที่ใด้พบหมอก่อนก็เพราะเขามาก่อนเรา,1,"Poor Doctor of 40-50 patients a single doctor's name who matters raised blood pressure patients weighing 100, but a team of 10 people. I was a little slow, slow wait. People who believe the doctor before he was due to come before us."
วันนี้ไปตรวจร่างกายมา ขอชื่นชมพยาบาล เวชศาสตร์ครอบครัว ชั้น 9B โต๊ะ 2 ที่มีอายุหน่อย บริการดีมากๆ พอเข้าห้องตรวจห้อง 13 พญ.หัตถาญจน์ ก็พูดจาดีและเอาใจใส่ดีมาก ขอบพระคุณอย่างสูงครับ ปกติใช้บริการ รพ.เอกชน คราวนี้ใช้ รพ.ราชวิถี รู้สึกดีมากๆไม่ต่างกับ รพ.เอกชนที่เคยใช้บริการครับ และคิดว่าไม่ว่าคนไข้จะใช้สิทธิราชการ ประกันสังคม และบัตร 30 บาท การให้บริการก็คงไม่ต่างกัน เพราะทุกคนย่อมมีสิทธิเข้าถึงการรักษาพยาบาลที่เท่าเทียมกันตามรับธรรมนูญ ครับ,1,"Today's a physical examination We appreciate Hospital Family Medicine Class 9B Table 2 provides a bit good enough exam rooms to 13 rooms, MD. Hatha Kan was flattering and very attentive. Thank you very Usually a hospital, this time using a private hospital Rajvithi not feel very different. Hospital services have been privatized. And do not think that patients are entitled to the official use of Social Security cards and 30 Baht service would not differ. Because everyone is entitled to equal access to healthcare received by that Constitution."
หมอตรวจห้องฉุกเฉินเคยคุยกับคนไข้บ้างไหมคะ นึกว่ามาหาเด็กฝึกงาน แย่คะ ห่วยสุดๆ,0,Emergency room doctor had talked to some of my patients. That's not bad for a trainee shoddy deal.
อยากรู้ว่าใบชันสูตรบาดแผลปรกติกี่วันจึงจะได้รับเพราะรักษาตัวหายมาเกลือบสามเดือนแล้วยังไม่ได้รับเลยมีผลกับคดีความอย่างมากรออยู่อย่างเดียว..ไม่รู้ใครจะให้คำตอบได้บ้าง ทางตำรวจก็บอก รพ.ยังไม่ออกให้คือมันนานแล้วคะควรทำไงดีคะ,0,"That leaves mortem wounds, usually a few days to get it admitted it had salt for three months and has not been so effective in the case of a highly awaited one.. But I will answer it. The police say Hospital also issued a long time ago that it should do it."
พยาบาลพูดจาแย่มากๆ เงินเดือนที่ได้รับอยู่ ก็มาจากภาษีของประชาชนรึเปล่า,0,Nurses speak very bad The salary has been It comes from the taxes of the people there.
มาทำแผลรถล้ม มาถึงคือยื่นบัตรปกติ พยาบาลกับผู้ช่วยพยาบาลที่ซักประวัติพูดจาแย่มาก!!!!! ชุ่ยมาก ไม่มีมารยาท ใช้คำพูดและวาจาที่ไม่เหมาะสมสุดๆ คิดบ้างนะคะไม่มีใครอยากมาโรงพยาบาลกรอกค่ะถ้าเขาไม่ได้บาดเจ็บหรือป่วยอะไรจริงๆ คุณทำอาชีพนี้ควรที่จะคิดและไตร่ตรองก่อนแสดงกริยาท่าทางใดๆออกมา การกระทำของคุณวันนี้คุณไม่ควรที่จะมาทำหน้าที่ตรงนี้เลยค่ะ,0,"The car wound down to the normal card is submitted. Nurses with nursing assistants history flattering terrible !!!!! Casual, very rude and verbally abusive words around. I thought no one would come to the hospital if he did not fill me really sick or injured. You should do this before the verb to think and ponder pose any out. Your actions today, you are not supposed to act right now."
แผนกกระดูก พยาบาลจำนวนหลายคนบริการที่แตกต่างกันมาก ทั้งๆที่ทำงานเท่าๆกัน แต่บางคนเลือกที่จะแสดงออกมาอย่างยิ้มแย้ม พร้อมจะตอบคำถาม พูดคุยถามทุกสุขดิบ บางคนแค่ถามคำถามเล็กน้อยที่ไม่เหนือบากกว่าแรงเลย ทำสีหน้าไม่ดี พูดจาประชดประชัน มองหางตา ทั้งๆที่เราไม่ได้ถามอะไรที่ผิดด้วยซ้ำ ทุกอาชีพมีหน้าที่ที่ต้องรับผิดชอบแตกต่างกันออกไป ดังนั้นอาชีพพยาบาลที่คุณเลือกที่จะทำแล้วคุณต้องทำมันให้ดีที่สุด ไม่ใช่ว่าจะอ้างอยู่ตลอดว่าคนเยอะ ร้อน เหนื่อย กาอนทำงานคุณต้องทราบดีอยู่แล้วว่าอาชีพของคุณคืออาชีพบริการและเป็นหารบริการคนที่ไม่สบายทั้งกายและใจ หมดความรู้สึกมากและหมดคำจะพูด ที่เลือกที่นี่เพราะหมอดีและเก่งจริงๆ ไม่งั้นไม่มาแน่นอนเพียงเพราะพยาบาลทำลายบรรยากาศของสถานที่ที่คนมาฝากความหวังและกำลังใจ ....,0,"Many orthopedic department nursing services are very different. It works equally However, some people choose to act out smiling. Ready to answer questions Enjoyed talking to all the raw Some people just do not ask the question a little more than a notch above all. Do not look good Tongued ridicule looking eyes even though we did not ask what was wrong with it. Every profession has a responsibility to differ. The nursing profession you choose to do, you do it to the best. It is not that all that really hot and tiring work, you need to check before you know already that your career is a career services division and a service person is sick, both physically and mentally. I feel great and I have to say a word. The choice here is really good and the doctor. Do not destroy the atmosphere of the nursing course, just because a place where people come hope and encouragement ...."
น่าจะติดลบมากกว่า ------0000000-------------,0,More likely to be negative 0000000 ------------- ------
เมื่อวันที่25/03/59ผมไปตรวจตาเพราะตาเจ็บและแดงที่ห้องจักษุหมอบอกว่าตาติดเชื่อแต่ผมมองเหนและหมอได้ขูดเอากระจกตาผมจึงทำให้ผมมองไม่ชัดแต่หมอบอกว่าวันเดียวผมมองไม่ชัดมา4วันแล้วผมกลัวว่าจะมองไม่เหนอีกเลยโรงบาลจะต่องรับผิดชอบด้วยนะหมอที่ขูดตาผมด้วยไม่งั้นผมแจ้งรัฐข้อหาทำให้ผมมองไม่เหน,0,"On 3/25/59, I went to the eye because of sore eyes and a red eye, eye infection, but the doctor said I could not and I had to scrape the cornea, so I'm not clear, but doctors said the same day. I am obviously not for 4 days, then I am afraid that will not do any more to the hospital to be with my doctor so I scratch my eyes by not informing the state charged me for activists."
ยามพูดจากวนส้นตีนชิบหาย,0,Speak from the heel chips disappear.
เป็นสถานที่ๆให้บริการประชาชนที่ดีที่สุดทั้งแพทย์และพยาบาลมีน้ำใจช่วยเหลือทุกคนเท่าเทียมกันหมด,1,A place that offers the best of both doctors and nurses generous help everyone equally exhausted.
ขับรถถึงตั่งแต่ตี5ครึ่งกว่าจะได้จอด7โมงที่จอดก็ไม่มีมาก็ไกลถ้าผมปวดตาตาคงบอดไปแล้วที่เปนโรงบาลที่ไม่มีที่จอดรถสำหรับรถตู้,0,Driving up since 5am and 7am parked half to park it had no further pain Had I been blind eye to the hospital as a lack of parking for trucks.
นัดไปเพื่ออะไรค่ะ คนเค้าก็ทำมาหากินนะไม่ได้มีเวลามานั่งว่างๆรอหมอได้บ่อยๆ แฟนเป็นเกี่ยวกะตาค่ะช่วง 2 เดือนเเรกนัดดูอาการทุกอาทิตย์. ไปถึงเช้าตรวจ 4 โมงเย็นอันนี้เข้าใจ แต่วันนี้แฟนไปรอหมอทั้งวัน สุดท้ายก็ไม่ได้ตรวจกะหมอคนนั้น บอกเลยนะค่ะรักษาไม่ได้ใช้สิทธิ์ อะไรเซงค่ะเจออย่างนี้ถ้ารุ้ว่าต้องอบรมนัดคนไข้ไปทำไมเยอะแยะ บ้างคนเค้ามาไกลเข้าใจเค้าด้วยเสียค่ารถ ค่าเวลา,0,"I have next to nothing He's making a living, I do not have time to sit idle waiting for the doctor frequently. It was on my eye during my first two months I see signs every week. Check morning to 4 o'clock this understanding. But today I went to the doctor for the day. Finally, it is not my doctor examined him. Tell me it is not the right treatment. Zeng What I found something that I know I have to train patients to do a lot. Some structures have come a long way with the understanding that the cost of the time."
ผมว่าก็ดีน้ะ....บางครั้งก็ต้องทำใจเพราะคนป่วยมาที่นี่ค่อนข้างมากการให้บริการของหมอก็รักษาตามอาการ ถ้าเข้าถึงเข้าใจ ท่านก็จะสบายใจน่ะครับ,1,"I'm fine .... sometimes you have to accept, because sick people come here quite a lot of doctors providing symptomatic treatment. I understand access You will know me"
มาไช้บริการตลอดก็เจอแต่เจ้าหน้าที่ดีๆๆๆนะ,1,"The service divisions, but officials did not do any good."
จัดระเบียบดีมากครับเจ้าหน้าที่ถือว่าดีมากถ้าเทียบกับโรงพยาบาบรัฐฯที่อื่น,1,Organize very good staff is very good compared to the state hospital on the other.
อยากถามว่ามีใบนัดทำไมต้องไปขอไปส่งตัวและหน่วยคัดกรองด้วยช่วยตอบให้หน่อยเถอะงงมากๆๆๆๆๆๆ,0,Asked if there was a need to seek appointment to the screening and help with a bit puzzled me much any more.
ไม่เข้าจัยค่ะว่านัดทำไม่มาตามนัดแต่กับบอกว่าหมอไม่มาคืองงค่ะรอบนี่เป็นรอบที่สองของเดือนมกราคมที่มาโรงพยบาลราชวิถีค่ะแต่ไม่ได้ทำอะรัยให้เลยทางโรงพยาบาลสิงห์บุรีส่งตัวคนไข้มาเจาะหาชิ้นเนื้อที่โรงพยาบาลราชวิถีพอมานางพยาบาลบอกว่าต้องรอให้คนไข้เก่าหมดก่อนถึงจะตรวจคนไข้ใหม่ได้อันนี่เข้าจัยค่ะว่ายังไม่มีประวัติแต่รอบสิงนี่มีใบนัดประวัติมีแล้วแต่กับบอกว่าหมอไม่อยุ่คือรัยอ่ะงงค่ะเพราะปัยทีไม่ได้ใช่ตังบาทสองบาทต้องขึ้นรถปัยไม่ได้มีรถเป็นของตัวเองคือจะนัดทำไม่ค่ะดิชันไม่เข้าจัยค่ะเป็นมนุษย์เงินเดือนนะค่ะ,0,"Not a factor here that I do not come by appointment, but said that doctors were puzzled me around here a second round of January, the hospital's governance Rajvithi but did not make it anything at all to the hospital. Sing transported a patient to be drilled for a biopsy Hospital Rajvithi enough nurses told to wait for patients older out before the patient has this to factors that it has no history, but around this thing a shot records. have Think, but to say that I was not fussed is anything but simple, because the problem with not using gluten Baht two baht to car problems I do not have a car of my own is that I do not like editions are not factors. it is a human wrong."
อีคุณอ้วนๆขาววัยกลางคนที่เค้าเตอร์หน้าห้องคลอดชั้น2 สามีบอกช่วยถือของไปที่เตียงให้ได้มั้ย ทำหน้าทำตาขี้เกรียจหน้าตบมาก สามีก็เลยบอกงั้นเดี๋ยวผมเปลี่ยนรองเท้าจะไปส่งเอง มันไม่ให้เข้ามันก็เลยยอมถือของให้เราแทน( คิดจะทำงานบริการเอาแต่สบายเห็นใจคนท้องหน่อยก็ไม่ได้ของมันหนัก ทำงานแบบนี้แต่ใจไม่บริการก็ไม่ต้องทำแล้วแหละค่ะ),0,"Your e-obese middle-aged white man at the front counter delivery room, 2nd floor. My husband told me to hold on to my bed. Tmhngatmta Penny Greer hit the front a lot. I told her I'll change my shoes to be sent. It does not hold me to it instead of us (the service will work only a little sympathy for the people it does not, it's hard. This service is not working, but I do not like it)."
บุรุษพยาบาลที่ชื่อดนัย นักเลงมากครับ ผมไม่ใช่ไม่กล้า แต่ผมกับพี่พาพี่อีกคนนึงไปหาหมอ และที่คุณหาว่าพวกผมข้องใจหรืออะไรอ้ะ มีแต่คุณที่มาหาเรื่องและเริ่มก่อน และผมก้พูดตรงนั้นว่า ผมขอผมไม่อยากมีเรื่อง ถ้ามีแล้วมันจะเรื่องใหญ่ เพราะพวกผมก็เอาคุณหนักแน่ๆ แต่อารมคือพี่ผมป่วยต้องหาหมอ ผมถึงไม่อยากมีปัญหา อีกอย่างคุณทำงานด้านบริการ คุณไม่น่าทำแบบนี้ เพราะมันส่งผลต่อภาพลักษณ์ของโรงพยาบาล,1,"Male nurse named Danai Rowdy lot I'm not afraid But the older I get more people to see a doctor. And you find that, I suspect, or what is it. But you have to pick up and start earlier. And I'm saying exactly that. I'm not having an affair. If yes, then it is a big deal. Because I took you too hard. But the mood was so sick I had to find a doctor. I do not want to have problems You also run the service You can not do this Because it affects the image of the hospital."
ดีๆๆมากๆๆๆๆรักษาแม่ผมหายครับ ขอบคุณๆ,0,"A great many other treatments, I lost my mother, thank you."
อยากถามว่าลานจอดรถมีไว้ให้แต่หมอ กับเจ้าหน้าที่ในโรงบาลจอดอย่าเดียวหรา ผมวนรถเข้าไป 3 รอบก็มันก็ไม่ให้จอดทั้งๆที่เนื้อที่ก็ว่า แต่มันบอกว่าที่เต็ม แต่ผมก็เห็นรถมันวิ่งเข้าไปจอดกันน่ะ แต่ผมเข้าไปทำไมถึงบอกว่าที่เต็มบอกที (กูงงไอ่สากกก),0,"Asked for a parking lot, but the doctor. The staff in the hospital room, I do not trust a single car into the third round, but it was not a parking space in spite of that. But it says the full But I saw it run into the car park as well. But I can tell why that is full. (Oh What's rugged kg)."
จริงแล้วเราต้องเป็นนักเรียนทุนแพทย์วชิระที่นี่ เพราะวุฒิช่างแท้ กลัวจะได้นายแพทย์จอมโหดมั้งเลยหายเงียบ แหมน่าเสียดายไม่งั้น หากน้องรักพี่น๊ะ พี่เป็นหมอ ถูกใจไอ้คนหล่อๆแบบเรา มาเพื่อให้ได้อะไรสักอย่างเพื่อหลอกเขาทำเมีย เครื่องแบบ ตำแหน่งดีๆ แต่เราเป็นคนทำมาหากินน๊ะเฮ้ย โธ่เดาเราผิดขอบอก นาย อภิชาติ แก้วทอง ข้าราชการ กมร. พยาบาลวิชาการ กรมแพทย์ทหารบก และ กองอนามัย 2540,1,"Actually, we need a medical student Wachira here. It's so true I will be ruthless doctor right away so quietly. Well, unfortunately, do not If I love you just like a doctor, he was handsome like me. To get something to fool his wife have a uniform position, but we are not making a living FSU. Oh, I guess we were wrong, said Mr Apichart Kaeothong the servants away. Academic Hospital. Army Medical Department and Health Division in 2540."
เรียนท่านผู้บริหารโรงพยาบาลนะครับ Service Mind คำเนี่ย อบรมลูกน้องคุณหน่อย อย่าให้ลงรายละเอียดเลยครับ,0,"Dear Hospital Management Service Mind my word for it, you little minions. Do not get into the details here."
เมื่อวานเพิ่งเจอมาค่ะคือพาแม่มาตั้งแต่เย็นวันจันทร์ที่ 19/12/16 อยู่ในห้องฉุกเฉินเพื่อรอแอทมิด แต่พอวันที่ 22/12/16 หมอบอกว่าแม่อาการดีแล้วให้กลับบ้านได้ก็กว่าจะเสร็จเรื่ิองเอกสาร&ยาก็ปาเข้าไป4โมงเย็นพอดีได้เวลาอาหารเย็นก็จะไปเอาอาหารมาป้อนแม่ แต่เจอคำพูดแบบนี้(หมอสั่งให้กลับบ้านแล้วไม่มีข้าวให้นะ)อ้าวสะงั้น เราก็เลยไปซื้อโจ๊กมาป้อนแม่แต่ตอนนี้แม่เริ่มมีอาการไม่กลืนข้าวน้ำก็ไม่กลืน เราก็เลยไปบอกคุณหมอให้มาดูอาการแม่ให้หน่อยค่ะ แต่ได้คำตอบแบบนี้ค่ะ (คนไข้ได้กลับบ้านก็ต้องรอกลับบ้านหมอจะไม่ก้าวกายคนไข้คนไข้กันแล้วหมอก็ทำเป็นคุยโทรศัพท์เดินหนีไปเลยโดยไม่สนใจเราและแม่ทั้งๆที่แม่กลืนอาหารไม่ได้เรียกก็ไม่ตอบสนอง (เสียดายไม่ได้ดูชื่อ หมา ..เอ้ย...หมอคนนั่นค่ะ,1,"Yesterday I came across recently is taking place since Monday evening in the emergency room waiting 12/19/16 At 22/12/16 At mid-day, but the doctor said I have to go home, then it's over. the document must be completed Khun Chris at CP & Spa was administered to 4 pm it was dinner time, it's going to take food to feed her. But I say this, (the doctor ordered to return home, but no rice), I reflect that. We had to buy porridge to feed her, but now she does not swallow the onset of rice water is not swallowed. We're going to tell your doctor all symptoms, the mother of my mother. But answer me this. (The patient has returned home to wait for it to Mo to step up patient wards as well as a doctor on the phone, I walked away without us and in spite of her mother swallow does not run, it does not respond. (I did not see my name.. ... and that my doctor."
บริการช้ามาก ห่วยมาก,0,"Service was very slow, very bad"
"โดยทั่วไป พนักงานทุกคนน่ารัก ยิ้มแย้มแจ่มใส เป็นกันเอง และให้ความช่วยเหลือและคำแนะนำเป็นอย่างดีคะ แต่จะมีที่ขัดกับบุคคลอื่นอยู่สักหน่อย ก็น่าจะพนักงานตรวจตา ห้องเครื่องมือพิเศษ ห้องตรวจหมายเลย17 อยู่1คนนี่ละคะ ที่เห็นแล้วรู้สึกมิน่าชื่นชม "" "" ด้วยการใช้น้ำเสียงและคำศัพท์ ที่ใช้กับคนไข้ และ ดูเหมือนการหาเรื่องมากกว่าการช่วยเหลือนะคะ"" อยากจะขอวอนทาง รพ.ให้ช่วยอบรม พนักงานทุกคน ให้มีใจรักในการบริการ คนส่วนมากคนที่มาใช้บริการ ก็คือผู้ป่วย และผู้สูงอายุ พวกเขาสมควรที่จะได้รับการดูแลที่ดีคะ",1,"In general, all staff lovely. Beaming friendly and offer help and advice as well as for you. But there are other people that are against me. Employees should check the eye A special tool Mean, 17 examination rooms Here is one person anyway I wonder where I feel appreciated, """" with the tone and vocabulary. The patients seem to pick over and help me, ""I want to beg the way. Hospital staff to help anyone with a passion for service. Most people who come to the patients and the elderly. They deserve to be cared for good."
ที่นี่คือ ร.พ แต่ทำไมม่มีมารยาทเลยเวลาถามก้อใช่คำหวน อีกอย่างนะ เพื่อนเราโดนสว่านรูดใส่มือมาคือกูไปทีอื่นเขาให้ผู้ป่วยเขเาไปก่อนป่ะแต่ที่นี่อะไรยืนรอแล้วรออีก พอพวกหมอพยาบาลเจอกันพูดหัวเราะกันกระซิกๆ แต่พอจะคนไข้ถามกระแทกแดกดัน. พอดีมาตอนพี่คนนึงพาแม่มาตรวจพ่เขาก้อถามคนที่อยู่ตู้92นะว่าต้องไปตรวจที่ไหนค่ะเอกสารยื้นที่ไหน พอบอกเสร็จพี่เขสก้อเลยว่าทำไมไม่บอกแต่แรกพยาบาลคนนัเนทำตาโตทำทาไม่พอใจบอกก้อบอกแล้วตึงเฉลิมพระเกรียติฯ คือไม่ต้องกระแทกคำป่ะไม่พอใจทำงานก้อลาออกไปเลย. กูไม่ชอบคนที่ถามประวัติตู้ 91/1. ดัดฟันผมม้า คือมองจิกตลอด ปล. กุไปหาหมออนามัยดีกว่าไม่ใหญ่เหมือนโรงพยาบาลแต่สันดานดี มาครั้งนี้จะไม่มาอีกดีนะที่กุไม่ได้ป่วยเพือนกุป่วย.,0,"This is hard. May but not mannered at all times I'm right words come again, my friend, we just drill swipe your hand over the loan to another he gives patients access Ea to me, but here I stand now. wait But they say doctors, nurses met Krasikๆ laughing. But when patients are asked sarcastically. I came when I took my mother to the detected he would ask the cabinet to determine whether 92 it submitted a document where you travel. When I finished, I understand why he's saying, but the first nurse to Nasser's eyes do not be upset that I have already tense celebration Greer's comments. The shock was not upset me working my ass off at all. I do not like people who ask cabinet records 91/1. Braces Bangs is a pinch over the years. Kung better health to a doctor, not a big hospital, but a good trait. This time will not come again, good simulated simulated patients are not sick friend."
บริการแบบห่วยๆ พยาบาลชักสีหน้า ถามอะไรก็เหมือนไม่อยากตอบ นี่ถ้าไม่อยากบริการก็กลับบ้านไปนอนเถอะค่ะ มากี่ทีก็เจอแต่แบบนี้...กุนี่ป่งยมาไม่อยากจะรักษาเลย,0,"Crap service Nursing whip expression Asked what it's like not answering. If the service does not want to go home with me. No matter how it comes across, but this ... this simulated Pong I did not want to treat it."
ที่จอดรถไม่มีให้ มีแต่ที่จอดรถหมอ ถาม รปภ.ว่าตรงไหนจอดได้บ้าง มันก็ตอบไม่เอาแขก ไล่ให้ขึ้นไปถึงชั้น 8 ยังไม่มีที่ให้จอดเลยพอขี่กลับลงก็จอดไม่ได้ ตรงนั้นก็ไม่ได้ ตรงนี้ก็ไม่ได้ สรุปอาคารนี่ที่จอดรถหมอ เพราะ รปภ.มันบอกเสียรายเดือน แต่ดีอยู่อย่างน่ะ มีคุณหมอใจดีบอกทางไปตึกอายุรกรรมให้ ถาม รปภ. ไม่ได้เรื่อง,0,"Parking is not available But parking doctor asked the guards. That's where I had parked. It would not take guests Catching up to the 8th floor to the park to ride back down was not enough parking was not. There was not This was not The building is parking doctor because the security guards. It said the monthly breakdown. But it is very good You are generous to say the medicine ward, ask the security guard. Does not matter."
บริการต่ำทราม ลองให้ครอบครัวมึงป่วยแล้วเจอแบบที่พวกมึงทำเลวๆกับคนไข้บ้างเกอะ,0,Service villainous Let your family know you care and that you are doing pretty well with some patients Vereker.
ขอร้องเรียนน่ะค่ะพนักงานเข็นเตียงคนไข้ หมอให้กลับบ้านตั้งแต่เที่ยงกว่าๆ กว่าจะใด้กลับบ้าน บ่ายสองโมงครึ่ง รอแค่คนมาเข็นเตียง ตามไปสองรอบไม่มาเลยเดินมาดูที่ห้องคนเข็นเตียง เหงพนักงานอยุ่หลายคน ดูทีวีอยุ่ ตัดสินใจตามรอบที่ 3 พอมาถึงก็ทำท่าไม่พอใจเข็นเตียงกระแทกใส่ ทำประชดใส่ แถมพูดจาไม่ดีใส่อีก....,0,"I'm not complaining employee stock sickbed. Doctor to return home from noon over. Than to any home Two o'clock half Just waiting for someone to Bed According to the second round, I went to look at the trolley bed. Many employees persecution IBT IBT TV decision by the 3rd round when it comes to unfavorably impact Bed sarcastically put it to do bad things to another ...."
รอตรวจนานมากค่ะ เเต่การรอตรวจนานไม่ทำให้เเย่เท่ากับพยาบาลที่อยู่คัดกรองผู้ป่วย คืออะไรค่ะ คุณอยู่งานบริการ คุณควรบริการให้ดี ไม่ใช้พูดจาหมาไม่แดก คำพูดจากับผู้ป่วยควรที่จะคิดก่อนพูดนะคะ ดิฉันไม่ได้มาขอให้คุณรักษาฟรีๆนะ เสียเงินเหมือนกันค่ะ ช่วยปฏิบัติกัยผู้ป่วยให้เท่าเทียมกันด้วยค่ะ ขอบคุณค่ะ,0,"Waiting too long But the waiting time does not make it the least nurses are screening patients, what is it you're in the service. You should make good He did not speak to the Riksdag Patients should speak with words, think before you speak to me. I did not ask you to treat me for free. Like a waste of money Testimonials help treat patients equally well, thank you."
พูดได้คำเดียว อย่ามีเลยสถานที่แบบนี้ พยาบาลปากหมา ไม่ดูแลคนป่วย คนป่วยเป็น พม่า เป็นต่างด้าว พวกมึงก็พูดจาว่าเขา ดูถูกเขา พอๆ กรุจะไม่ไปเหยียบอีกและ โรงบาล เฮ็งซวย,0,"I have one word Do you have a place like this abusive nursing care for the sick, not sick as Burma, is alien to you, it's flattering that he insulted him enough not to step on dungeon to another hospital in Helmand nemesis."
นัดแปดโมงคะเรามาหกโมงเพราะมีเจาะเลือดเรารีบมาทำไห้เสร็จแต่เช้าสรุปเข้าห้องตรวจบ่ายสองโมงครึ่งนั่งรอแล้วรออีกจนท้องแข็งปวดหลังก็ปวดตรวจเสร็จต้องมานั้งรอคิดเงินรอยาอีกสรุปวันนี้มาหกโมงเช้ากลับบ้านสี่โมงเย็น,0,"Strikes eight o'clock, we have six because the blood we need to do the finishing early conclusion to the examination room, two o'clock, half sit and wait and wait until the stiff back pain is pain inspectors complete required seats awaiting charges pending. the drug is six o'clock in the morning back home at four o'clock."
ผมมารักษาด้วยโรคหัวใจเป็นเวลาปีเศษแล้วครับ ด้วยสิทธิ์ประกันสังคม ต้องบอกว่าตั้งแต่มาที่นี้ ได้รับการรักษา ต้อนรับจากพยาบาล คุณหมอ นางพยายาล จนท.ห้องรับยา ห้องกายภาพบำบัด ทุกท่าน ต้องบอกว่าทุกคนให้ความต้อนรับเป็นอย่างดีครับ ท่านที่บ่นว่ารพ.ไม่ดี จนท.ไม่ดี ถ้ามองเห็นมุมเขาบ้างก้อจะเข้าใจนะ คือทุกวันพวกเขาทำงานเจอแต่คนป่วย คนเจ็บ ร้อยพ่อพันแม่แห่มากันคอยตั้งแต่เช้าตรู่ จนถึงเย็น อยุ่กับสภาพที่แออัดครับ ต่างคนต่างก็ขอกูก่อน อยากให้คนไทยด้วยกันให้กำลังใจกันนะครับ ถ้ารุมด่าเขาผมว่ามันคงแก้ปัญหาไม่ได้หรอก ผมยังเห็นคนไทยชมกันน้อยไป แต่ถ้าด่านี่....ถึงไหนถึงกัน,1,"I treat heart disease for a year and then scrap it. The right to social security I must say that this came from. Treated Welcomed by the medical doctor's prescription medicine until. Room drugs. Physiotherapy room, all you have to say that everyone is welcome as well. He complained that the hospital until bad. Not bad, if I see him over to understand. Every day they come to work sick, injured hundreds, but thousands father's flock that waited from early morning until evening the pipeline with conditions that are overcrowded. People asked me before. Thailand wants people together to encourage them. If he insults the crowd that it would not solve anything. I also saw little difference to Thailand. But Dani .... Gun"
คุณหมอเก่งดีทุกท่าน โดยเฉพาะคุณหมอสูงชัย แผนกข้อและกระดูก เอาใจใส่คนไข้ดีมาก ถึงคนไข้เยอะท่านก็ไม่เคยบ่น รักษาจนคนไข้หมด ไม่พักเที่ยง แต่เราไปหาท่านนอกเวลา มีบ้างที่ไปหาในเวลา ชอบคุณหมอสูงชัยท่านนี้มาก จะมีไม่ถูกใจบ้างก็พยาบาลโดยเฉพาะห้องสูตินารีเวช นอกนั้นถือว่าดีค่ะ,1,"You can do better The high finish your doctor The department and bones There's a very good patient The patient but he never complained. Outpatient treatment until noon, but we will not stay to find out all the time. You have to find the time. Like a doctor, have very high finish. Some nurses are not like a particular Obstetrics Gynecology. The rest is good"
พาแม่มาหมอห้องฉุกเฉินรอนานมากหมออายุรกรรมมีคนเดียวแถมท่าทางเหมือนเพิ่งตื่นนอนตรวจคนไข้1คนใช้เวลา1.ชม.แบบนี้จะไหวมั้ยค่ะช่วยเพิ่มคุณหมออายุรกรรมให้หน่อยได้มั้ยค่ะ...ได้โปรด,0,"Take her to the doctor, emergency room wait very long Doctor of Medicine is the only giveaway gestures like just woke auscultation 1 take 1 hour for this to really do it improves your Doctor of Medicine for me right here. Please ..."
เดือนหน้าจะพาลูกไปตรวจหู ส่งตัวจาก รพ.ปกเกล้า จันทบุรี ไม่ทราบว่าที่ รพ.นี้ คุณหมอตรวจหูกันวันไหนบ้างคะ พอดีอยู่ จ.ตราด เดินทางกับที่พักอาจลำบากกลัวจะไปไม่ตรงวันที่ตรวจ จึงขอสอบถามสักนิดนึงค่ะ ขอบคุณค่ะ,1,The next month will take the children to examine ears transported from the hospital Pok Klao not know which hospital your doctor ear that person does not fit in Trat. With accommodation may be difficult afraid to not meet the test. So let's ask a little thank you.
บอกเปลี่ยนระบบใหม่ จะทำให้ดีหรือแย่กว่าเดิม คะ,0,Said switching system To make it better or worse than the original.
เป็นอะไรมากป่าว พวกคนดูแล ไม่อยากเรียกพยาบาล 1. เพื่อนถามลิฟอยู่ไหนคะ นางตอบไม่ว่าง คือระ งง? 2. ย้ายเตียง เหตุผล นางบ่นคนเยอะจริงๆ พี่สวน ก็ญาติเยอะอะคะ นางเงียบเลย 3. เมื่อไหร่เช็ดตัวให้คะ นางตอบญาติอยู่ก็เช็ดเองสิ #บางคน #ไม่รู้เกี่ยวกับจรรยาบรรณรึป่าวหรือนิสัย รู้แล้วว่าเป็นรพ.รัฐ รู้แล้วว่าเป็นรพ.คนจน ถ้าเหนื่อยก่ลาออกไปเลย เก็บกดจากรุ่นพี่ตอนฝึกให้รึป่าว แต่งานบริการควรยิ้มแย้มดูแลอย่างดีไหม *(หน้าอย่าเป็นตูด คำพูดอย่าเป็นตีน)* กะคนแก่นี่ทำพฤติกรรม อิชั้นรับไม่ได้เลย สงสารท่าน ถ้าเพื่อนไม่เกิดเหตุแถวนั้น คงไม่มาราชวิถีหรอกอิอิขอบคุณคะ,0,"What a lot of people just do not care nurse call 1. Where is my friend asked Cliff. It is busy between me? 2. Move the bed complained that people really do not like her cousin's garden was quiet yet 3. When you wipe it. She was wiping his cousin's # # Some people do not know about the code of conduct or habits Pao. Knowing that a hospital State. Know a hospital for the poor. If I go out to hunt them. Suppressed by senior now trained to do it. But the service should do well cared smiling. * (Do not be an ass face Do not say a word paw) * have to do this behavior. It's a pity you do not get the top, if not the scene that row. I'm not coming Rajvithi Thanks."
ช้ามาก คำเดียวเลย,0,"Very slowly, one bite"
ให้ 5 ดาว⭐️⭐️⭐️⭐️⭐️ หมอ สุปรีชา ธนะมัย ศัลยกรรมหัวใจ น่ารักที่สุด ทำตามหน้าที่เต็มท่ี พูดตรง รักษาด้วยความจิงใจคะ รอนานก้อเข้าใจ ก้อคนเยอะอ่าาานะ,1,"The 5-star ️️️️️ pot intuition mule Tana heart surgery cutest dutiful full keeping with the straight talk that's it. Understand the long wait Ah, I think a lot of people"
บริการแย่พูดจาไม่เพราะไม่ค่อยอยากจะบริการูกค้าแม้กระทั่งยามถามว่าตึกเฉลิมพระเกียรติไปทางไหนแม่งนั่งกินผลไม้เฉยห่วงแดกมากจ้างมาทำมัยพนักงานแบบนี้ไล่ออกดิ,0,"Poor service, not because I wanted to speak Riga Meadowbrook Memorial Building trade even when asked to what your mother eats fruit sit idly sit very worried hired a mule employees are fired on."
หมอ พยาบาล ตั้งใจทำงานอย่างเต็มที่บริการดุจญาติมิตร ที่ตึกอายุรกรรมชั้น3 จ๊ะ อนุโมทนาบุญด้วยนะ,1,"Doctors, nurses working as a full-service family. Medicine ward floors 3 to merit it."
นั่งรอยาโรคไตมาตั้งแต่ บ่าย 2 ครึ่ง จนตอนนี้ จะ 4 โมงแระ ยังไม่มีวี่แววจะได้ยา ทำไมหรอยาโรคไตมันเยอะ รอไว้จัดตอน 5 โมงเย็นหรอ แล้วเอาคิวที่ยาน้อย ๆ แซงไปก่อน คนที่พามาเค้าก็ต้องมีธุระ รับลูกเต้าก่อน 4 โมง หลัง 4 โมงไปเค้าก็คิดเงินเพิ่ม ทางรพ.รับผิดชอบมั้ยทำไมไม่ทำตามคิวตั้งแต่แรก ห่วยแตก ถ้าจะจัดแบบนี้เอาใส่กล่องส่งEMS ให้เลยเหอะ ยอมเสียค่ากล่องค่า EMS ด้วย เสียเวลา เสียความรู้สึก ปรับปรุงด้วยนะค่ะ,0,"Waiting for kidney disease since 2 pm to 4 pm Carboniferous half, until now, no sign will be administered. I'm just waiting to medications, kidney disease, it is held at 5 pm, and then took her cue medication to overtake a few people would have brought him engaged. Get receptions before 4 pm After 4 pm, he was going to charge. The hospital is responsible for it, why not follow the cue from the stink if this will be a box to send EMS're not willing to pay the fee by EMS waste time feeling bad. Improve them"
โรงพยาบาลห่วงแตกมากค้ะ วันนี้ดิฉันพาลุงมาหาหมอที่โรงพยาบาลนี้ ถามรปภ. จอดรถได้ตรงไหนบ้าง รปภ.บอกว่าให้จอดที่รพ.เด็กที่อยู่ข้างๆ แต่พอไปก็จอดไม่ได้ แล้วบอกให้ไปจอดแฟล็ชทหารก็ไม่ให้จอด ขับวนไปวนมาหลายรอบ เห็นใจบ้างค้ะ ขอที่จอดรถให้กับผู้ป่วยบ้าง ไม่ใช่ให้แต่หมอ,0,"Hospitals are very worried Today I took my uncle was a doctor at the hospital asked the security guards. Parking at some. Security. Told to park at the hospital where the boy next door. But it is not free. Then told to park the flat punch line was not to park. A loop several times. Sympathetic though Park the car for some patients. But no, doctor"
ดีค่ะ คุณหมอให้รายละเอียดอาการ ตรวจละเอียดดีมากๆ,1,Good doctor detailing symptoms. Make good resolution
คือติดต่อญาติไม่ได้ ให้ประกาศเรียกชื่อให้หน่อย พยาบาลบอกคนเยอะไม่ว่าง งานยุ่ง แค่ให้ประกาศนะคะ ไม่ได้ให้ช่วยเดินหา แค่ประชาสัมพันธ์มันจะเสียเวลาเท่าไหร่กัน,0,"Is not contact relatives The declaration called for me The nurse told me busy, busy work just to proclaim it. Not to walk for help Just release it to lose much time together."
แย่มาก ถามอะไรก็เหวี่ยง มารยาทแย่เรียกหยาบๆเลยคือทราม การพูดการจาของพนักงาน ใช้น้ำเสียงไม่ดีอย่างแรง กับคนอื่นๆด้วยนั่งดูกี่ที่โดนแทบทุกคน,0,Q. What was terrible jerk Bad manners to rough it is immoral. Speaking of public employees The tone is not strong With others by watching a few that caught almost everyone.
ที่นี่เป็นโรงพยาบาลที่ดีที่สุดแห่งหนึ่งของไทย มีผู้ป่วยรอรับบริการมากในแต่ละวัน การทำงานต้องทำตามขั้นตอน #เข้าใจซึ่งกันและกัน,1,This is one of the best hospitals in Thailand. There are many patients waiting for service each day. The work must be done step by step. # Mutual understanding
บุรุษพยาบาล ที่นี้ ดูถูถคนไข้ จัง พูดจา กวนโอ้ย ชื่อ จำไม่ได้ จำได้แต่ นามสกุล พึ่งฉ่ำ ตัวอ้วนๆๆใส่แว่น ระวังให้ดีน่ะคับ,0,"The scrub nurse to see if the patient really stir things I can not remember the name, but the name I remember the juicy stuff like glasses. Take heed me"
ฝากผู้ที่เกี่ยวข้องด้วยครับ ไม่อยากจะบรรยายจริงๆ ไม่เคยเจอที่ไหนแย่เท่านี้แล้วจริงๆครับ #ขีดสุดแห่งโรงบาลรัฐครับ #ถ้าให้0ดาวได้ผมไม่ให้1แน่นอนครับ,0,He was involved with it Can not really describe I never really as bad as this. # Ultimate of the state's hospitals. # 0 stars if I do not have a first course.
คุณภาพต่ำ ไม่ต่างจากโรงฆ่าสัตว์ โกงกินแม้กระทั้งลูกจ้างตาดำๆ ใครลิ้นยาวก็ได้ดี แบบนี้ไงคะโรงบาลถึงไม่พัฒนา ประเทศชาติจงเจริญ,0,Low quality is not different from the slaughterhouse. Tuck even innocent employees. Had a good long tongue Like this hospital do not develop. nation prosper
โทรไปจะขอวันนัดหมอ คือคนรับสายมารยาทแย่มากค่ะ ไม่มีการคุยกันเลยหรือว่ายังไง วางสายใส่ คือต้องการถามวันนัดหมอจะอารมณ์ทำไมคะ พูดดีๆด้วยมารยาทแย่จริงๆ,0,"Call today to ask for a doctor's appointment. The answer is very bad manners. There is talk now that I want to hang up on the appointed day, the doctor asked me why I would. I spoke with really bad manners"
รบกวนฝากให้พิจารณาครับ..คนไข้ที่คุณหมอนัดเวลามารักษากับคนไข้ที่มาทำการรักษาใหม่น่าจะแยกกันนะครับ..หมายถึงคนล่ะคิวคนล่ะแถวเพื่อความรวดเร็วและสะดวกกับคนไข้และแพทย์ที่ทำการรักษาครับ,1,Interference deposit consider it.. Patient at a doctor appointment to treat patients who come to a new treatment to separate them.. Means the right queues were not lining up to speed and ease with patients and doctors treated me.
"ด้วยความเคารพ..ทำไมค่าใช้จ่ายในการคลอดบุตรจึงแพงมาก ทั้งที่เป็นโรงพยาบาลของรัฐฯ พยาบาลแม่บ้านพูดจาไม่ดีเลย..คนไขัยังไม่หายดี ก็พยายามเสือกใสให้กลับเพื่อต้องการเงิน..ใช้คำพูดแย่มาก..ถ้าอยากอยู่ก็ต้องเสียวันละพัน..รพ.ไม่ได้ช่วยคนจนหรือ? ขอผ่อนผันก็ไม่ได้ต้องเอาเงินวางก่อน 10,000 บาท..คนจน 2.000 บาท ยังไม่มีเลย",0,"With all due respect.. Why the cost of childbirth and therefore very expensive. Both hospitals of the state. Hospital housekeepers do not speak well.. The Aka has not recovered. It's tough trying to make clear to need the money.. Terrible for words.. If they want to pay per thousand.. Hospital or do not help the poor? Applicant does not have to take place before 10,000 baht.. Until 2,000 baht to none."
มารอตั้งแต่แปดโมงเช้าตอนนี้จะเที่ยงเเล้วยังไม่ได้ตรวจพยาบาลเวลาถามอะไรทำไมถึงชอบตะคอกกัน เค้าเป็นกันแบบนี้หรอ ห่วยแตกที่สุด,0,"I come from eight am to noon now, I'm not reviewed the nurse asked why I snapped together. It was like this for me The most pathetic"
พยาบาล：เป็นอะไรมา เรา：ตาอักเสบค่ะ （กำลังจะชี้ให้ดู จะเล่าอาการต่อ） พยาบาล: เป็นอะไรมา เรา : นึกในใจ อ้าวไม่ฟังแล้วพูดสวนมา ว่าเป็นอะไรมา คือไร ฟังก่อนมั้ยคะ พยาบาล ถาม ในขณะที่เรากำลังพูด 3-4 รอบ “ชักสีหน้าใส่อีก คือไร งง เราผิดอะไร” เราเลยพูดสวนไปเป็นตุ่ม เนี่ยค่ะ ชี้ให้ดู สรุปจบ ไม่ชอบท่าทางการชักสีหน้าใส่ เราไม่เข้าใจ เค้าอารมณไม่ดีมาจากไหนหรอ บริการรัฐเป็นอย่างนี้ หรอ,0,"Nursing: What it is We have eye inflammation (It was pointed out What are the symptoms) Nursing: What it is our thought in mind, I do not listen, then speak to the garden. That is what I was listening to before I asked my nurse while we're talking around 3-4 ""whip put another face is how do we break anything,"" we say to a little garden, I have pointed to the end of the summary. he does not like to draw your face, we do not understand that emotions do not come from me. This was my state services"
บริการดี ละเอียด รอบคอบ รวดเร็ว Thx นพ.ผดุงรัฐ เฮงเจริญ ครับบบ,1,Thx fast good service carefully. Dr. Heng uphold the state's growth slows.
บริการคนไข้ได้แย้มากค่ะถ้าสบายดีคงไม่ไปหาหมอหรอกนะค่ะไม่อยากรักษาคนไข้ก่อมาตรงๆๆค่ะแล้วก่อลาออกจากการเป็นหมอไปเลยค่ะ คุณแพทย์หญิงกิตติยาพร วิวัชรโกเศศ กูท้องเสียมึงมาว่ากูท้อง กูจะมีลูกได้ไงว่ะผัวกูเปนผู้หญิงและกูไม่ได้ชอบผู้ชาย,0,"Outpatient services are very good if you do not go to the doctor because I did not want the patients to come straight to me, and the resignation of a doctor to do it. Your doctor Kitti French Global Drug Watchara makes me since I came to my stomach, diarrhea. I'm going to have children but my husband and me as women are not like men."
ขอบคุนหมอโสต ศอ นาสิก และทีมแพทย์วิสัญญีมากๆคุณมีฝีมือและเก่งจริงๆ แต่ก็ต้องขอพูดเรื่องนักศึกษาฝึกงานชุดสีชมพูนะคะ อย่าให้เค้าฝึกกับผู้ป่วยที่เคสอาการโคม่าเลยคะเพราะบางอย่างเขายังทำไม่ถูกเลยกลัวว่าถ้าฝึกกับผู้ป่วยที่อาการโคม่าแล้วอาจจะมีปัญหาได้คะ,1,"Thank you doctor, otolaryngology and anesthesia medical team is very skilled and you're really good. But I have to say about my internship pink dress. Do not let him practice with patients, because some cases coma but he also was afraid that if I trained with coma patients, it may be a problem here."
นั่งรอก่อนนะค่ะรอหมอตรวจเอ่อๆกุกะรอรอไปเถอะมาตั่งแต่9โมงเช้าป่านนี้จะบ่าย3ละสัส,0,Sit before my doctor I'm going to wait Kuka waiting since 9 am to 3 pm at McCluskey thus far.
ใช้บริการมาเกือบๆ๒๐ปี รวดเร็ว ทันใจหมอพูดจาน่าฟัง พยาบาลก็ดี สรุปว่าดีครับ,1,"Service for almost 20 years, I talk fast, it concluded that the nurse should listen good."
ห้องตาเจ้าหน้าที่ดูแลดีพูดจาดีมากแนะนำดี,1,A good eye care staff speak very good advice.
ถ้าไม่รู้จักพวกมันๆจะพูดหมาไม่แดกซักคน (ความคิดเห็นที่ได้เจอมา),0,"If not, they will say I'm not ironic. (Comments are met)."
หมอพูดจาแย่มากไปนั่งรอตรวจตั้งนานพอได้ตรวจไล่ให้ไปตรวจที่ รพ. อื่น บอกว่ามันต้องเจาะเลือดแล้วดูสิห้องฉุกเฉินคนไข้เต็มไปหมดมีแต่เลือดจะอวก!!ไม่ตรวจให้ให้ไปตรวจที่อื่น นี่หรือคำพูดคนเป็นหมอ,0,He speaks very badly to sit waiting long enough inspectors out to inspect the hospital say it must draw blood and then look at the emergency ward was filled with blood to puke !! Do not make them go to another. This person was a doctor or a speech.
ผุ้ช่วย!!!!!! พุดจาหมาไม่เเดก กวนตีนสัส!,0,Who helps !!!!!! Gardenia's not my dog's paw bushy McCluskey!
กราบขอบคุณคุณน้าคนนี้ น่ารักมากพูดจาดี ให้คำแนะนำ เค้าบอกว่าโรงพยาบาลรัฐบาลพูดจาแย่ ไม่ใช่ทุกคนนะค่ะ,1,I respectfully thank you for this Very flattering to advise him that the hospital parlance worse. Not all of them
แม่กูไปรอที่ฉุกเฉินตั้งแต่7โมง บ่ายโมงยังไม่เรียก ล้มมาปวดที่ขา อายุ60แล้ว ต้องยังไงถึงจะฉุกเฉิน,0,My mother went to the emergency waiting since 7am. PM has not called Falling leg pain at the age of 60 must also be an emergency.
การให้ติดต่อ023548108ต่อ 2401 แผนกวางแผนครอบครัว ติดต่อมาเป็นเวลาหลายวัน ก็ไม่สามารถเข้าถึง ได้ ไม่ทราบเป็นเพราะเหตุอะไรคะ แผนกนี้ไม่มีเบอร์ประจำแผนกหรืออย่างไรคะ ต้องการข้อมูล ก็ติดต่อไม่ได้ ช่วยตรวจสอบด้วยคะ,0,023548108 to contact the family planning department in 2401. Contact for several days It is accessible not know for what reason it is. This department has a number of departments or do that. information It can not be contacted Help me check
โรงพยาบาลที่นี่ เขาห้ามญาติต่างจังหวัดที่พามารักษาเฝ้าไข้หรอ,1,Hospital here Buddha image style that brought him to the provinces look after my treatment.
คุณหมอนัดมาผ่าตัดหัวเข่า เรียกเก็บค่าผ่า 1000บาท ผ่าเสดแล้วใส่เฝือกอย่างดี เรียกเก็บเพิ่มอีก1800 ค่าเฝือก ไม่มีตังให้ค่าเฝือก แม่งเอ้ย ถอยเฝือกออกเฉยเลย งง นี่มันโรงบาลหลวง หรือโรงบาลรัฐกันแน่,1,"Doctor appointment knee surgery. Charged 1000 baht cut through USAID and splinting well. Charge an additional fee in 1800 to set up a splint splint does your mother retreated Splint Gosh, I just leave it dormant hospital property. Or state hospitals anyway"
เห็นว่าใช้สิทธิ์ประกันสังคมหรือไงครับ คือเพิ่งมาครั้งแรก ไม่รุ้จักทาง ไม่รุ้ขั้นตอนว่าต้องทำยังไง พยาบาลอีกคนให้เอาใบประวัติไปใส่ตระกร้า พออีนังพยาบาลคนนี้มาถามว่า ตรวจรึยัง เราก็บอกว่ายัง มีการว่าเรากลับอีกว่าเอามาใส่ตระกร้าทำไมเป็นบ้าเหรอไง ปากหมาจริงๆ ว่าคนไข้ก็ได้ด้วย รอต้นปีก่อนจะย้ายโรงบาลล่ะ เจอพยาบาลแย่แบบนี้ไม่ไหวนะ,0,"That the right to social security or wrong. Is just the first step does not know that knows the way to do it. Another nurse, took the records to the cart. Paul Enos asked the nurse came to check what we were told to. We are back again, put a basket just like I was crazy reproaching really patient with them. Wait a year before moving to the hospital anyway. I do not care much for this."
คุณหมอเก่งๆ และอุปกรณ์ทางการแพทย์ที่นี่ก็ไม่แพ้ที่อื่น  และขอชื่นชมอ.หมอ ที่ทำให้คนไข้คนนี้ ผ่านช่วงเวลาที่เลวร้ายจากมะเร็งลำไส้ใหญ่มาได้อย่างปลอดภัยและใช้ชีวิตได้อย่างมีความสุข,1,Dr. Atta and other medical equipment that was not lost on others. And the highly appreciated. Doc This makes the patient Through the bad times from colon cancer to live safely and happily.
พยาบาลไม่หน้างอ ถึงคนไข้จะมากเพียงใดก้อยิ้มแย้มเสมอ. หมอก้อดี. เอาใจใส่คนไข้ทุกชนชั้น,1,Nurses do not frown The patient how much he's always smiling. I'm good. There's wards all classes.
พยาบาลในห้องฉุกเฉนบริการแย่มากคะ บางคนก้ดีนะคะ แต่บางคนโวยวาย บอกเหนื่อยย ให้คนไข้ถอดเสื้อผ้าเองงง คือไร หน้าที่บริการเขาทำกันแบบนี้หรอ ไปโรงบาลอื่นไม่เคยเจอแบบนี้ บริการแย่สุดๆ เห้นละอยากตบบอกเลย,0,Hospital emergency rooms average service very good. Some I like better But someone told me frantic with patients undress myself I was not served him well for this too. To another hospital never see this. Poor service deal I wanted to slap activists say.
ตึกอายุรกรรม...บริการห่วยแตกไม่ได้เรื่องต้องการเงินอย่างเดียว ถ้าต้องการเงินยังเดียวทำไมไม่ทำงานเอกชนค่ะ. ถ้าบริการแย่แบบนี้อย่าบริการ โรงพยาบาลนี้. ของรัฐนะค่ะ. ไม่ใช่เอกชนนะค่ะ ทำความเข้าใจใหม่ด้วย ละคัดสรรณ. พยาบาลดีๆหน่อยนะค่ะ เดี่ยวจะเสียชื่อหมด,0,"Medicine ward service stunk ... I do not want money alone. If one has money, why not do private work. If poor service is not available. This hospital. State's me. I was not private. With a new understanding of the selection. Care little. Single infamous timeout"
บริการลิฟต์ห่วยแตกมาก อิเจ้าหน้าที่ในนี่ตัวดี กุรุว่าให้รถเข็นไปก่อนบอกว่าหมอนัด กุก้อหมอนัดตรวจถุงน้ำนัดคิวผ่าตัดเหมือนกัน ไม่ให้กุไปไปก่อน กุต่อแถวขึ้นลิฟต์ตั้งแต่8โมง ตอนนี้8โมง50 กุไม่ได้ให้หมอตรวจเรย ปรับปรุงใหม่บ้างน่ะ,0,"Elevator stunk more Italian authorities in this well Kuru Kingdom that provides wheelchairs to say that doctors appointment. My own doctor appointment appointment queue gallbladder surgery alike. Do not let the sun go Kung line up the elevator from 8 am to 8 pm, now own 50 percent of doctors did not give an Inspector General. Some renovation"
ทำงานล่าช้ามากค่ะ มาตั้งแต่20.00 จนตอนนี้ยังไม่ได้เข้าตรวจเลยค่ะ คือบางคนมาทีหลังก็ได้เข้าแล้วคือไรค่ะ ห่วยแตกมากค่ะ พยาบาลห้องบัตรก็ไม่เต็มใจคือไรค่ะทำงานบริการนะค่ะ ดิฉันก็ทำงานบริการค่ะ แต่ไม่เคยทำสีหน้าแบบนี้กะบคนใช้บริการนะค่ะ ปรับปรุงนะค่ะ มารักษาค่ะไม่ได้มาคุมความประพฤติค่ะ คือช้าไปไหมคนไข้จะไม่ไหวแล้วค่ะอีกแค่2คิวเองค่ะ หายไปเลยค่ะ ไม่ต้องรอเป็นวันเลยหรอค่ะปรับปรุงนะค่ะ คือคนดิฉันก็ไม่ไหวแล้วมั่งค่ะ ทำงานเร็วๆหน่อยค่ะนี่โรงพยาบาลนะค่ะ ทำไรช้าจังเลย คิวก่อนหน้าดิฉัน สองคิวเรียกไปตั้งแต่ 20.15ค่ะตอนนี้ก็หายไปเลยค่ะ นานไปไหมค่ะคือยังไงค่ะช่วยอธิบายหน่อยค่ะไม่ไหวจริงๆค่ะ นี่ยังไม่ได้ตรวจเลยอีก2คิวกว่าจะถึง รอรับยาไม่เที่ยงคืนเลยหรอค่ะ,0,"Very late From 20:00 Until now, have not detected it. Some time later, he is, is not it. Very poor Medical card room was reluctant, however it is offered to me. I was offered it I've never done this expression Huckabee people use it. Improve it I do not treat my probation. Is it possible that the patient will not, then it's just me missing my cue 2 Do not wait for the day I'm here to improve it. I did not think it was me. Recently worked like a hospital to me. Do it slowly Q. Before I Two calls to the queue 20:15 Now it was gone now. It is also possible for me to explain it is not really. This has not yet reviewed more than 2 to queue up. I'm not a drug, not midnight yet."
ต้องรอกี่ชั่วโมงค่ะถึงได้ตรวจ,0,I had to wait several hours to be reviewed.
จากประสบการณ์ที่รักษาโรงพยาบาลนี้อยู่ จะบอกว่าดีมากๆ ดีที่สุดตั้งแต่เข้าโรงพยาบาลมา คือคุณหมอให้ความสำคัญกับคนป่วยทุกราย จดจำได้ ให้กำลังผู้ป่วยและญาติผู้ป่วย ถึงแม้จะเป็นโรงพยาบาลไกลบ้าน แต่การรักษาที่ทันสมัย อุ่นใจมากๆค่ะ,1,The experience of hospital stay. To say good Since entering the hospital. The doctor is so important to all patients who are recognizable to patients and patients' relatives. Even a hospital far from home. But modern treatment Very reassuring
โทรไปเลื่อนนัดตรวจตาไม่มีคนรับสายไม่ตายที่ไหนกันไม่รับสายอ่ะอ่ะอ่ะ,0,Calls to postpone the eye does not call people to die where I do not get it.
ดีครับ คุณหมอให้คำแนะนำดีในการดูแลผู้ป่วย.,1,Good medical advice on patient care.
เราโชคดีได้เจอหมอดี และพยาบาลก็ดีด้วยค่ะ (แผนกORTHO),1,We were lucky to find a good doctor. And nurse it with you (section ORTHO).
รอหมอ ไม่ตรวจสักที เดินๆๆๆๆ เดินไปเดินมา คุยโทรศัพย์ไปๆๆๆเรื่อย รอบก่อนมาตรวจก้อ ถามไม่กี่คำ ที่เหลือนั่งพิมพ์คอม สรุปคือ ต่อคนหมอใช้เวลาเกือบๆๆขั่วโมง แต่วันนี้ หมอเดินคุยไปคุยมา เดิมมา เดินไป นั่งถอดแว่นเช็ด สรุปคือรอมาตั้งแต่เช้า เด่วถ้าเข้าไปตรวจ จะดูซิว่า #ถามกี่คำ คนไข้ก้อแย่ ไม่มีแนะนำไม่มีบอก สรุปจะรักษาเมื่อไหร่ค้าบคุณหมอ เห้ออออออออ แย่.............,0,"Do not wait for the doctor examined me walking around, pacing back and talk telephone any time. Check around before I ask a few words left to type my conclusion is that the doctor who spent almost like hours, but today I came here to talk to his old glasses to wipe off the seat. I was waiting since morning Wonder if the inspector asks to see though how many patients do not have much preferred not to say. The doctor will treat you when trade activists Oshawa, Oshawa worse ............."
วันนี้มาอัลตราซาวตามนัดค่ะ มาตั้งแต่เช้า10.00 น. ออกไปกินข้าวเที่ยง กลับมาจนตอนนี้ 16.30 น. ยังไม่มีการเรียกเข้าไปตรวจเลย คืออะไรค่ะ เจ้าหน้าที่ไม่พอ หรือยังไงคะ เอาจุดอื่นมาช่วยมั้ยคะ คือมันยุ่งยากขนาดที่ให้นั่งรอนานขนาดนี้เลยหรอคะ อยากรู้ขั้นตอนและวิธีการจัดการคิวคะ หงุดหงิดมากเลย ไม่มีเจ้าหน้าที่แจ้งรายละเอียดอะไรเลย เดินหาเจ้าหน้าที่ยังยากเลย คือคนนั่งรอเกือบ 50-60 คน นั่งทำตาปริบๆๆๆรอเรียกแบบไม่มีแบบไม่มีวี่แววว่าวันนี้จะเสร็จเมื่อไหร่ เห็นใจคนไข้บ้างนะคะ,0,Today's ultrasound appointment it. From morning 10.00 am. To eat lunch. Now back until 16:30. There is also a call to check that it is not enough staff or do you have another point to help me here. It is difficult to wait for a long time now I'm here. Want to know how to manage the queue and process them. Very frustrating No official details of anything. I find it difficult to staff I was waiting for almost 50-60 people sitting around waiting for calls made eyes repeatedly without no sign that this will be done when. Some patients feel tired
พยาบาลบริการให้ไม่ดีเลย ญาติอยู่ที่ รพ.จากที่ไม่เป็นไรมากจนตอนนี้นอนไม่มีสติ เพราะพยาบาลไม่ใส่ใจคนไขเลย ตอนนี้จิตสำนึกของความเป็นพยาบาล ความใสใจคนไขหายหมดแล้ว เรื่องการพูดจาก็ไม่ดี มีการชักสีหน้าใส่ญาญเสมอ,0,"Ambulance service is not good relative to hospital from the not so now lying unconscious. Because nursing care is patient yet. Now the consciousness of nursing. The heart, the fever out. The talks went badly Convulsions have foreknowledge always put expression."
ไม่ชอบๆๆๆๆๆๆๆๆๆๆๆๆ,0,Do not like any other other other other other other.
พยาบาลมารยาททุเรศสุดโดยเฉพะอีที่อยู่ตึกอุบัติเหตุฉุกเฉิน ตัวอ้วนๆใส่ชุดสีฟ้า มรายาทแบบรับไม่ได้,0,"Most nursing courtesy shabby, especially the building's emergency. Fat people wearing blue. Siem drug is unacceptable."
"โรงพยาบาลรัฐ หรือโรงพยาบาลเอกชนค่ะ ส่วนเกินทำไมเยอะมากๆๆๆๆๆๆๆๆๆๆๆส่วนต่าง 70,000 บาท ต้องจ่ายก่อนเข้ารับการผ่าตัดด้วยนะค่ะ ถ้าไม่มีตังจ่ายก็ไม่สามารถผ่าตัดได้ เจอกับตัวเองมาแล้วค่ะ ตอนนี้หลานสาวยังไม่ได้ผ่าเลย",0,"A public hospital or a private hospital here. Excess why a lot like any other part of 70,000 baht to be paid prior to surgery with me. If no money can not afford surgery. I myself have been. Now the granddaughter has not been cut yet."
รอตรวจค่อนข้างนานนะคะ แต่คุณหมอตรวจละเอียดและให้คำแนะนำที่ดีมากๆ คุ้มค่าการรอคอยจริงค่ะ,1,Make them wait quite a long time But your doctor and give good advice too. Worth the wait true.
บริการ เป็นที่น่าพอใจ เป็นกำลังใจให้เจ้าหน้าที่ทุกท่านครับ ไม่มีพวกท่าน คนไข้คงจะลำบากมากๆ,1,Service was pleasant All staff are encouraged to do so would be difficult for patients without them.
ให้ 5 ดาว คุณหมอ สุรศักดิ์ เก้าเอี้ยน คะ คุณหมอดูแลครรภ์ดีมาก ตรวจละเอียด อธิบายคนไข้เข้าใจง่าย ขอบคุณหมอมากๆคะ // // เราย้ายจากโรงพยาบาลเอกชนตั้งใจมาตรวจกับคุณหมอโดยตรง ตอนแรกยังไม่ได้พบคุณหมอนั่งคิดแล้วคิดอีกว่าจะไปรักษาที่อื่น พอเจอคุณหมอเราแฮปปี้มากเลยขอเป็นคนไข้ให้คุณหมอดูแล ส่วนเรื่องอื่นขอผ่านไม่วิจารณ์เพราะหลายๆท่านได้พูดไปหมดแล้ว,1,The 5-star Dr Surasak nine Yang was pregnant my doctor to take care of excellent review describing patients simplification. I appreciate very much // // we move from a private hospital intends to check with your doctor directly. I have not found the doctor seated ideas and thoughts that are going to treat another. We are very happy enough to see the doctor asked a patient to medical care. The rest would pass without criticism because many people have spoken out.
พบคุณหมอเพื่อฝากครรภ์ คุณหมอและเจ้าหน้าที่ใจดี เป็นกันเอง เอาใจใส่คนไข้ค่ะ,1,"See your doctor for prenatal care Doctor and patient friendly staff, friendly attentive enough."
ไปคลอด รพ.ราชวิถีเพราะต้องการคลอดธรรมชาติ และเน้นนมแม่ เน้นแม่เข้าเต้า ส่งคลินิคนมแม่ทุกวัน แถมส่งลูกมาให้อยู่กับแม่ 24 ชม.เลย เว้นแต่ถ้าแม่เหนื่อยจริงๆ ก็สามารถฝากไว้กับพยาบาลได้ แต่พยาบาลมีป้อนนมผงให้ลูกเรา ตอนแรกแอบไม่พอใจเลยต้องถาม พยาบาลเลยอธิบายว่า ต้องป้อนแก้วห้ามใช้ขวดกลัวติดจุกเพราะกินน้อยกว่า แต่เค้าบอกว่าการป้อนแก้วที่ถูกวิธีคือทำให้เหมือนแมวกิน ลูกต้องตวัดลิ้นตักขึ้นมา เป็นการฝึกให้ใช้ลิ้นกระตุ้นเต้านม เพราะเรานมมาน้อยถึงน้อยมาก พยาบาลบอกว่าถ้านมน้อยมากจริงๆ ก็ป้อนเสริมดีกว่า เพราะไม่คุ้มที่จะกดกันตัวเอง และอย่าเสี่ยงลูกตัวเหลือง คชจ.ตามหลังอาจหนักกว่า เอาแบบค่อยเป็นค่อยไปดีกว่า (เราก็เลยเครียดน้อยลง เชื่อตามที่พยาบาลแนะนำ) เราถามยี่ห้อนม แต่เค้าบอกเลยว่าบอกไม่ได้ นมผงไหนๆ ก็เหมือนกัน แถมดีสู้นมแม่ไม่ได้ ให้คุณแม่พยายามปั๊มให้ได้ .... ประทับใจที่จรรยาบรรณของบุคลากร และการตอบข้อสงสัย หลังจากออกรพ.ก็ป้อนนมผสม 90% นมแม่ 10% ... โดยนมผงลดลงเรื่อยๆ จนเป็นนมแม่ 100% ใช้เวลาเกือบสองเดือน,1,"The maternity hospital because Rajvithi want a natural birth and breastfeeding focuses on mothers to breast. Send a clinic at People's Daily. Send their children to live with her mother 24 hour except if I'm really tired. It can be deposited with the nurse. But nurses are fed milk for our children. At first, I did not feel I had to ask. He explained that nurses Glass bottles are not allowed to enter the cork stuck because I eat less. But he said the glass entry way is to eat like a cat. I have to quibble lap up. Practice using the tongue to stimulate the breast. Our milk comes to a little bit more. The nurse said that if milk really tiny. It's better feeder accessories It's not good to hold itself together. Do not risk the yellow balls Nha Be District. Follow may be heavier. It incrementally better (It's less stressful. Believes that medical advice), we asked all the milk. But he said that he did not have any milk too good, but I did not breastfeed. The mother tries to pump .... impression that the code of conduct for staff. And answer questions After leaving hospital was fed milk by 10% ... 90% milk powder fell steadily until breastfeeding is 100% spent nearly two months."
พยาบาลและแพทย์ให้บริการดีมาก,1,Hospital and medical services are very good.
ระบบการให้บริการที่แย่มากๆ เจ้าหน้าที่ก็พูดจาเหมือนโดนบังคับให้ตอบคำถาม หลายแผนกคะแต่เจ้าหน้าที่ก็เป็นเหมือนกันเกือบทุกแผนกไม่ว่าจะเป็นห้งจ่ายยารึแม้กระทั่งการเงิน,0,"The service is very bad. Officials also talked like I was forced to answer questions. Several department officials, but it is the same almost every department, be it dry just dispense even financially."
บริการประทับใจ คุณหมอใจดีตอบทุกคำถามที่เราข้องใจ,1,Excellent Service The doctor kindly answered all the questions that concern us.
ตัวเองมีโรคประจำตัวคือเป็น SLE มา20 กว่าปี รักษากับคุณหมอสูงชัย แผนกอายุรกรรมโรคข้อฯ มาเกือบเท่าระยะเวลาที่เป็น คุณหมอเป็นคนใจเย็น สุขุม น่ารัก ใจดีมาก เท่าที่รักษามาเป็นคนไข้ที่เกเรพอควร ไม่ค่อยไปตรงตามนัด คุณหมอก็จะไม่ว่าอะไร (อาจให้สำนึกเอง) ปรึกษาได้ทุกเรื่อง แม้ไม่ใช่โรคที่รักษาอยู่ การลงตรวจโรคในแต่ละครั้ง คนไข้เยอะมาก ถึงเวลาพักเที่ยง คุณหมอไม่เคยทิ้งคนไข้ลุกไปทานข้าว จะตรวจจนหมดคนไข้ ซึ่งแต่ละวัน กว่าคนไข้จะหมดก็ 2 - 3 โมงเย็น บางทีก็เกือบ 4 โมงเย็น คุณหมอถึงจะได้ทานข้าวกลางวัน,1,"SLE is a disease itself has more than 20 years to treat high finish your doctor. Department of Internal Medicine, Rheumatology Almost as long is. The doctor was very kind, lovely, calm poise as a treatment for patients with moderately refractory. He arranged to meet You will not mind. (Perhaps the realization itself) consult on all matters. Even non-disease treatment The examination of each patient, much to the lunch break. You never leave the patient gets to eat. Check out each day to patients than the patients will be 2-3 pm It was nearly 4 pm You will have lunch."
คุณหมอเก่งรักษาดี ดูแลคนไข้อย่างใกล้ชิด พูดเปรียบเทียมตัวยาถึงผมดีผลเสียของยาแต่ละชนิด,1,"Dr. Wally treatment Patients closely I say, comparable to synthetic drugs advantages and disadvantages of each drug."
